[INFO] Scanning for projects...
[INFO] 
[INFO] ------------------------< com.enterprise:ulos >-------------------------
[INFO] Building  0.0.1-SNAPSHOT
[INFO]   from pom.xml
[INFO] --------------------------------[ jar ]---------------------------------
[INFO] 
[INFO] >>> spring-boot:3.3.5:run (default-cli) > test-compile @ ulos >>>
[INFO] 
[INFO] --- resources:3.3.1:resources (default-resources) @ ulos ---
[INFO] Copying 1 resource from src\main\resources to target\classes
[INFO] Copying 1 resource from src\main\resources to target\classes
[INFO] 
[INFO] --- compiler:3.13.0:compile (default-compile) @ ulos ---
[INFO] Nothing to compile - all classes are up to date.
[INFO] 
[INFO] --- resources:3.3.1:testResources (default-testResources) @ ulos ---
[INFO] skip non existing resourceDirectory C:\Users\non-admin\Documents\ulos\src\test\resources
[INFO] 
[INFO] --- compiler:3.13.0:testCompile (default-testCompile) @ ulos ---
[INFO] Nothing to compile - all classes are up to date.
[INFO] 
[INFO] <<< spring-boot:3.3.5:run (default-cli) < test-compile @ ulos <<<
[INFO] 
[INFO] 
[INFO] --- spring-boot:3.3.5:run (default-cli) @ ulos ---
[INFO] Attaching agents: []

  .   ____          _            __ _ _
 /\\ / ___'_ __ _ _(_)_ __  __ _ \ \ \ \
( ( )\___ | '_ | '_| | '_ \/ _` | \ \ \ \
 \\/  ___)| |_)| | | | | || (_| |  ) ) ) )
  '  |____| .__|_| |_|_| |_\__, | / / / /
 =========|_|==============|___/=/_/_/_/

 :: Spring Boot ::                (v3.3.5)

2026-04-10T08:41:38.902+07:00  INFO 14508 --- [ulos] [           main] com.enterprise.ulos.UlosApplication      : Starting UlosApplication using Java 17.0.18 with PID 14508 (C:\Users\non-admin\Documents\ulos\target\classes started by non-admin in C:\Users\non-admin\Documents\ulos)
2026-04-10T08:41:38.927+07:00  INFO 14508 --- [ulos] [           main] com.enterprise.ulos.UlosApplication      : No active profile set, falling back to 1 default profile: "default"
2026-04-10T08:41:38.927+07:00 DEBUG 14508 --- [ulos] [           main] o.s.boot.SpringApplication               : Loading source class com.enterprise.ulos.UlosApplication
2026-04-10T08:41:39.176+07:00 DEBUG 14508 --- [ulos] [           main] ConfigServletWebServerApplicationContext : Refreshing org.springframework.boot.web.servlet.context.AnnotationConfigServletWebServerApplicationContext@18f8cd79
2026-04-10T08:41:42.276+07:00  INFO 14508 --- [ulos] [           main] .s.d.r.c.RepositoryConfigurationDelegate : Bootstrapping Spring Data JPA repositories in DEFAULT mode.
2026-04-10T08:41:42.334+07:00 DEBUG 14508 --- [ulos] [           main] o.s.b.a.AutoConfigurationPackages        : @EnableAutoConfiguration was declared on a class in the package 'com.enterprise.ulos'. Automatic @Repository and @Entity scanning is enabled.
2026-04-10T08:41:42.461+07:00  INFO 14508 --- [ulos] [           main] .s.d.r.c.RepositoryConfigurationDelegate : Finished Spring Data repository scanning in 152 ms. Found 2 JPA repository interfaces.
2026-04-10T08:41:44.043+07:00 DEBUG 14508 --- [ulos] [           main] .s.b.w.e.t.TomcatServletWebServerFactory : Code archive: C:\Users\non-admin\.m2\repository\org\springframework\boot\spring-boot\3.3.5\spring-boot-3.3.5.jar
2026-04-10T08:41:44.043+07:00 DEBUG 14508 --- [ulos] [           main] .s.b.w.e.t.TomcatServletWebServerFactory : Code archive: C:\Users\non-admin\.m2\repository\org\springframework\boot\spring-boot\3.3.5\spring-boot-3.3.5.jar
2026-04-10T08:41:44.043+07:00 DEBUG 14508 --- [ulos] [           main] .s.b.w.e.t.TomcatServletWebServerFactory : None of the document roots [src/main/webapp, public, static] point to a directory and will be ignored.
2026-04-10T08:41:44.103+07:00  INFO 14508 --- [ulos] [           main] o.s.b.w.embedded.tomcat.TomcatWebServer  : Tomcat initialized with port 8080 (http)
2026-04-10T08:41:44.144+07:00  INFO 14508 --- [ulos] [           main] o.apache.catalina.core.StandardService   : Starting service [Tomcat]
2026-04-10T08:41:44.151+07:00  INFO 14508 --- [ulos] [           main] o.apache.catalina.core.StandardEngine    : Starting Servlet engine: [Apache Tomcat/10.1.31]
2026-04-10T08:41:44.418+07:00  INFO 14508 --- [ulos] [           main] o.a.c.c.C.[Tomcat].[localhost].[/]       : Initializing Spring embedded WebApplicationContext
2026-04-10T08:41:44.421+07:00 DEBUG 14508 --- [ulos] [           main] w.s.c.ServletWebServerApplicationContext : Published root WebApplicationContext as ServletContext attribute with name [org.springframework.web.context.WebApplicationContext.ROOT]
2026-04-10T08:41:44.426+07:00  INFO 14508 --- [ulos] [           main] w.s.c.ServletWebServerApplicationContext : Root WebApplicationContext: initialization completed in 5247 ms
2026-04-10T08:41:44.573+07:00  INFO 14508 --- [ulos] [           main] com.zaxxer.hikari.HikariDataSource       : HikariPool-1 - Starting...
2026-04-10T08:41:45.954+07:00  INFO 14508 --- [ulos] [           main] com.zaxxer.hikari.pool.HikariPool        : HikariPool-1 - Added connection conn0: url=jdbc:h2:file:./data/ulosdb user=SA
2026-04-10T08:41:45.957+07:00  INFO 14508 --- [ulos] [           main] com.zaxxer.hikari.HikariDataSource       : HikariPool-1 - Start completed.
2026-04-10T08:41:45.984+07:00  INFO 14508 --- [ulos] [           main] o.s.b.a.h2.H2ConsoleAutoConfiguration    : H2 console available at '/h2-console'. Database available at 'jdbc:h2:file:./data/ulosdb'
2026-04-10T08:41:46.025+07:00 DEBUG 14508 --- [ulos] [           main] o.s.b.w.s.ServletContextInitializerBeans : Mapping filters: characterEncodingFilter urls=[/*] order=-2147483648, formContentFilter urls=[/*] order=-9900, requestContextFilter urls=[/*] order=-105
2026-04-10T08:41:46.025+07:00 DEBUG 14508 --- [ulos] [           main] o.s.b.w.s.ServletContextInitializerBeans : Mapping servlets: dispatcherServlet urls=[/], h2Console urls=[/h2-console/*]
2026-04-10T08:41:46.090+07:00 DEBUG 14508 --- [ulos] [           main] o.s.b.w.s.f.OrderedRequestContextFilter  : Filter 'requestContextFilter' configured for use
2026-04-10T08:41:46.096+07:00 DEBUG 14508 --- [ulos] [           main] s.b.w.s.f.OrderedCharacterEncodingFilter : Filter 'characterEncodingFilter' configured for use
2026-04-10T08:41:46.097+07:00 DEBUG 14508 --- [ulos] [           main] o.s.b.w.s.f.OrderedFormContentFilter     : Filter 'formContentFilter' configured for use
2026-04-10T08:41:46.339+07:00  INFO 14508 --- [ulos] [           main] o.hibernate.jpa.internal.util.LogHelper  : HHH000204: Processing PersistenceUnitInfo [name: default]
2026-04-10T08:41:46.893+07:00  INFO 14508 --- [ulos] [           main] org.hibernate.Version                    : HHH000412: Hibernate ORM core version 6.5.3.Final
2026-04-10T08:41:46.995+07:00  INFO 14508 --- [ulos] [           main] o.h.c.internal.RegionFactoryInitiator    : HHH000026: Second-level cache disabled
2026-04-10T08:41:47.974+07:00  INFO 14508 --- [ulos] [           main] o.s.o.j.p.SpringPersistenceUnitInfo      : No LoadTimeWeaver setup: ignoring JPA class transformer
2026-04-10T08:41:48.276+07:00  WARN 14508 --- [ulos] [           main] org.hibernate.orm.deprecation            : HHH90000025: H2Dialect does not need to be specified explicitly using 'hibernate.dialect' (remove the property setting and it will be selected by default)
2026-04-10T08:41:51.321+07:00  INFO 14508 --- [ulos] [           main] o.h.e.t.j.p.i.JtaPlatformInitiator       : HHH000489: No JTA platform available (set 'hibernate.transaction.jta.platform' to enable JTA platform integration)
2026-04-10T08:41:51.468+07:00  INFO 14508 --- [ulos] [           main] j.LocalContainerEntityManagerFactoryBean : Initialized JPA EntityManagerFactory for persistence unit 'default'
2026-04-10T08:41:51.683+07:00  INFO 14508 --- [ulos] [           main] o.f.s.b.e.EventRegistryAutoConfiguration : No deployment resources were found for autodeployment
2026-04-10T08:41:52.534+07:00  INFO 14508 --- [ulos] [           main] o.f.s.SpringProcessEngineConfiguration   : Found 2 Engine Configurators in total:
2026-04-10T08:41:52.534+07:00  INFO 14508 --- [ulos] [           main] o.f.s.SpringProcessEngineConfiguration   : class org.flowable.eventregistry.spring.configurator.SpringEventRegistryConfigurator (priority:100000)
2026-04-10T08:41:52.534+07:00  INFO 14508 --- [ulos] [           main] o.f.s.SpringProcessEngineConfiguration   : class org.flowable.idm.engine.configurator.IdmEngineConfigurator (priority:150000)
2026-04-10T08:41:52.534+07:00  INFO 14508 --- [ulos] [           main] o.f.s.SpringProcessEngineConfiguration   : Executing beforeInit() of class org.flowable.eventregistry.spring.configurator.SpringEventRegistryConfigurator (priority:100000)
2026-04-10T08:41:52.644+07:00  INFO 14508 --- [ulos] [           main] o.f.s.SpringProcessEngineConfiguration   : Executing beforeInit() of class org.flowable.idm.engine.configurator.IdmEngineConfigurator (priority:150000)
2026-04-10T08:41:55.451+07:00  INFO 14508 --- [ulos] [           main] o.f.s.SpringProcessEngineConfiguration   : Executing configure() of class org.flowable.eventregistry.spring.configurator.SpringEventRegistryConfigurator (priority:100000)
2026-04-10T08:41:55.799+07:00  INFO 14508 --- [ulos] [           main] liquibase.database                       : Set default schema name to PUBLIC
2026-04-10T08:41:57.047+07:00  INFO 14508 --- [ulos] [           main] liquibase.changelog                      : Reading from PUBLIC.FLW_EV_DATABASECHANGELOG
Database is up to date, no changesets to execute
2026-04-10T08:41:57.208+07:00  INFO 14508 --- [ulos] [           main] liquibase.changelog                      : Reading from PUBLIC.FLW_EV_DATABASECHANGELOG

UPDATE SUMMARY
Run:                          0
Previously run:               3
Filtered out:                 0
-------------------------------
Total change sets:            3

2026-04-10T08:41:57.231+07:00  INFO 14508 --- [ulos] [           main] liquibase.util                           : UPDATE SUMMARY
2026-04-10T08:41:57.232+07:00  INFO 14508 --- [ulos] [           main] liquibase.util                           : Run:                          0
2026-04-10T08:41:57.233+07:00  INFO 14508 --- [ulos] [           main] liquibase.util                           : Previously run:               3
2026-04-10T08:41:57.233+07:00  INFO 14508 --- [ulos] [           main] liquibase.util                           : Filtered out:                 0
2026-04-10T08:41:57.233+07:00  INFO 14508 --- [ulos] [           main] liquibase.util                           : -------------------------------
2026-04-10T08:41:57.233+07:00  INFO 14508 --- [ulos] [           main] liquibase.util                           : Total change sets:            3
2026-04-10T08:41:57.235+07:00  INFO 14508 --- [ulos] [           main] liquibase.util                           : Update summary generated
2026-04-10T08:41:57.282+07:00  INFO 14508 --- [ulos] [           main] liquibase.lockservice                    : Successfully released change log lock
2026-04-10T08:41:57.293+07:00  INFO 14508 --- [ulos] [           main] liquibase.command                        : Command execution complete
2026-04-10T08:41:57.299+07:00  INFO 14508 --- [ulos] [           main] o.f.e.impl.EventRegistryEngineImpl       : EventRegistryEngine default created
2026-04-10T08:41:57.300+07:00  INFO 14508 --- [ulos] [           main] o.f.s.SpringProcessEngineConfiguration   : Executing configure() of class org.flowable.idm.engine.configurator.IdmEngineConfigurator (priority:150000)
2026-04-10T08:41:57.336+07:00  INFO 14508 --- [ulos] [           main] o.f.idm.engine.impl.IdmEngineImpl        : IdmEngine default created
2026-04-10T08:41:57.392+07:00  INFO 14508 --- [ulos] [           main] o.f.engine.impl.ProcessEngineImpl        : ProcessEngine default created
2026-04-10T08:41:57.481+07:00  INFO 14508 --- [ulos] [           main] o.f.e.impl.cmd.ValidateV5EntitiesCmd     : Total of v5 deployments found: 0
2026-04-10T08:41:59.277+07:00 DEBUG 14508 --- [ulos] [           main] s.w.s.m.m.a.RequestMappingHandlerMapping : 10 mappings in 'requestMappingHandlerMapping'
2026-04-10T08:41:59.386+07:00 DEBUG 14508 --- [ulos] [           main] o.s.w.s.handler.SimpleUrlHandlerMapping  : Patterns [/webjars/**, /**] in 'resourceHandlerMapping'
2026-04-10T08:41:59.513+07:00 DEBUG 14508 --- [ulos] [           main] s.w.s.m.m.a.RequestMappingHandlerAdapter : ControllerAdvice beans: 0 @ModelAttribute, 0 @InitBinder, 1 RequestBodyAdvice, 1 ResponseBodyAdvice
2026-04-10T08:41:59.697+07:00 DEBUG 14508 --- [ulos] [           main] .m.m.a.ExceptionHandlerExceptionResolver : ControllerAdvice beans: 0 @ExceptionHandler, 1 ResponseBodyAdvice
2026-04-10T08:42:00.201+07:00  INFO 14508 --- [ulos] [           main] o.f.j.s.i.a.AbstractAsyncExecutor        : Starting up the async job executor [org.flowable.spring.job.service.SpringAsyncExecutor] for engine bpmn
2026-04-10T08:42:00.234+07:00  INFO 14508 --- [ulos] [           main] o.f.s.c.DefaultAutoDeploymentStrategy    : Deploying resources [file [C:\Users\non-admin\Documents\ulos\target\classes\processes\loan-approval.bpmn20.xml]] for engine org.flowable.engine.impl.ProcessEngineImpl@19bdfa3e deployment name hint SpringBootAutoDeployment
2026-04-10T08:42:00.237+07:00  INFO 14508 --- [ulos] [       Thread-2] o.f.j.s.i.a.AcquireAsyncJobsDueRunnable  : starting to acquire async jobs due for engine bpmn
2026-04-10T08:42:00.243+07:00  INFO 14508 --- [ulos] [       Thread-3] o.f.j.s.i.a.AcquireTimerJobsRunnable     : starting to acquire async jobs due for engine bpmn
2026-04-10T08:42:00.245+07:00  INFO 14508 --- [ulos] [       Thread-4] o.f.j.s.i.a.ResetExpiredJobsRunnable     : starting to reset expired jobs for engine bpmn
2026-04-10T08:42:01.312+07:00  INFO 14508 --- [ulos] [           main] o.s.b.w.embedded.tomcat.TomcatWebServer  : Tomcat started on port 8080 (http) with context path '/'
2026-04-10T08:42:01.347+07:00 DEBUG 14508 --- [ulos] [           main] .s.b.a.l.ConditionEvaluationReportLogger : 


============================
CONDITIONS EVALUATION REPORT
============================


Positive matches:
-----------------

   AopAutoConfiguration matched:
      - @ConditionalOnProperty (spring.aop.auto=true) matched (OnPropertyCondition)

   AopAutoConfiguration.AspectJAutoProxyingConfiguration matched:
      - @ConditionalOnClass found required class 'org.aspectj.weaver.Advice' (OnClassCondition)

   AopAutoConfiguration.AspectJAutoProxyingConfiguration.CglibAutoProxyConfiguration matched:
      - @ConditionalOnProperty (spring.aop.proxy-target-class=true) matched (OnPropertyCondition)

   ApplicationAvailabilityAutoConfiguration#applicationAvailability matched:
      - @ConditionalOnMissingBean (types: org.springframework.boot.availability.ApplicationAvailability; SearchStrategy: all) did not find any beans (OnBeanCondition)

   DataSourceAutoConfiguration matched:
      - @ConditionalOnClass found required classes 'javax.sql.DataSource', 'org.springframework.jdbc.datasource.embedded.EmbeddedDatabaseType' (OnClassCondition)
      - @ConditionalOnMissingBean (types: io.r2dbc.spi.ConnectionFactory; SearchStrategy: all) did not find any beans (OnBeanCondition)

   DataSourceAutoConfiguration.PooledDataSourceConfiguration matched:
      - AnyNestedCondition 1 matched 1 did not; NestedCondition on DataSourceAutoConfiguration.PooledDataSourceCondition.PooledDataSourceAvailable PooledDataSource found supported DataSource; NestedCondition on DataSourceAutoConfiguration.PooledDataSourceCondition.ExplicitType @ConditionalOnProperty (spring.datasource.type) did not find property 'type' (DataSourceAutoConfiguration.PooledDataSourceCondition)
      - @ConditionalOnMissingBean (types: javax.sql.DataSource,javax.sql.XADataSource; SearchStrategy: all) did not find any beans (OnBeanCondition)

   DataSourceAutoConfiguration.PooledDataSourceConfiguration#jdbcConnectionDetails matched:
      - @ConditionalOnMissingBean (types: org.springframework.boot.autoconfigure.jdbc.JdbcConnectionDetails; SearchStrategy: all) did not find any beans (OnBeanCondition)

   DataSourceConfiguration.Hikari matched:
      - @ConditionalOnClass found required class 'com.zaxxer.hikari.HikariDataSource' (OnClassCondition)
      - @ConditionalOnProperty (spring.datasource.type=com.zaxxer.hikari.HikariDataSource) matched (OnPropertyCondition)
      - @ConditionalOnMissingBean (types: javax.sql.DataSource; SearchStrategy: all) did not find any beans (OnBeanCondition)

   DataSourceInitializationConfiguration matched:
      - @ConditionalOnClass found required class 'org.springframework.jdbc.datasource.init.DatabasePopulator' (OnClassCondition)
      - @ConditionalOnSingleCandidate (types: javax.sql.DataSource; SearchStrategy: all) found a single bean 'dataSource'; @ConditionalOnMissingBean (types: org.springframework.boot.autoconfigure.sql.init.SqlDataSourceScriptDatabaseInitializer,org.springframework.boot.autoconfigure.sql.init.SqlR2dbcScriptDatabaseInitializer; SearchStrategy: all) did not find any beans (OnBeanCondition)

   DataSourceJmxConfiguration matched:
      - @ConditionalOnProperty (spring.jmx.enabled=true) matched (OnPropertyCondition)

   DataSourceJmxConfiguration.Hikari matched:
      - @ConditionalOnClass found required class 'com.zaxxer.hikari.HikariDataSource' (OnClassCondition)
      - @ConditionalOnSingleCandidate (types: javax.sql.DataSource; SearchStrategy: all) found a single bean 'dataSource' (OnBeanCondition)

   DataSourcePoolMetadataProvidersConfiguration.HikariPoolDataSourceMetadataProviderConfiguration matched:
      - @ConditionalOnClass found required class 'com.zaxxer.hikari.HikariDataSource' (OnClassCondition)

   DataSourceTransactionManagerAutoConfiguration matched:
      - @ConditionalOnClass found required classes 'javax.sql.DataSource', 'org.springframework.jdbc.core.JdbcTemplate', 'org.springframework.transaction.TransactionManager' (OnClassCondition)

   DataSourceTransactionManagerAutoConfiguration.JdbcTransactionManagerConfiguration matched:
      - @ConditionalOnSingleCandidate (types: javax.sql.DataSource; SearchStrategy: all) found a single bean 'dataSource' (OnBeanCondition)

   DispatcherServletAutoConfiguration matched:
      - @ConditionalOnClass found required class 'org.springframework.web.servlet.DispatcherServlet' (OnClassCondition)
      - found 'session' scope (OnWebApplicationCondition)

   DispatcherServletAutoConfiguration.DispatcherServletConfiguration matched:
      - @ConditionalOnClass found required class 'jakarta.servlet.ServletRegistration' (OnClassCondition)
      - Default DispatcherServlet did not find dispatcher servlet beans (DispatcherServletAutoConfiguration.DefaultDispatcherServletCondition)

   DispatcherServletAutoConfiguration.DispatcherServletRegistrationConfiguration matched:
      - @ConditionalOnClass found required class 'jakarta.servlet.ServletRegistration' (OnClassCondition)
      - DispatcherServlet Registration did not find servlet registration bean (DispatcherServletAutoConfiguration.DispatcherServletRegistrationCondition)

   DispatcherServletAutoConfiguration.DispatcherServletRegistrationConfiguration#dispatcherServletRegistration matched:
      - @ConditionalOnBean (names: dispatcherServlet types: org.springframework.web.servlet.DispatcherServlet; SearchStrategy: all) found bean 'dispatcherServlet' (OnBeanCondition)

   EmbeddedWebServerFactoryCustomizerAutoConfiguration matched:
      - @ConditionalOnWebApplication (required) found 'session' scope (OnWebApplicationCondition)
      - @ConditionalOnWarDeployment the application is not deployed as a WAR file. (OnWarDeploymentCondition)

   EmbeddedWebServerFactoryCustomizerAutoConfiguration.TomcatWebServerFactoryCustomizerConfiguration matched:
      - @ConditionalOnClass found required classes 'org.apache.catalina.startup.Tomcat', 'org.apache.coyote.UpgradeProtocol' (OnClassCondition)

   ErrorMvcAutoConfiguration matched:
      - @ConditionalOnClass found required classes 'jakarta.servlet.Servlet', 'org.springframework.web.servlet.DispatcherServlet' (OnClassCondition)
      - found 'session' scope (OnWebApplicationCondition)

   ErrorMvcAutoConfiguration#basicErrorController matched:
      - @ConditionalOnMissingBean (types: org.springframework.boot.web.servlet.error.ErrorController; SearchStrategy: current) did not find any beans (OnBeanCondition)

   ErrorMvcAutoConfiguration#errorAttributes matched:
      - @ConditionalOnMissingBean (types: org.springframework.boot.web.servlet.error.ErrorAttributes; SearchStrategy: current) did not find any beans (OnBeanCondition)

   ErrorMvcAutoConfiguration.DefaultErrorViewResolverConfiguration#conventionErrorViewResolver matched:
      - @ConditionalOnBean (types: org.springframework.web.servlet.DispatcherServlet; SearchStrategy: all) found bean 'dispatcherServlet'; @ConditionalOnMissingBean (types: org.springframework.boot.autoconfigure.web.servlet.error.ErrorViewResolver; SearchStrategy: all) did not find any beans (OnBeanCondition)

   ErrorMvcAutoConfiguration.WhitelabelErrorViewConfiguration matched:
      - @ConditionalOnProperty (server.error.whitelabel.enabled) matched (OnPropertyCondition)
      - ErrorTemplate Missing did not find error template view (ErrorMvcAutoConfiguration.ErrorTemplateMissingCondition)

   ErrorMvcAutoConfiguration.WhitelabelErrorViewConfiguration#beanNameViewResolver matched:
      - @ConditionalOnMissingBean (types: org.springframework.web.servlet.view.BeanNameViewResolver; SearchStrategy: all) did not find any beans (OnBeanCondition)

   ErrorMvcAutoConfiguration.WhitelabelErrorViewConfiguration#defaultErrorView matched:
      - @ConditionalOnMissingBean (names: error; SearchStrategy: all) did not find any beans (OnBeanCondition)

   EventRegistryAutoConfiguration matched:
      - @ConditionalOnClass found required classes 'org.flowable.eventregistry.impl.EventRegistryEngine', 'org.flowable.eventregistry.spring.SpringEventRegistryEngineConfiguration' (OnClassCondition)
      - @ConditionalOnProperty (flowable.eventregistry.enabled=true) matched (OnPropertyCondition)

   EventRegistryAutoConfiguration#eventEngineConfiguration matched:
      - @ConditionalOnMissingBean (types: org.flowable.eventregistry.spring.SpringEventRegistryEngineConfiguration; SearchStrategy: all) did not find any beans (OnBeanCondition)

   EventRegistryAutoConfiguration.EventRegistryProcessConfiguration matched:
      - @ConditionalOnBean (types: org.flowable.spring.SpringProcessEngineConfiguration; SearchStrategy: all) found bean 'springProcessEngineConfiguration'; @ConditionalOnMissingBean (types: org.flowable.app.spring.SpringAppEngineConfiguration; SearchStrategy: all) did not find any beans (OnBeanCondition)

   EventRegistryAutoConfiguration.EventRegistryProcessConfiguration#eventEngineConfigurator matched:
      - @ConditionalOnMissingBean (types: org.flowable.eventregistry.impl.configurator.EventRegistryEngineConfigurator; SearchStrategy: all) did not find any beans (OnBeanCondition)

   EventRegistryAutoConfiguration.EventRegistryProcessConfiguration#eventProcessEngineConfigurationConfigurer matched:
      - @ConditionalOnMissingBean (names: eventProcessEngineConfigurationConfigurer; SearchStrategy: all) did not find any beans (OnBeanCondition)

   EventRegistryServicesAutoConfiguration matched:
      - @ConditionalOnClass found required classes 'org.flowable.eventregistry.impl.EventRegistryEngine', 'org.flowable.eventregistry.spring.SpringEventRegistryEngineConfiguration' (OnClassCondition)
      - @ConditionalOnProperty (flowable.eventregistry.enabled=true) matched (OnPropertyCondition)

   EventRegistryServicesAutoConfiguration.AlreadyInitializedEventRegistryConfiguration matched:
      - @ConditionalOnBean (types: org.flowable.engine.ProcessEngine; SearchStrategy: all) found bean 'processEngine'; @ConditionalOnMissingBean (types: org.flowable.eventregistry.impl.EventRegistryEngine,org.flowable.app.engine.AppEngine; SearchStrategy: all) did not find any beans (OnBeanCondition)

   FlowableJobConfiguration#flowableAsyncTaskInvokerTaskExecutor matched:
      - @ConditionalOnMissingBean (names: flowableAsyncTaskInvokerTaskExecutor; SearchStrategy: all) did not find any beans (OnBeanCondition)

   FlowableJpaAutoConfiguration matched:
      - @ConditionalOnClass found required class 'org.flowable.spring.SpringProcessEngineConfiguration' (OnClassCondition)
      - @ConditionalOnBean (types: jakarta.persistence.EntityManagerFactory; SearchStrategy: all) found bean 'entityManagerFactory' (OnBeanCondition)

   FlowableJpaAutoConfiguration#jpaProcessEngineConfigurer matched:
      - @ConditionalOnMissingBean (names: jpaProcessEngineConfigurer; SearchStrategy: all) did not find any beans (OnBeanCondition)

   GenericCacheConfiguration matched:
      - Cache org.springframework.boot.autoconfigure.cache.GenericCacheConfiguration automatic cache type (CacheCondition)

   H2ConsoleAutoConfiguration matched:
      - @ConditionalOnClass found required class 'org.h2.server.web.JakartaWebServlet' (OnClassCondition)
      - found 'session' scope (OnWebApplicationCondition)
      - @ConditionalOnProperty (spring.h2.console.enabled=true) matched (OnPropertyCondition)

   HibernateJpaAutoConfiguration matched:
      - @ConditionalOnClass found required classes 'org.springframework.orm.jpa.LocalContainerEntityManagerFactoryBean', 'jakarta.persistence.EntityManager', 'org.hibernate.engine.spi.SessionImplementor' (OnClassCondition)

   HibernateJpaConfiguration matched:
      - @ConditionalOnSingleCandidate (types: javax.sql.DataSource; SearchStrategy: all) found a single bean 'dataSource' (OnBeanCondition)

   HttpEncodingAutoConfiguration matched:
      - @ConditionalOnClass found required class 'org.springframework.web.filter.CharacterEncodingFilter' (OnClassCondition)
      - found 'session' scope (OnWebApplicationCondition)
      - @ConditionalOnProperty (server.servlet.encoding.enabled) matched (OnPropertyCondition)

   HttpEncodingAutoConfiguration#characterEncodingFilter matched:
      - @ConditionalOnMissingBean (types: org.springframework.web.filter.CharacterEncodingFilter; SearchStrategy: all) did not find any beans (OnBeanCondition)

   HttpMessageConvertersAutoConfiguration matched:
      - @ConditionalOnClass found required class 'org.springframework.http.converter.HttpMessageConverter' (OnClassCondition)
      - NoneNestedConditions 0 matched 1 did not; NestedCondition on HttpMessageConvertersAutoConfiguration.NotReactiveWebApplicationCondition.ReactiveWebApplication did not find reactive web application classes (HttpMessageConvertersAutoConfiguration.NotReactiveWebApplicationCondition)

   HttpMessageConvertersAutoConfiguration#messageConverters matched:
      - @ConditionalOnMissingBean (types: org.springframework.boot.autoconfigure.http.HttpMessageConverters; SearchStrategy: all) did not find any beans (OnBeanCondition)

   HttpMessageConvertersAutoConfiguration.StringHttpMessageConverterConfiguration matched:
      - @ConditionalOnClass found required class 'org.springframework.http.converter.StringHttpMessageConverter' (OnClassCondition)

   HttpMessageConvertersAutoConfiguration.StringHttpMessageConverterConfiguration#stringHttpMessageConverter matched:
      - @ConditionalOnMissingBean (types: org.springframework.http.converter.StringHttpMessageConverter; SearchStrategy: all) did not find any beans (OnBeanCondition)

   JacksonAutoConfiguration matched:
      - @ConditionalOnClass found required class 'com.fasterxml.jackson.databind.ObjectMapper' (OnClassCondition)

   JacksonAutoConfiguration.Jackson2ObjectMapperBuilderCustomizerConfiguration matched:
      - @ConditionalOnClass found required class 'org.springframework.http.converter.json.Jackson2ObjectMapperBuilder' (OnClassCondition)

   JacksonAutoConfiguration.JacksonObjectMapperBuilderConfiguration matched:
      - @ConditionalOnClass found required class 'org.springframework.http.converter.json.Jackson2ObjectMapperBuilder' (OnClassCondition)

   JacksonAutoConfiguration.JacksonObjectMapperBuilderConfiguration#jacksonObjectMapperBuilder matched:
      - @ConditionalOnMissingBean (types: org.springframework.http.converter.json.Jackson2ObjectMapperBuilder; SearchStrategy: all) did not find any beans (OnBeanCondition)

   JacksonAutoConfiguration.JacksonObjectMapperConfiguration matched:
      - @ConditionalOnClass found required class 'org.springframework.http.converter.json.Jackson2ObjectMapperBuilder' (OnClassCondition)

   JacksonAutoConfiguration.JacksonObjectMapperConfiguration#jacksonObjectMapper matched:
      - @ConditionalOnMissingBean (types: com.fasterxml.jackson.databind.ObjectMapper; SearchStrategy: all) did not find any beans (OnBeanCondition)

   JacksonAutoConfiguration.ParameterNamesModuleConfiguration matched:
      - @ConditionalOnClass found required class 'com.fasterxml.jackson.module.paramnames.ParameterNamesModule' (OnClassCondition)

   JacksonAutoConfiguration.ParameterNamesModuleConfiguration#parameterNamesModule matched:
      - @ConditionalOnMissingBean (types: com.fasterxml.jackson.module.paramnames.ParameterNamesModule; SearchStrategy: all) did not find any beans (OnBeanCondition)

   JacksonHttpMessageConvertersConfiguration.MappingJackson2HttpMessageConverterConfiguration matched:
      - @ConditionalOnClass found required class 'com.fasterxml.jackson.databind.ObjectMapper' (OnClassCondition)
      - @ConditionalOnProperty (spring.mvc.converters.preferred-json-mapper=jackson) matched (OnPropertyCondition)
      - @ConditionalOnBean (types: com.fasterxml.jackson.databind.ObjectMapper; SearchStrategy: all) found bean 'jacksonObjectMapper' (OnBeanCondition)

   JacksonHttpMessageConvertersConfiguration.MappingJackson2HttpMessageConverterConfiguration#mappingJackson2HttpMessageConverter matched:
      - @ConditionalOnMissingBean (types: org.springframework.http.converter.json.MappingJackson2HttpMessageConverter ignored: org.springframework.hateoas.server.mvc.TypeConstrainedMappingJackson2HttpMessageConverter,org.springframework.data.rest.webmvc.alps.AlpsJsonHttpMessageConverter; SearchStrategy: all) did not find any beans (OnBeanCondition)

   JdbcClientAutoConfiguration matched:
      - @ConditionalOnSingleCandidate (types: org.springframework.jdbc.core.namedparam.NamedParameterJdbcTemplate; SearchStrategy: all) found a single bean 'namedParameterJdbcTemplate'; @ConditionalOnMissingBean (types: org.springframework.jdbc.core.simple.JdbcClient; SearchStrategy: all) did not find any beans (OnBeanCondition)

   JdbcTemplateAutoConfiguration matched:
      - @ConditionalOnClass found required classes 'javax.sql.DataSource', 'org.springframework.jdbc.core.JdbcTemplate' (OnClassCondition)
      - @ConditionalOnSingleCandidate (types: javax.sql.DataSource; SearchStrategy: all) found a single bean 'dataSource' (OnBeanCondition)

   JdbcTemplateConfiguration matched:
      - @ConditionalOnMissingBean (types: org.springframework.jdbc.core.JdbcOperations; SearchStrategy: all) did not find any beans (OnBeanCondition)

   JpaBaseConfiguration#entityManagerFactory matched:
      - @ConditionalOnMissingBean (types: org.springframework.orm.jpa.LocalContainerEntityManagerFactoryBean,jakarta.persistence.EntityManagerFactory; SearchStrategy: all) did not find any beans (OnBeanCondition)

   JpaBaseConfiguration#entityManagerFactoryBuilder matched:
      - @ConditionalOnMissingBean (types: org.springframework.boot.orm.jpa.EntityManagerFactoryBuilder; SearchStrategy: all) did not find any beans (OnBeanCondition)

   JpaBaseConfiguration#jpaVendorAdapter matched:
      - @ConditionalOnMissingBean (types: org.springframework.orm.jpa.JpaVendorAdapter; SearchStrategy: all) did not find any beans (OnBeanCondition)

   JpaBaseConfiguration#transactionManager matched:
      - @ConditionalOnMissingBean (types: org.springframework.transaction.TransactionManager; SearchStrategy: all) did not find any beans (OnBeanCondition)

   JpaBaseConfiguration.PersistenceManagedTypesConfiguration matched:
      - @ConditionalOnMissingBean (types: org.springframework.orm.jpa.LocalContainerEntityManagerFactoryBean,jakarta.persistence.EntityManagerFactory; SearchStrategy: all) did not find any beans (OnBeanCondition)

   JpaBaseConfiguration.PersistenceManagedTypesConfiguration#persistenceManagedTypes matched:
      - @ConditionalOnMissingBean (types: org.springframework.orm.jpa.persistenceunit.PersistenceManagedTypes; SearchStrategy: all) did not find any beans (OnBeanCondition)

   JpaRepositoriesAutoConfiguration matched:
      - @ConditionalOnClass found required class 'org.springframework.data.jpa.repository.JpaRepository' (OnClassCondition)
      - @ConditionalOnProperty (spring.data.jpa.repositories.enabled=true) matched (OnPropertyCondition)
      - @ConditionalOnBean (types: javax.sql.DataSource; SearchStrategy: all) found bean 'dataSource'; @ConditionalOnMissingBean (types: org.springframework.data.jpa.repository.support.JpaRepositoryFactoryBean,org.springframework.data.jpa.repository.config.JpaRepositoryConfigExtension; SearchStrategy: all) did not find any beans (OnBeanCondition)

   JtaAutoConfiguration matched:
      - @ConditionalOnClass found required class 'jakarta.transaction.Transaction' (OnClassCondition)
      - @ConditionalOnProperty (spring.jta.enabled) matched (OnPropertyCondition)

   LifecycleAutoConfiguration#defaultLifecycleProcessor matched:
      - @ConditionalOnMissingBean (names: lifecycleProcessor; SearchStrategy: current) did not find any beans (OnBeanCondition)

   MultipartAutoConfiguration matched:
      - @ConditionalOnClass found required classes 'jakarta.servlet.Servlet', 'org.springframework.web.multipart.support.StandardServletMultipartResolver', 'jakarta.servlet.MultipartConfigElement' (OnClassCondition)
      - found 'session' scope (OnWebApplicationCondition)
      - @ConditionalOnProperty (spring.servlet.multipart.enabled) matched (OnPropertyCondition)

   MultipartAutoConfiguration#multipartConfigElement matched:
      - @ConditionalOnMissingBean (types: jakarta.servlet.MultipartConfigElement; SearchStrategy: all) did not find any beans (OnBeanCondition)

   MultipartAutoConfiguration#multipartResolver matched:
      - @ConditionalOnMissingBean (types: org.springframework.web.multipart.MultipartResolver; SearchStrategy: all) did not find any beans (OnBeanCondition)

   NamedParameterJdbcTemplateConfiguration matched:
      - @ConditionalOnSingleCandidate (types: org.springframework.jdbc.core.JdbcTemplate; SearchStrategy: all) found a single bean 'jdbcTemplate'; @ConditionalOnMissingBean (types: org.springframework.jdbc.core.namedparam.NamedParameterJdbcOperations; SearchStrategy: all) did not find any beans (OnBeanCondition)

   NoOpCacheConfiguration matched:
      - Cache org.springframework.boot.autoconfigure.cache.NoOpCacheConfiguration automatic cache type (CacheCondition)

   PersistenceExceptionTranslationAutoConfiguration matched:
      - @ConditionalOnClass found required class 'org.springframework.dao.annotation.PersistenceExceptionTranslationPostProcessor' (OnClassCondition)

   PersistenceExceptionTranslationAutoConfiguration#persistenceExceptionTranslationPostProcessor matched:
      - @ConditionalOnProperty (spring.dao.exceptiontranslation.enabled) matched (OnPropertyCondition)
      - @ConditionalOnMissingBean (types: org.springframework.dao.annotation.PersistenceExceptionTranslationPostProcessor; SearchStrategy: all) did not find any beans (OnBeanCondition)

   ProcessEngineAutoConfiguration matched:
      - @ConditionalOnClass found required classes 'org.flowable.engine.ProcessEngine', 'org.flowable.spring.SpringProcessEngineConfiguration' (OnClassCondition)
      - @ConditionalOnProperty (flowable.process.enabled=true) matched (OnPropertyCondition)

   ProcessEngineAutoConfiguration#processAsyncExecutor matched:
      - @ConditionalOnMissingBean (names: processAsyncExecutor; SearchStrategy: all) did not find any beans (OnBeanCondition)

   ProcessEngineAutoConfiguration#springProcessEngineConfiguration matched:
      - @ConditionalOnMissingBean (types: org.flowable.spring.SpringProcessEngineConfiguration; SearchStrategy: all) did not find any beans (OnBeanCondition)

   ProcessEngineServicesAutoConfiguration matched:
      - @ConditionalOnClass found required classes 'org.flowable.engine.ProcessEngine', 'org.flowable.spring.SpringProcessEngineConfiguration' (OnClassCondition)
      - @ConditionalOnProperty (flowable.process.enabled=true) matched (OnPropertyCondition)

   ProcessEngineServicesAutoConfiguration#dynamicBpmnServiceBean matched:
      - @ConditionalOnMissingBean (types: org.flowable.engine.DynamicBpmnService; SearchStrategy: all) did not find any beans (OnBeanCondition)

   ProcessEngineServicesAutoConfiguration#formServiceBean matched:
      - @ConditionalOnMissingBean (types: org.flowable.engine.FormService; SearchStrategy: all) did not find any beans (OnBeanCondition)

   ProcessEngineServicesAutoConfiguration#historyServiceBean matched:
      - @ConditionalOnMissingBean (types: org.flowable.engine.HistoryService; SearchStrategy: all) did not find any beans (OnBeanCondition)

   ProcessEngineServicesAutoConfiguration#identityServiceBean matched:
      - @ConditionalOnMissingBean (types: org.flowable.engine.IdentityService; SearchStrategy: all) did not find any beans (OnBeanCondition)

   ProcessEngineServicesAutoConfiguration#managementServiceBean matched:
      - @ConditionalOnMissingBean (types: org.flowable.engine.ManagementService; SearchStrategy: all) did not find any beans (OnBeanCondition)

   ProcessEngineServicesAutoConfiguration#processInstanceMigrationService matched:
      - @ConditionalOnMissingBean (types: org.flowable.engine.ProcessMigrationService; SearchStrategy: all) did not find any beans (OnBeanCondition)

   ProcessEngineServicesAutoConfiguration#repositoryServiceBean matched:
      - @ConditionalOnMissingBean (types: org.flowable.engine.RepositoryService; SearchStrategy: all) did not find any beans (OnBeanCondition)

   ProcessEngineServicesAutoConfiguration#runtimeServiceBean matched:
      - @ConditionalOnMissingBean (types: org.flowable.engine.RuntimeService; SearchStrategy: all) did not find any beans (OnBeanCondition)

   ProcessEngineServicesAutoConfiguration#taskServiceBean matched:
      - @ConditionalOnMissingBean (types: org.flowable.engine.TaskService; SearchStrategy: all) did not find any beans (OnBeanCondition)

   ProcessEngineServicesAutoConfiguration.StandaloneEngineConfiguration matched:
      - @ConditionalOnMissingBean (types: org.flowable.engine.ProcessEngine,org.flowable.app.engine.AppEngine; SearchStrategy: all) did not find any beans (OnBeanCondition)

   PropertyPlaceholderAutoConfiguration#propertySourcesPlaceholderConfigurer matched:
      - @ConditionalOnMissingBean (types: org.springframework.context.support.PropertySourcesPlaceholderConfigurer; SearchStrategy: current) did not find any beans (OnBeanCondition)

   RestClientAutoConfiguration matched:
      - @ConditionalOnClass found required class 'org.springframework.web.client.RestClient' (OnClassCondition)
      - NoneNestedConditions 0 matched 1 did not; NestedCondition on NotReactiveWebApplicationCondition.ReactiveWebApplication did not find reactive web application classes (NotReactiveWebApplicationCondition)

   RestClientAutoConfiguration#httpMessageConvertersRestClientCustomizer matched:
      - @ConditionalOnMissingBean (types: org.springframework.boot.autoconfigure.web.client.HttpMessageConvertersRestClientCustomizer; SearchStrategy: all) did not find any beans (OnBeanCondition)

   RestClientAutoConfiguration#restClientBuilder matched:
      - @ConditionalOnMissingBean (types: org.springframework.web.client.RestClient$Builder; SearchStrategy: all) did not find any beans (OnBeanCondition)

   RestClientAutoConfiguration#restClientBuilderConfigurer matched:
      - @ConditionalOnMissingBean (types: org.springframework.boot.autoconfigure.web.client.RestClientBuilderConfigurer; SearchStrategy: all) did not find any beans (OnBeanCondition)

   RestClientAutoConfiguration#restClientSsl matched:
      - @ConditionalOnBean (types: org.springframework.boot.ssl.SslBundles; SearchStrategy: all) found bean 'sslBundleRegistry'; @ConditionalOnMissingBean (types: org.springframework.boot.autoconfigure.web.client.RestClientSsl; SearchStrategy: all) did not find any beans (OnBeanCondition)

   RestTemplateAutoConfiguration matched:
      - @ConditionalOnClass found required class 'org.springframework.web.client.RestTemplate' (OnClassCondition)
      - NoneNestedConditions 0 matched 1 did not; NestedCondition on NotReactiveWebApplicationCondition.ReactiveWebApplication did not find reactive web application classes (NotReactiveWebApplicationCondition)

   RestTemplateAutoConfiguration#restTemplateBuilder matched:
      - @ConditionalOnMissingBean (types: org.springframework.boot.web.client.RestTemplateBuilder; SearchStrategy: all) did not find any beans (OnBeanCondition)

   ServletWebServerFactoryAutoConfiguration matched:
      - @ConditionalOnClass found required class 'jakarta.servlet.ServletRequest' (OnClassCondition)
      - found 'session' scope (OnWebApplicationCondition)

   ServletWebServerFactoryAutoConfiguration#tomcatServletWebServerFactoryCustomizer matched:
      - @ConditionalOnClass found required class 'org.apache.catalina.startup.Tomcat' (OnClassCondition)

   ServletWebServerFactoryConfiguration.EmbeddedTomcat matched:
      - @ConditionalOnClass found required classes 'jakarta.servlet.Servlet', 'org.apache.catalina.startup.Tomcat', 'org.apache.coyote.UpgradeProtocol' (OnClassCondition)
      - @ConditionalOnMissingBean (types: org.springframework.boot.web.servlet.server.ServletWebServerFactory; SearchStrategy: current) did not find any beans (OnBeanCondition)

   SimpleCacheConfiguration matched:
      - Cache org.springframework.boot.autoconfigure.cache.SimpleCacheConfiguration automatic cache type (CacheCondition)

   SpringDataWebAutoConfiguration matched:
      - @ConditionalOnClass found required classes 'org.springframework.data.web.PageableHandlerMethodArgumentResolver', 'org.springframework.web.servlet.config.annotation.WebMvcConfigurer' (OnClassCondition)
      - found 'session' scope (OnWebApplicationCondition)
      - @ConditionalOnMissingBean (types: org.springframework.data.web.PageableHandlerMethodArgumentResolver; SearchStrategy: all) did not find any beans (OnBeanCondition)

   SpringDataWebAutoConfiguration#pageableCustomizer matched:
      - @ConditionalOnMissingBean (types: org.springframework.data.web.config.PageableHandlerMethodArgumentResolverCustomizer; SearchStrategy: all) did not find any beans (OnBeanCondition)

   SpringDataWebAutoConfiguration#sortCustomizer matched:
      - @ConditionalOnMissingBean (types: org.springframework.data.web.config.SortHandlerMethodArgumentResolverCustomizer; SearchStrategy: all) did not find any beans (OnBeanCondition)

   SqlInitializationAutoConfiguration matched:
      - @ConditionalOnProperty (spring.sql.init.enabled) matched (OnPropertyCondition)
      - NoneNestedConditions 0 matched 1 did not; NestedCondition on SqlInitializationAutoConfiguration.SqlInitializationModeCondition.ModeIsNever @ConditionalOnProperty (spring.sql.init.mode=never) did not find property 'mode' (SqlInitializationAutoConfiguration.SqlInitializationModeCondition)

   SslAutoConfiguration#sslBundleRegistry matched:
      - @ConditionalOnMissingBean (types: org.springframework.boot.ssl.SslBundleRegistry,org.springframework.boot.ssl.SslBundles; SearchStrategy: all) did not find any beans (OnBeanCondition)

   TaskExecutionAutoConfiguration matched:
      - @ConditionalOnClass found required class 'org.springframework.scheduling.concurrent.ThreadPoolTaskExecutor' (OnClassCondition)

   TaskExecutorConfigurations.SimpleAsyncTaskExecutorBuilderConfiguration#simpleAsyncTaskExecutorBuilder matched:
      - @ConditionalOnMissingBean (types: org.springframework.boot.task.SimpleAsyncTaskExecutorBuilder; SearchStrategy: all) did not find any beans (OnBeanCondition)
      - @ConditionalOnThreading found PLATFORM (OnThreadingCondition)

   TaskExecutorConfigurations.TaskExecutorBuilderConfiguration#taskExecutorBuilder matched:
      - @ConditionalOnMissingBean (types: org.springframework.boot.task.TaskExecutorBuilder; SearchStrategy: all) did not find any beans (OnBeanCondition)

   TaskExecutorConfigurations.TaskExecutorConfiguration matched:
      - @ConditionalOnMissingBean (types: java.util.concurrent.Executor; SearchStrategy: all) did not find any beans (OnBeanCondition)

   TaskExecutorConfigurations.TaskExecutorConfiguration#applicationTaskExecutor matched:
      - @ConditionalOnThreading found PLATFORM (OnThreadingCondition)

   TaskExecutorConfigurations.ThreadPoolTaskExecutorBuilderConfiguration#threadPoolTaskExecutorBuilder matched:
      - @ConditionalOnMissingBean (types: org.springframework.boot.task.TaskExecutorBuilder,org.springframework.boot.task.ThreadPoolTaskExecutorBuilder; SearchStrategy: all) did not find any beans (OnBeanCondition)

   TaskSchedulingAutoConfiguration matched:
      - @ConditionalOnClass found required class 'org.springframework.scheduling.concurrent.ThreadPoolTaskScheduler' (OnClassCondition)

   TaskSchedulingConfigurations.SimpleAsyncTaskSchedulerBuilderConfiguration#simpleAsyncTaskSchedulerBuilder matched:
      - @ConditionalOnMissingBean (types: org.springframework.boot.task.SimpleAsyncTaskSchedulerBuilder; SearchStrategy: all) did not find any beans (OnBeanCondition)
      - @ConditionalOnThreading found PLATFORM (OnThreadingCondition)

   TaskSchedulingConfigurations.TaskSchedulerBuilderConfiguration#taskSchedulerBuilder matched:
      - @ConditionalOnMissingBean (types: org.springframework.boot.task.TaskSchedulerBuilder; SearchStrategy: all) did not find any beans (OnBeanCondition)

   TaskSchedulingConfigurations.ThreadPoolTaskSchedulerBuilderConfiguration#threadPoolTaskSchedulerBuilder matched:
      - @ConditionalOnMissingBean (types: org.springframework.boot.task.TaskSchedulerBuilder,org.springframework.boot.task.ThreadPoolTaskSchedulerBuilder; SearchStrategy: all) did not find any beans (OnBeanCondition)

   TransactionAutoConfiguration matched:
      - @ConditionalOnClass found required class 'org.springframework.transaction.PlatformTransactionManager' (OnClassCondition)

   TransactionAutoConfiguration.EnableTransactionManagementConfiguration matched:
      - @ConditionalOnBean (types: org.springframework.transaction.TransactionManager; SearchStrategy: all) found bean 'transactionManager'; @ConditionalOnMissingBean (types: org.springframework.transaction.annotation.AbstractTransactionManagementConfiguration; SearchStrategy: all) did not find any beans (OnBeanCondition)

   TransactionAutoConfiguration.EnableTransactionManagementConfiguration.CglibAutoProxyConfiguration matched:
      - @ConditionalOnProperty (spring.aop.proxy-target-class=true) matched (OnPropertyCondition)

   TransactionAutoConfiguration.TransactionTemplateConfiguration matched:
      - @ConditionalOnSingleCandidate (types: org.springframework.transaction.PlatformTransactionManager; SearchStrategy: all) found a single bean 'transactionManager' (OnBeanCondition)

   TransactionAutoConfiguration.TransactionTemplateConfiguration#transactionTemplate matched:
      - @ConditionalOnMissingBean (types: org.springframework.transaction.support.TransactionOperations; SearchStrategy: all) did not find any beans (OnBeanCondition)

   TransactionManagerCustomizationAutoConfiguration matched:
      - @ConditionalOnClass found required class 'org.springframework.transaction.PlatformTransactionManager' (OnClassCondition)

   TransactionManagerCustomizationAutoConfiguration#platformTransactionManagerCustomizers matched:
      - @ConditionalOnMissingBean (types: org.springframework.boot.autoconfigure.transaction.TransactionManagerCustomizers; SearchStrategy: all) did not find any beans (OnBeanCondition)

   WebMvcAutoConfiguration matched:
      - @ConditionalOnClass found required classes 'jakarta.servlet.Servlet', 'org.springframework.web.servlet.DispatcherServlet', 'org.springframework.web.servlet.config.annotation.WebMvcConfigurer' (OnClassCondition)
      - found 'session' scope (OnWebApplicationCondition)
      - @ConditionalOnMissingBean (types: org.springframework.web.servlet.config.annotation.WebMvcConfigurationSupport; SearchStrategy: all) did not find any beans (OnBeanCondition)

   WebMvcAutoConfiguration#formContentFilter matched:
      - @ConditionalOnProperty (spring.mvc.formcontent.filter.enabled) matched (OnPropertyCondition)
      - @ConditionalOnMissingBean (types: org.springframework.web.filter.FormContentFilter; SearchStrategy: all) did not find any beans (OnBeanCondition)

   WebMvcAutoConfiguration.EnableWebMvcConfiguration#flashMapManager matched:
      - @ConditionalOnMissingBean (names: flashMapManager; SearchStrategy: all) did not find any beans (OnBeanCondition)

   WebMvcAutoConfiguration.EnableWebMvcConfiguration#localeResolver matched:
      - @ConditionalOnMissingBean (names: localeResolver; SearchStrategy: all) did not find any beans (OnBeanCondition)

   WebMvcAutoConfiguration.EnableWebMvcConfiguration#themeResolver matched:
      - @ConditionalOnMissingBean (names: themeResolver; SearchStrategy: all) did not find any beans (OnBeanCondition)

   WebMvcAutoConfiguration.WebMvcAutoConfigurationAdapter#defaultViewResolver matched:
      - @ConditionalOnMissingBean (types: org.springframework.web.servlet.view.InternalResourceViewResolver; SearchStrategy: all) did not find any beans (OnBeanCondition)

   WebMvcAutoConfiguration.WebMvcAutoConfigurationAdapter#requestContextFilter matched:
      - @ConditionalOnMissingBean (types: org.springframework.web.context.request.RequestContextListener,org.springframework.web.filter.RequestContextFilter; SearchStrategy: all) did not find any beans (OnBeanCondition)

   WebMvcAutoConfiguration.WebMvcAutoConfigurationAdapter#viewResolver matched:
      - @ConditionalOnBean (types: org.springframework.web.servlet.ViewResolver; SearchStrategy: all) found beans 'defaultViewResolver', 'beanNameViewResolver', 'mvcViewResolver'; @ConditionalOnMissingBean (names: viewResolver types: org.springframework.web.servlet.view.ContentNegotiatingViewResolver; SearchStrategy: all) did not find any beans (OnBeanCondition)

   WebSocketServletAutoConfiguration matched:
      - @ConditionalOnClass found required classes 'jakarta.servlet.Servlet', 'jakarta.websocket.server.ServerContainer' (OnClassCondition)
      - found 'session' scope (OnWebApplicationCondition)

   WebSocketServletAutoConfiguration.TomcatWebSocketConfiguration matched:
      - @ConditionalOnClass found required classes 'org.apache.catalina.startup.Tomcat', 'org.apache.tomcat.websocket.server.WsSci' (OnClassCondition)

   WebSocketServletAutoConfiguration.TomcatWebSocketConfiguration#websocketServletWebServerCustomizer matched:
      - @ConditionalOnMissingBean (names: websocketServletWebServerCustomizer; SearchStrategy: all) did not find any beans (OnBeanCondition)


Negative matches:
-----------------

   ActiveMQAutoConfiguration:
      Did not match:
         - @ConditionalOnClass did not find required class 'jakarta.jms.ConnectionFactory' (OnClassCondition)

   AopAutoConfiguration.AspectJAutoProxyingConfiguration.JdkDynamicAutoProxyConfiguration:
      Did not match:
         - @ConditionalOnProperty (spring.aop.proxy-target-class=false) did not find property 'proxy-target-class' (OnPropertyCondition)

   AopAutoConfiguration.ClassProxyingConfiguration:
      Did not match:
         - @ConditionalOnMissingClass found unwanted class 'org.aspectj.weaver.Advice' (OnClassCondition)

   AppEngineAutoConfiguration:
      Did not match:
         - @ConditionalOnClass did not find required classes 'org.flowable.app.engine.AppEngine', 'org.flowable.app.spring.SpringAppEngineConfiguration' (OnClassCondition)

   AppEngineServicesAutoConfiguration:
      Did not match:
         - @ConditionalOnClass did not find required classes 'org.flowable.app.engine.AppEngine', 'org.flowable.app.spring.SpringAppEngineConfiguration' (OnClassCondition)

   ArtemisAutoConfiguration:
      Did not match:
         - @ConditionalOnClass did not find required class 'jakarta.jms.ConnectionFactory' (OnClassCondition)

   BatchAutoConfiguration:
      Did not match:
         - @ConditionalOnClass did not find required class 'org.springframework.batch.core.launch.JobLauncher' (OnClassCondition)

   Cache2kCacheConfiguration:
      Did not match:
         - @ConditionalOnClass did not find required class 'org.cache2k.Cache2kBuilder' (OnClassCondition)

   CacheAutoConfiguration:
      Did not match:
         - @ConditionalOnBean (types: org.springframework.cache.interceptor.CacheAspectSupport; SearchStrategy: all) did not find any beans of type org.springframework.cache.interceptor.CacheAspectSupport (OnBeanCondition)
      Matched:
         - @ConditionalOnClass found required class 'org.springframework.cache.CacheManager' (OnClassCondition)

   CacheAutoConfiguration.CacheManagerEntityManagerFactoryDependsOnPostProcessor:
      Did not match:
         - Ancestor org.springframework.boot.autoconfigure.cache.CacheAutoConfiguration did not match (ConditionEvaluationReport.AncestorsMatchedCondition)
      Matched:
         - @ConditionalOnClass found required class 'org.springframework.orm.jpa.LocalContainerEntityManagerFactoryBean' (OnClassCondition)

   CaffeineCacheConfiguration:
      Did not match:
         - @ConditionalOnClass did not find required class 'com.github.benmanes.caffeine.cache.Caffeine' (OnClassCondition)

   CassandraAutoConfiguration:
      Did not match:
         - @ConditionalOnClass did not find required class 'com.datastax.oss.driver.api.core.CqlSession' (OnClassCondition)

   CassandraDataAutoConfiguration:
      Did not match:
         - @ConditionalOnClass did not find required class 'com.datastax.oss.driver.api.core.CqlSession' (OnClassCondition)

   CassandraReactiveDataAutoConfiguration:
      Did not match:
         - @ConditionalOnClass did not find required class 'com.datastax.oss.driver.api.core.CqlSession' (OnClassCondition)

   CassandraReactiveRepositoriesAutoConfiguration:
      Did not match:
         - @ConditionalOnClass did not find required class 'org.springframework.data.cassandra.ReactiveSession' (OnClassCondition)

   CassandraRepositoriesAutoConfiguration:
      Did not match:
         - @ConditionalOnClass did not find required class 'com.datastax.oss.driver.api.core.CqlSession' (OnClassCondition)

   ClientHttpConnectorAutoConfiguration:
      Did not match:
         - @ConditionalOnClass did not find required class 'org.springframework.web.reactive.function.client.WebClient' (OnClassCondition)

   CmmnEngineAutoConfiguration:
      Did not match:
         - @ConditionalOnClass did not find required classes 'org.flowable.cmmn.engine.CmmnEngine', 'org.flowable.cmmn.spring.SpringCmmnEngineConfiguration' (OnClassCondition)

   CmmnEngineServicesAutoConfiguration:
      Did not match:
         - @ConditionalOnClass did not find required classes 'org.flowable.cmmn.engine.CmmnEngine', 'org.flowable.cmmn.spring.SpringCmmnEngineConfiguration' (OnClassCondition)

   CodecsAutoConfiguration:
      Did not match:
         - @ConditionalOnClass did not find required class 'org.springframework.web.reactive.function.client.WebClient' (OnClassCondition)

   CouchbaseAutoConfiguration:
      Did not match:
         - @ConditionalOnClass did not find required class 'com.couchbase.client.java.Cluster' (OnClassCondition)

   CouchbaseCacheConfiguration:
      Did not match:
         - @ConditionalOnClass did not find required class 'com.couchbase.client.java.Cluster' (OnClassCondition)

   CouchbaseDataAutoConfiguration:
      Did not match:
         - @ConditionalOnClass did not find required class 'com.couchbase.client.java.Bucket' (OnClassCondition)

   CouchbaseReactiveDataAutoConfiguration:
      Did not match:
         - @ConditionalOnClass did not find required class 'com.couchbase.client.java.Cluster' (OnClassCondition)

   CouchbaseReactiveRepositoriesAutoConfiguration:
      Did not match:
         - @ConditionalOnClass did not find required class 'com.couchbase.client.java.Cluster' (OnClassCondition)

   CouchbaseRepositoriesAutoConfiguration:
      Did not match:
         - @ConditionalOnClass did not find required class 'com.couchbase.client.java.Bucket' (OnClassCondition)

   DataSourceAutoConfiguration.EmbeddedDatabaseConfiguration:
      Did not match:
         - EmbeddedDataSource spring.datasource.url is set (DataSourceAutoConfiguration.EmbeddedDatabaseCondition)

   DataSourceCheckpointRestoreConfiguration:
      Did not match:
         - @ConditionalOnClass did not find required class 'org.crac.Resource' (OnClassCondition)

   DataSourceConfiguration.Dbcp2:
      Did not match:
         - @ConditionalOnClass did not find required class 'org.apache.commons.dbcp2.BasicDataSource' (OnClassCondition)

   DataSourceConfiguration.Generic:
      Did not match:
         - @ConditionalOnProperty (spring.datasource.type) did not find property 'spring.datasource.type' (OnPropertyCondition)

   DataSourceConfiguration.OracleUcp:
      Did not match:
         - @ConditionalOnClass did not find required classes 'oracle.ucp.jdbc.PoolDataSourceImpl', 'oracle.jdbc.OracleConnection' (OnClassCondition)

   DataSourceConfiguration.Tomcat:
      Did not match:
         - @ConditionalOnClass did not find required class 'org.apache.tomcat.jdbc.pool.DataSource' (OnClassCondition)

   DataSourceJmxConfiguration.TomcatDataSourceJmxConfiguration:
      Did not match:
         - @ConditionalOnClass did not find required class 'org.apache.tomcat.jdbc.pool.DataSourceProxy' (OnClassCondition)

   DataSourcePoolMetadataProvidersConfiguration.CommonsDbcp2PoolDataSourceMetadataProviderConfiguration:
      Did not match:
         - @ConditionalOnClass did not find required class 'org.apache.commons.dbcp2.BasicDataSource' (OnClassCondition)

   DataSourcePoolMetadataProvidersConfiguration.OracleUcpPoolDataSourceMetadataProviderConfiguration:
      Did not match:
         - @ConditionalOnClass did not find required classes 'oracle.ucp.jdbc.PoolDataSource', 'oracle.jdbc.OracleConnection' (OnClassCondition)

   DataSourcePoolMetadataProvidersConfiguration.TomcatDataSourcePoolMetadataProviderConfiguration:
      Did not match:
         - @ConditionalOnClass did not find required class 'org.apache.tomcat.jdbc.pool.DataSource' (OnClassCondition)

   DataSourceTransactionManagerAutoConfiguration.JdbcTransactionManagerConfiguration#transactionManager:
      Did not match:
         - @ConditionalOnMissingBean (types: org.springframework.transaction.TransactionManager; SearchStrategy: all) found beans of type 'org.springframework.transaction.TransactionManager' transactionManager (OnBeanCondition)

   DispatcherServletAutoConfiguration.DispatcherServletConfiguration#multipartResolver:
      Did not match:
         - @ConditionalOnBean (types: org.springframework.web.multipart.MultipartResolver; SearchStrategy: all) did not find any beans of type org.springframework.web.multipart.MultipartResolver (OnBeanCondition)

   DmnEngineAutoConfiguration:
      Did not match:
         - @ConditionalOnClass did not find required classes 'org.flowable.dmn.engine.DmnEngine', 'org.flowable.dmn.spring.SpringDmnEngineConfiguration' (OnClassCondition)

   DmnEngineServicesAutoConfiguration:
      Did not match:
         - @ConditionalOnClass did not find required classes 'org.flowable.dmn.engine.DmnEngine', 'org.flowable.dmn.spring.SpringDmnEngineConfiguration' (OnClassCondition)

   ElasticsearchClientAutoConfiguration:
      Did not match:
         - @ConditionalOnClass did not find required class 'co.elastic.clients.elasticsearch.ElasticsearchClient' (OnClassCondition)

   ElasticsearchDataAutoConfiguration:
      Did not match:
         - @ConditionalOnClass did not find required class 'org.springframework.data.elasticsearch.client.elc.ElasticsearchTemplate' (OnClassCondition)

   ElasticsearchRepositoriesAutoConfiguration:
      Did not match:
         - @ConditionalOnClass did not find required class 'org.springframework.data.elasticsearch.repository.ElasticsearchRepository' (OnClassCondition)

   ElasticsearchRestClientAutoConfiguration:
      Did not match:
         - @ConditionalOnClass did not find required class 'org.elasticsearch.client.RestClientBuilder' (OnClassCondition)

   EmbeddedLdapAutoConfiguration:
      Did not match:
         - @ConditionalOnClass did not find required class 'com.unboundid.ldap.listener.InMemoryDirectoryServer' (OnClassCondition)

   EmbeddedWebServerFactoryCustomizerAutoConfiguration.JettyWebServerFactoryCustomizerConfiguration:
      Did not match:
         - @ConditionalOnClass did not find required classes 'org.eclipse.jetty.server.Server', 'org.eclipse.jetty.util.Loader', 'org.eclipse.jetty.ee10.webapp.WebAppContext' (OnClassCondition)

   EmbeddedWebServerFactoryCustomizerAutoConfiguration.NettyWebServerFactoryCustomizerConfiguration:
      Did not match:
         - @ConditionalOnClass did not find required class 'reactor.netty.http.server.HttpServer' (OnClassCondition)

   EmbeddedWebServerFactoryCustomizerAutoConfiguration.TomcatWebServerFactoryCustomizerConfiguration#tomcatVirtualThreadsProtocolHandlerCustomizer:
      Did not match:
         - @ConditionalOnThreading did not find VIRTUAL (OnThreadingCondition)

   EmbeddedWebServerFactoryCustomizerAutoConfiguration.UndertowWebServerFactoryCustomizerConfiguration:
      Did not match:
         - @ConditionalOnClass did not find required classes 'io.undertow.Undertow', 'org.xnio.SslClientAuthMode' (OnClassCondition)

   EndpointAutoConfiguration:
      Did not match:
         - @ConditionalOnClass did not find required class 'org.springframework.boot.actuate.endpoint.annotation.Endpoint' (OnClassCondition)

   ErrorWebFluxAutoConfiguration:
      Did not match:
         - @ConditionalOnClass did not find required class 'org.springframework.web.reactive.config.WebFluxConfigurer' (OnClassCondition)

   EventRegistryAutoConfiguration#eventRegistryChangeDetectionExecutor:
      Did not match:
         - @ConditionalOnProperty (flowable.eventregistry.enable-change-detection) did not find property 'enable-change-detection' (OnPropertyCondition)

   EventRegistryAutoConfiguration.EventRegistryAppEngineConfiguration:
      Did not match:
         - @ConditionalOnBean (types: org.flowable.app.spring.SpringAppEngineConfiguration; SearchStrategy: all) did not find any beans of type org.flowable.app.spring.SpringAppEngineConfiguration (OnBeanCondition)

   EventRegistryAutoConfiguration.EventRegistryJmsConfiguration:
      Did not match:
         - @ConditionalOnBean (types: org.springframework.jms.core.JmsOperations; SearchStrategy: all) did not find any beans of type org.springframework.jms.core.JmsOperations (OnBeanCondition)

   EventRegistryAutoConfiguration.EventRegistryKafkaConfiguration:
      Did not match:
         - @ConditionalOnBean (types: org.springframework.kafka.core.KafkaOperations; SearchStrategy: all) did not find any beans of type org.springframework.kafka.core.KafkaOperations (OnBeanCondition)

   EventRegistryAutoConfiguration.EventRegistryRabbitConfiguration:
      Did not match:
         - @ConditionalOnBean (types: org.springframework.amqp.rabbit.core.RabbitOperations; SearchStrategy: all) did not find any beans of type org.springframework.amqp.rabbit.core.RabbitOperations (OnBeanCondition)

   EventRegistryServicesAutoConfiguration.AlreadyInitializedAppEngineConfiguration:
      Did not match:
         - @ConditionalOnBean (types: org.flowable.app.engine.AppEngine; SearchStrategy: all) did not find any beans of type org.flowable.app.engine.AppEngine (OnBeanCondition)

   EventRegistryServicesAutoConfiguration.StandaloneEventRegistryConfiguration:
      Did not match:
         - @ConditionalOnMissingBean (types: org.flowable.eventregistry.impl.EventRegistryEngine,org.flowable.engine.ProcessEngine,org.flowable.app.engine.AppEngine; SearchStrategy: all) found beans of type 'org.flowable.engine.ProcessEngine' processEngine (OnBeanCondition)

   FlowableInfoAutoConfiguration:
      Did not match:
         - @ConditionalOnClass did not find required classes 'org.springframework.boot.actuate.info.InfoContributor', 'org.springframework.boot.actuate.autoconfigure.info.ConditionalOnEnabledInfoContributor' (OnClassCondition)

   FlowableJobConfiguration#taskExecutor:
      Did not match:
         - @ConditionalOnMissingBean (types: org.springframework.core.task.AsyncTaskExecutor; SearchStrategy: all) found beans of type 'org.springframework.core.task.AsyncTaskExecutor' applicationTaskExecutor (OnBeanCondition)

   FlowableLdapAutoConfiguration:
      Did not match:
         - @ConditionalOnClass did not find required classes 'org.flowable.ldap.LDAPConfiguration', 'org.flowable.idm.spring.SpringIdmEngineConfiguration' (OnClassCondition)

   FlowableSecurityAutoConfiguration:
      Did not match:
         - @ConditionalOnClass did not find required classes 'org.springframework.security.authentication.AuthenticationManager', 'org.flowable.spring.security.FlowableUserDetailsService', 'org.springframework.security.config.annotation.authentication.configuration.GlobalAuthenticationConfigurerAdapter' (OnClassCondition)

   FlywayAutoConfiguration:
      Did not match:
         - @ConditionalOnClass did not find required class 'org.flywaydb.core.Flyway' (OnClassCondition)

   FreeMarkerAutoConfiguration:
      Did not match:
         - @ConditionalOnClass did not find required class 'freemarker.template.Configuration' (OnClassCondition)

   GraphQlAutoConfiguration:
      Did not match:
         - @ConditionalOnClass did not find required class 'graphql.GraphQL' (OnClassCondition)

   GraphQlQueryByExampleAutoConfiguration:
      Did not match:
         - @ConditionalOnClass did not find required class 'graphql.GraphQL' (OnClassCondition)

   GraphQlQuerydslAutoConfiguration:
      Did not match:
         - @ConditionalOnClass did not find required class 'com.querydsl.core.Query' (OnClassCondition)

   GraphQlRSocketAutoConfiguration:
      Did not match:
         - @ConditionalOnClass did not find required class 'graphql.GraphQL' (OnClassCondition)

   GraphQlReactiveQueryByExampleAutoConfiguration:
      Did not match:
         - @ConditionalOnClass did not find required class 'graphql.GraphQL' (OnClassCondition)

   GraphQlReactiveQuerydslAutoConfiguration:
      Did not match:
         - @ConditionalOnClass did not find required class 'com.querydsl.core.Query' (OnClassCondition)

   GraphQlWebFluxAutoConfiguration:
      Did not match:
         - @ConditionalOnClass did not find required class 'graphql.GraphQL' (OnClassCondition)

   GraphQlWebFluxSecurityAutoConfiguration:
      Did not match:
         - @ConditionalOnClass did not find required class 'graphql.GraphQL' (OnClassCondition)

   GraphQlWebMvcAutoConfiguration:
      Did not match:
         - @ConditionalOnClass did not find required class 'graphql.GraphQL' (OnClassCondition)

   GraphQlWebMvcSecurityAutoConfiguration:
      Did not match:
         - @ConditionalOnClass did not find required class 'graphql.GraphQL' (OnClassCondition)

   GroovyTemplateAutoConfiguration:
      Did not match:
         - @ConditionalOnClass did not find required class 'groovy.text.markup.MarkupTemplateEngine' (OnClassCondition)

   GsonAutoConfiguration:
      Did not match:
         - @ConditionalOnClass did not find required class 'com.google.gson.Gson' (OnClassCondition)

   GsonHttpMessageConvertersConfiguration:
      Did not match:
         - @ConditionalOnClass did not find required class 'com.google.gson.Gson' (OnClassCondition)

   HazelcastAutoConfiguration:
      Did not match:
         - @ConditionalOnClass did not find required class 'com.hazelcast.core.HazelcastInstance' (OnClassCondition)

   HazelcastCacheConfiguration:
      Did not match:
         - @ConditionalOnClass did not find required class 'com.hazelcast.core.HazelcastInstance' (OnClassCondition)

   HazelcastJpaDependencyAutoConfiguration:
      Did not match:
         - @ConditionalOnClass did not find required class 'com.hazelcast.core.HazelcastInstance' (OnClassCondition)

   HttpHandlerAutoConfiguration:
      Did not match:
         - @ConditionalOnClass did not find required class 'org.springframework.web.reactive.DispatcherHandler' (OnClassCondition)

   HypermediaAutoConfiguration:
      Did not match:
         - @ConditionalOnClass did not find required class 'org.springframework.hateoas.EntityModel' (OnClassCondition)

   IdmEngineAutoConfiguration:
      Did not match:
         - @ConditionalOnClass did not find required class 'org.flowable.idm.spring.SpringIdmEngineConfiguration' (OnClassCondition)

   IdmEngineServicesAutoConfiguration:
      Did not match:
         - @ConditionalOnClass did not find required class 'org.flowable.idm.spring.SpringIdmEngineConfiguration' (OnClassCondition)

   InfinispanCacheConfiguration:
      Did not match:
         - @ConditionalOnClass did not find required class 'org.infinispan.spring.embedded.provider.SpringEmbeddedCacheManager' (OnClassCondition)

   InfluxDbAutoConfiguration:
      Did not match:
         - @ConditionalOnClass did not find required class 'org.influxdb.InfluxDB' (OnClassCondition)

   IntegrationAutoConfiguration:
      Did not match:
         - @ConditionalOnClass did not find required class 'org.springframework.integration.config.EnableIntegration' (OnClassCondition)

   JCacheCacheConfiguration:
      Did not match:
         - @ConditionalOnClass did not find required class 'javax.cache.Caching' (OnClassCondition)

   JacksonHttpMessageConvertersConfiguration.MappingJackson2XmlHttpMessageConverterConfiguration:
      Did not match:
         - @ConditionalOnClass did not find required class 'com.fasterxml.jackson.dataformat.xml.XmlMapper' (OnClassCondition)

   JdbcRepositoriesAutoConfiguration:
      Did not match:
         - @ConditionalOnClass did not find required class 'org.springframework.data.jdbc.repository.config.AbstractJdbcConfiguration' (OnClassCondition)

   JerseyAutoConfiguration:
      Did not match:
         - @ConditionalOnClass did not find required class 'org.glassfish.jersey.server.spring.SpringComponentProvider' (OnClassCondition)

   JmsAutoConfiguration:
      Did not match:
         - @ConditionalOnClass did not find required class 'jakarta.jms.Message' (OnClassCondition)

   JmxAutoConfiguration:
      Did not match:
         - @ConditionalOnProperty (spring.jmx.enabled=true) did not find property 'enabled' (OnPropertyCondition)
      Matched:
         - @ConditionalOnClass found required class 'org.springframework.jmx.export.MBeanExporter' (OnClassCondition)

   JndiConnectionFactoryAutoConfiguration:
      Did not match:
         - @ConditionalOnClass did not find required class 'org.springframework.jms.core.JmsTemplate' (OnClassCondition)

   JndiDataSourceAutoConfiguration:
      Did not match:
         - @ConditionalOnProperty (spring.datasource.jndi-name) did not find property 'jndi-name' (OnPropertyCondition)
      Matched:
         - @ConditionalOnClass found required classes 'javax.sql.DataSource', 'org.springframework.jdbc.datasource.embedded.EmbeddedDatabaseType' (OnClassCondition)

   JndiJtaConfiguration:
      Did not match:
         - @ConditionalOnJndi JNDI environment is not available (OnJndiCondition)
      Matched:
         - @ConditionalOnClass found required class 'org.springframework.transaction.jta.JtaTransactionManager' (OnClassCondition)

   JooqAutoConfiguration:
      Did not match:
         - @ConditionalOnClass did not find required class 'org.jooq.DSLContext' (OnClassCondition)

   JpaBaseConfiguration.JpaWebConfiguration:
      Did not match:
         - @ConditionalOnProperty (spring.jpa.open-in-view=true) found different value in property 'open-in-view' (OnPropertyCondition)
      Matched:
         - @ConditionalOnClass found required class 'org.springframework.web.servlet.config.annotation.WebMvcConfigurer' (OnClassCondition)
         - found 'session' scope (OnWebApplicationCondition)

   JpaRepositoriesAutoConfiguration#entityManagerFactoryBootstrapExecutorCustomizer:
      Did not match:
         - AnyNestedCondition 0 matched 2 did not; NestedCondition on JpaRepositoriesAutoConfiguration.BootstrapExecutorCondition.LazyBootstrapMode @ConditionalOnProperty (spring.data.jpa.repositories.bootstrap-mode=lazy) did not find property 'bootstrap-mode'; NestedCondition on JpaRepositoriesAutoConfiguration.BootstrapExecutorCondition.DeferredBootstrapMode @ConditionalOnProperty (spring.data.jpa.repositories.bootstrap-mode=deferred) did not find property 'bootstrap-mode' (JpaRepositoriesAutoConfiguration.BootstrapExecutorCondition)

   JsonbAutoConfiguration:
      Did not match:
         - @ConditionalOnClass did not find required class 'jakarta.json.bind.Jsonb' (OnClassCondition)

   JsonbHttpMessageConvertersConfiguration:
      Did not match:
         - @ConditionalOnClass did not find required class 'jakarta.json.bind.Jsonb' (OnClassCondition)

   KafkaAutoConfiguration:
      Did not match:
         - @ConditionalOnClass did not find required class 'org.springframework.kafka.core.KafkaTemplate' (OnClassCondition)

   LdapAutoConfiguration:
      Did not match:
         - @ConditionalOnClass did not find required class 'org.springframework.ldap.core.ContextSource' (OnClassCondition)

   LdapRepositoriesAutoConfiguration:
      Did not match:
         - @ConditionalOnClass did not find required class 'org.springframework.data.ldap.repository.LdapRepository' (OnClassCondition)

   LiquibaseAutoConfiguration:
      Did not match:
         - @ConditionalOnProperty (spring.liquibase.enabled) found different value in property 'enabled' (OnPropertyCondition)
      Matched:
         - @ConditionalOnClass found required classes 'liquibase.integration.spring.SpringLiquibase', 'liquibase.change.DatabaseChange' (OnClassCondition)

   MailSenderAutoConfiguration:
      Did not match:
         - @ConditionalOnClass did not find required class 'org.springframework.mail.MailSender' (OnClassCondition)

   MailSenderValidatorAutoConfiguration:
      Did not match:
         - @ConditionalOnSingleCandidate did not find required type 'org.springframework.mail.javamail.JavaMailSenderImpl' (OnBeanCondition)

   MessageSourceAutoConfiguration:
      Did not match:
         - ResourceBundle did not find bundle with basename messages (MessageSourceAutoConfiguration.ResourceBundleCondition)

   MongoAutoConfiguration:
      Did not match:
         - @ConditionalOnClass did not find required class 'com.mongodb.client.MongoClient' (OnClassCondition)

   MongoDataAutoConfiguration:
      Did not match:
         - @ConditionalOnClass did not find required class 'com.mongodb.client.MongoClient' (OnClassCondition)

   MongoReactiveAutoConfiguration:
      Did not match:
         - @ConditionalOnClass did not find required class 'com.mongodb.reactivestreams.client.MongoClient' (OnClassCondition)

   MongoReactiveDataAutoConfiguration:
      Did not match:
         - @ConditionalOnClass did not find required class 'com.mongodb.reactivestreams.client.MongoClient' (OnClassCondition)

   MongoReactiveRepositoriesAutoConfiguration:
      Did not match:
         - @ConditionalOnClass did not find required class 'com.mongodb.reactivestreams.client.MongoClient' (OnClassCondition)

   MongoRepositoriesAutoConfiguration:
      Did not match:
         - @ConditionalOnClass did not find required class 'com.mongodb.client.MongoClient' (OnClassCondition)

   MustacheAutoConfiguration:
      Did not match:
         - @ConditionalOnClass did not find required class 'com.samskivert.mustache.Mustache' (OnClassCondition)

   Neo4jAutoConfiguration:
      Did not match:
         - @ConditionalOnClass did not find required class 'org.neo4j.driver.Driver' (OnClassCondition)

   Neo4jDataAutoConfiguration:
      Did not match:
         - @ConditionalOnClass did not find required class 'org.neo4j.driver.Driver' (OnClassCondition)

   Neo4jReactiveDataAutoConfiguration:
      Did not match:
         - @ConditionalOnClass did not find required class 'org.neo4j.driver.Driver' (OnClassCondition)

   Neo4jReactiveRepositoriesAutoConfiguration:
      Did not match:
         - @ConditionalOnClass did not find required class 'org.neo4j.driver.Driver' (OnClassCondition)

   Neo4jRepositoriesAutoConfiguration:
      Did not match:
         - @ConditionalOnClass did not find required class 'org.neo4j.driver.Driver' (OnClassCondition)

   NettyAutoConfiguration:
      Did not match:
         - @ConditionalOnClass did not find required class 'io.netty.util.NettyRuntime' (OnClassCondition)

   OAuth2AuthorizationServerAutoConfiguration:
      Did not match:
         - @ConditionalOnClass did not find required class 'org.springframework.security.oauth2.server.authorization.OAuth2Authorization' (OnClassCondition)

   OAuth2AuthorizationServerJwtAutoConfiguration:
      Did not match:
         - @ConditionalOnClass did not find required class 'org.springframework.security.oauth2.server.authorization.OAuth2Authorization' (OnClassCondition)

   OAuth2ClientAutoConfiguration:
      Did not match:
         - @ConditionalOnClass did not find required class 'org.springframework.security.config.annotation.web.configuration.EnableWebSecurity' (OnClassCondition)

   OAuth2ResourceServerAutoConfiguration:
      Did not match:
         - @ConditionalOnClass did not find required class 'org.springframework.security.oauth2.server.resource.authentication.BearerTokenAuthenticationToken' (OnClassCondition)

   ProcessEngineAutoConfiguration#asyncHistoryExecutor:
      Did not match:
         - @ConditionalOnProperty (flowable.process.async-history.enable) did not find property 'async-history.enable' (OnPropertyCondition)

   ProcessEngineAutoConfiguration#processAsyncHistoryExecutorConfiguration:
      Did not match:
         - @ConditionalOnProperty (flowable.process.async-history.enable) did not find property 'async-history.enable' (OnPropertyCondition)

   ProcessEngineAutoConfiguration.ProcessEngineAppConfiguration:
      Did not match:
         - @ConditionalOnBean (types: org.flowable.app.spring.SpringAppEngineConfiguration; SearchStrategy: all) did not find any beans of type org.flowable.app.spring.SpringAppEngineConfiguration (OnBeanCondition)

   ProcessEngineServicesAutoConfiguration.AlreadyInitializedAppEngineConfiguration:
      Did not match:
         - @ConditionalOnBean (types: org.flowable.app.engine.AppEngine; SearchStrategy: all) did not find any beans of type org.flowable.app.engine.AppEngine (OnBeanCondition)

   ProjectInfoAutoConfiguration#buildProperties:
      Did not match:
         - @ConditionalOnResource did not find resource '${spring.info.build.location:classpath:META-INF/build-info.properties}' (OnResourceCondition)

   ProjectInfoAutoConfiguration#gitProperties:
      Did not match:
         - GitResource did not find git info at classpath:git.properties (ProjectInfoAutoConfiguration.GitResourceAvailableCondition)

   PulsarAutoConfiguration:
      Did not match:
         - @ConditionalOnClass did not find required class 'org.apache.pulsar.client.api.PulsarClient' (OnClassCondition)

   PulsarReactiveAutoConfiguration:
      Did not match:
         - @ConditionalOnClass did not find required class 'org.apache.pulsar.client.api.PulsarClient' (OnClassCondition)

   QuartzAutoConfiguration:
      Did not match:
         - @ConditionalOnClass did not find required class 'org.quartz.Scheduler' (OnClassCondition)

   R2dbcAutoConfiguration:
      Did not match:
         - @ConditionalOnClass did not find required class 'io.r2dbc.spi.ConnectionFactory' (OnClassCondition)

   R2dbcDataAutoConfiguration:
      Did not match:
         - @ConditionalOnClass did not find required class 'org.springframework.data.r2dbc.core.R2dbcEntityTemplate' (OnClassCondition)

   R2dbcInitializationConfiguration:
      Did not match:
         - @ConditionalOnClass did not find required classes 'io.r2dbc.spi.ConnectionFactory', 'org.springframework.r2dbc.connection.init.DatabasePopulator' (OnClassCondition)

   R2dbcRepositoriesAutoConfiguration:
      Did not match:
         - @ConditionalOnClass did not find required class 'io.r2dbc.spi.ConnectionFactory' (OnClassCondition)

   R2dbcTransactionManagerAutoConfiguration:
      Did not match:
         - @ConditionalOnClass did not find required class 'org.springframework.r2dbc.connection.R2dbcTransactionManager' (OnClassCondition)

   RSocketGraphQlClientAutoConfiguration:
      Did not match:
         - @ConditionalOnClass did not find required class 'graphql.GraphQL' (OnClassCondition)

   RSocketMessagingAutoConfiguration:
      Did not match:
         - @ConditionalOnClass did not find required class 'io.rsocket.RSocket' (OnClassCondition)

   RSocketRequesterAutoConfiguration:
      Did not match:
         - @ConditionalOnClass did not find required class 'io.rsocket.RSocket' (OnClassCondition)

   RSocketSecurityAutoConfiguration:
      Did not match:
         - @ConditionalOnClass did not find required class 'org.springframework.security.rsocket.core.SecuritySocketAcceptorInterceptor' (OnClassCondition)

   RSocketServerAutoConfiguration:
      Did not match:
         - @ConditionalOnClass did not find required class 'io.rsocket.core.RSocketServer' (OnClassCondition)

   RSocketStrategiesAutoConfiguration:
      Did not match:
         - @ConditionalOnClass did not find required class 'io.netty.buffer.PooledByteBufAllocator' (OnClassCondition)

   RabbitAutoConfiguration:
      Did not match:
         - @ConditionalOnClass did not find required class 'com.rabbitmq.client.Channel' (OnClassCondition)

   ReactiveElasticsearchClientAutoConfiguration:
      Did not match:
         - @ConditionalOnClass did not find required class 'co.elastic.clients.transport.ElasticsearchTransport' (OnClassCondition)

   ReactiveElasticsearchRepositoriesAutoConfiguration:
      Did not match:
         - @ConditionalOnClass did not find required class 'reactor.core.publisher.Mono' (OnClassCondition)

   ReactiveMultipartAutoConfiguration:
      Did not match:
         - @ConditionalOnClass did not find required class 'org.springframework.web.reactive.config.WebFluxConfigurer' (OnClassCondition)

   ReactiveOAuth2ClientAutoConfiguration:
      Did not match:
         - @ConditionalOnClass did not find required class 'reactor.core.publisher.Flux' (OnClassCondition)

   ReactiveOAuth2ResourceServerAutoConfiguration:
      Did not match:
         - @ConditionalOnClass did not find required class 'org.springframework.security.config.annotation.web.reactive.EnableWebFluxSecurity' (OnClassCondition)

   ReactiveSecurityAutoConfiguration:
      Did not match:
         - @ConditionalOnClass did not find required class 'reactor.core.publisher.Flux' (OnClassCondition)

   ReactiveUserDetailsServiceAutoConfiguration:
      Did not match:
         - @ConditionalOnClass did not find required class 'org.springframework.security.authentication.ReactiveAuthenticationManager' (OnClassCondition)

   ReactiveWebServerFactoryAutoConfiguration:
      Did not match:
         - @ConditionalOnWebApplication did not find reactive web application classes (OnWebApplicationCondition)

   ReactorAutoConfiguration:
      Did not match:
         - @ConditionalOnClass did not find required class 'reactor.core.publisher.Hooks' (OnClassCondition)

   RedisAutoConfiguration:
      Did not match:
         - @ConditionalOnClass did not find required class 'org.springframework.data.redis.core.RedisOperations' (OnClassCondition)

   RedisCacheConfiguration:
      Did not match:
         - @ConditionalOnClass did not find required class 'org.springframework.data.redis.connection.RedisConnectionFactory' (OnClassCondition)

   RedisReactiveAutoConfiguration:
      Did not match:
         - @ConditionalOnClass did not find required class 'reactor.core.publisher.Flux' (OnClassCondition)

   RedisRepositoriesAutoConfiguration:
      Did not match:
         - @ConditionalOnClass did not find required class 'org.springframework.data.redis.repository.configuration.EnableRedisRepositories' (OnClassCondition)

   RepositoryRestMvcAutoConfiguration:
      Did not match:
         - @ConditionalOnClass did not find required class 'org.springframework.data.rest.webmvc.config.RepositoryRestMvcConfiguration' (OnClassCondition)

   RestApiAutoConfiguration:
      Did not match:
         - @ConditionalOnClass did not find required class 'org.flowable.common.rest.resolver.ContentTypeResolver' (OnClassCondition)

   Saml2RelyingPartyAutoConfiguration:
      Did not match:
         - @ConditionalOnClass did not find required class 'org.springframework.security.saml2.provider.service.registration.RelyingPartyRegistrationRepository' (OnClassCondition)

   SecurityAutoConfiguration:
      Did not match:
         - @ConditionalOnClass did not find required class 'org.springframework.security.authentication.DefaultAuthenticationEventPublisher' (OnClassCondition)

   SecurityFilterAutoConfiguration:
      Did not match:
         - @ConditionalOnClass did not find required class 'org.springframework.security.config.http.SessionCreationPolicy' (OnClassCondition)

   SendGridAutoConfiguration:
      Did not match:
         - @ConditionalOnClass did not find required class 'com.sendgrid.SendGrid' (OnClassCondition)

   ServletWebServerFactoryAutoConfiguration.ForwardedHeaderFilterConfiguration:
      Did not match:
         - @ConditionalOnProperty (server.forward-headers-strategy=framework) did not find property 'server.forward-headers-strategy' (OnPropertyCondition)

   ServletWebServerFactoryConfiguration.EmbeddedJetty:
      Did not match:
         - @ConditionalOnClass did not find required classes 'org.eclipse.jetty.server.Server', 'org.eclipse.jetty.util.Loader', 'org.eclipse.jetty.ee10.webapp.WebAppContext' (OnClassCondition)

   ServletWebServerFactoryConfiguration.EmbeddedUndertow:
      Did not match:
         - @ConditionalOnClass did not find required classes 'io.undertow.Undertow', 'org.xnio.SslClientAuthMode' (OnClassCondition)

   SessionAutoConfiguration:
      Did not match:
         - @ConditionalOnClass did not find required class 'org.springframework.session.Session' (OnClassCondition)

   SpringApplicationAdminJmxAutoConfiguration:
      Did not match:
         - @ConditionalOnProperty (spring.application.admin.enabled=true) did not find property 'enabled' (OnPropertyCondition)

   TaskExecutorConfigurations.SimpleAsyncTaskExecutorBuilderConfiguration#simpleAsyncTaskExecutorBuilderVirtualThreads:
      Did not match:
         - @ConditionalOnMissingBean (types: org.springframework.boot.task.SimpleAsyncTaskExecutorBuilder; SearchStrategy: all) found beans of type 'org.springframework.boot.task.SimpleAsyncTaskExecutorBuilder' simpleAsyncTaskExecutorBuilder (OnBeanCondition)

   TaskExecutorConfigurations.TaskExecutorConfiguration#applicationTaskExecutorVirtualThreads:
      Did not match:
         - @ConditionalOnThreading did not find VIRTUAL (OnThreadingCondition)

   TaskSchedulingAutoConfiguration#scheduledBeanLazyInitializationExcludeFilter:
      Did not match:
         - @ConditionalOnBean (names: org.springframework.context.annotation.internalScheduledAnnotationProcessor; SearchStrategy: all) did not find any beans named org.springframework.context.annotation.internalScheduledAnnotationProcessor (OnBeanCondition)

   TaskSchedulingConfigurations.SimpleAsyncTaskSchedulerBuilderConfiguration#simpleAsyncTaskSchedulerBuilderVirtualThreads:
      Did not match:
         - @ConditionalOnMissingBean (types: org.springframework.boot.task.SimpleAsyncTaskSchedulerBuilder; SearchStrategy: all) found beans of type 'org.springframework.boot.task.SimpleAsyncTaskSchedulerBuilder' simpleAsyncTaskSchedulerBuilder (OnBeanCondition)

   TaskSchedulingConfigurations.TaskSchedulerConfiguration:
      Did not match:
         - @ConditionalOnBean (names: org.springframework.context.annotation.internalScheduledAnnotationProcessor; SearchStrategy: all) did not find any beans named org.springframework.context.annotation.internalScheduledAnnotationProcessor (OnBeanCondition)

   ThymeleafAutoConfiguration:
      Did not match:
         - @ConditionalOnClass did not find required class 'org.thymeleaf.spring6.SpringTemplateEngine' (OnClassCondition)

   TransactionAutoConfiguration#transactionalOperator:
      Did not match:
         - @ConditionalOnSingleCandidate (types: org.springframework.transaction.ReactiveTransactionManager; SearchStrategy: all) did not find any beans (OnBeanCondition)

   TransactionAutoConfiguration.AspectJTransactionManagementConfiguration:
      Did not match:
         - @ConditionalOnBean (types: org.springframework.transaction.aspectj.AbstractTransactionAspect; SearchStrategy: all) did not find any beans of type org.springframework.transaction.aspectj.AbstractTransactionAspect (OnBeanCondition)

   TransactionAutoConfiguration.EnableTransactionManagementConfiguration.JdkDynamicAutoProxyConfiguration:
      Did not match:
         - @ConditionalOnProperty (spring.aop.proxy-target-class=false) did not find property 'proxy-target-class' (OnPropertyCondition)

   UserDetailsServiceAutoConfiguration:
      Did not match:
         - @ConditionalOnClass did not find required class 'org.springframework.security.authentication.AuthenticationManager' (OnClassCondition)

   ValidationAutoConfiguration:
      Did not match:
         - @ConditionalOnClass did not find required class 'jakarta.validation.executable.ExecutableValidator' (OnClassCondition)

   WebClientAutoConfiguration:
      Did not match:
         - @ConditionalOnClass did not find required class 'org.springframework.web.reactive.function.client.WebClient' (OnClassCondition)

   WebFluxAutoConfiguration:
      Did not match:
         - @ConditionalOnClass did not find required class 'org.springframework.web.reactive.config.WebFluxConfigurer' (OnClassCondition)

   WebMvcAutoConfiguration#hiddenHttpMethodFilter:
      Did not match:
         - @ConditionalOnProperty (spring.mvc.hiddenmethod.filter.enabled) did not find property 'enabled' (OnPropertyCondition)

   WebMvcAutoConfiguration.ProblemDetailsErrorHandlingConfiguration:
      Did not match:
         - @ConditionalOnProperty (spring.mvc.problemdetails.enabled=true) did not find property 'enabled' (OnPropertyCondition)

   WebMvcAutoConfiguration.ResourceChainCustomizerConfiguration:
      Did not match:
         - @ConditionalOnEnabledResourceChain did not find class org.webjars.WebJarAssetLocator (OnEnabledResourceChainCondition)

   WebMvcAutoConfiguration.WebMvcAutoConfigurationAdapter#beanNameViewResolver:
      Did not match:
         - @ConditionalOnMissingBean (types: org.springframework.web.servlet.view.BeanNameViewResolver; SearchStrategy: all) found beans of type 'org.springframework.web.servlet.view.BeanNameViewResolver' beanNameViewResolver (OnBeanCondition)

   WebServiceTemplateAutoConfiguration:
      Did not match:
         - @ConditionalOnClass did not find required class 'org.springframework.oxm.Marshaller' (OnClassCondition)

   WebServicesAutoConfiguration:
      Did not match:
         - @ConditionalOnClass did not find required class 'org.springframework.ws.transport.http.MessageDispatcherServlet' (OnClassCondition)

   WebSessionIdResolverAutoConfiguration:
      Did not match:
         - @ConditionalOnClass did not find required class 'reactor.core.publisher.Mono' (OnClassCondition)

   WebSocketMessagingAutoConfiguration:
      Did not match:
         - @ConditionalOnClass did not find required class 'org.springframework.web.socket.config.annotation.WebSocketMessageBrokerConfigurer' (OnClassCondition)

   WebSocketReactiveAutoConfiguration:
      Did not match:
         - @ConditionalOnWebApplication did not find reactive web application classes (OnWebApplicationCondition)

   WebSocketServletAutoConfiguration.JettyWebSocketConfiguration:
      Did not match:
         - @ConditionalOnClass did not find required class 'org.eclipse.jetty.ee10.websocket.jakarta.server.config.JakartaWebSocketServletContainerInitializer' (OnClassCondition)

   WebSocketServletAutoConfiguration.UndertowWebSocketConfiguration:
      Did not match:
         - @ConditionalOnClass did not find required class 'io.undertow.websockets.jsr.Bootstrap' (OnClassCondition)

   XADataSourceAutoConfiguration:
      Did not match:
         - @ConditionalOnBean (types: org.springframework.boot.jdbc.XADataSourceWrapper; SearchStrategy: all) did not find any beans of type org.springframework.boot.jdbc.XADataSourceWrapper (OnBeanCondition)
      Matched:
         - @ConditionalOnClass found required classes 'javax.sql.DataSource', 'jakarta.transaction.TransactionManager', 'org.springframework.jdbc.datasource.embedded.EmbeddedDatabaseType' (OnClassCondition)


Exclusions:
-----------

    None


Unconditional classes:
----------------------

    org.springframework.boot.autoconfigure.context.ConfigurationPropertiesAutoConfiguration

    org.springframework.boot.autoconfigure.ssl.SslAutoConfiguration

    org.springframework.boot.autoconfigure.context.PropertyPlaceholderAutoConfiguration

    org.springframework.boot.autoconfigure.context.LifecycleAutoConfiguration

    org.springframework.boot.autoconfigure.availability.ApplicationAvailabilityAutoConfiguration

    org.springframework.boot.autoconfigure.info.ProjectInfoAutoConfiguration



2026-04-10T08:42:01.352+07:00  INFO 14508 --- [ulos] [           main] com.enterprise.ulos.UlosApplication      : Started UlosApplication in 24.284 seconds (process running for 27.064)
2026-04-10T08:42:01.353+07:00 DEBUG 14508 --- [ulos] [           main] o.s.b.a.ApplicationAvailabilityBean      : Application availability state LivenessState changed to CORRECT
2026-04-10T08:42:01.359+07:00 DEBUG 14508 --- [ulos] [           main] o.s.b.a.ApplicationAvailabilityBean      : Application availability state ReadinessState changed to ACCEPTING_TRAFFIC
2026-04-10T08:42:01.590+07:00  INFO 14508 --- [ulos] [nio-8080-exec-1] o.a.c.c.C.[Tomcat].[localhost].[/]       : Initializing Spring DispatcherServlet 'dispatcherServlet'
2026-04-10T08:42:01.591+07:00  INFO 14508 --- [ulos] [nio-8080-exec-1] o.s.web.servlet.DispatcherServlet        : Initializing Servlet 'dispatcherServlet'
2026-04-10T08:42:01.592+07:00 DEBUG 14508 --- [ulos] [nio-8080-exec-1] o.s.web.servlet.DispatcherServlet        : Detected StandardServletMultipartResolver
2026-04-10T08:42:01.592+07:00 DEBUG 14508 --- [ulos] [nio-8080-exec-1] o.s.web.servlet.DispatcherServlet        : Detected AcceptHeaderLocaleResolver
2026-04-10T08:42:01.592+07:00 DEBUG 14508 --- [ulos] [nio-8080-exec-1] o.s.web.servlet.DispatcherServlet        : Detected FixedThemeResolver
2026-04-10T08:42:01.594+07:00 DEBUG 14508 --- [ulos] [nio-8080-exec-1] o.s.web.servlet.DispatcherServlet        : Detected org.springframework.web.servlet.view.DefaultRequestToViewNameTranslator@210c4071
2026-04-10T08:42:01.595+07:00 DEBUG 14508 --- [ulos] [nio-8080-exec-1] o.s.web.servlet.DispatcherServlet        : Detected org.springframework.web.servlet.support.SessionFlashMapManager@3c832820
2026-04-10T08:42:01.595+07:00 DEBUG 14508 --- [ulos] [nio-8080-exec-1] o.s.web.servlet.DispatcherServlet        : enableLoggingRequestDetails='false': request parameters and headers will be masked to prevent unsafe logging of potentially sensitive data
2026-04-10T08:42:01.595+07:00  INFO 14508 --- [ulos] [nio-8080-exec-1] o.s.web.servlet.DispatcherServlet        : Completed initialization in 4 ms
2026-04-10T08:42:01.614+07:00 DEBUG 14508 --- [ulos] [nio-8080-exec-1] o.s.web.servlet.DispatcherServlet        : GET "/api/bpmn/loanApproval", parameters={}
2026-04-10T08:42:01.644+07:00 DEBUG 14508 --- [ulos] [nio-8080-exec-1] s.w.s.m.m.a.RequestMappingHandlerMapping : Mapped to com.enterprise.ulos.controller.BpmnController#getProcessXml(String)
2026-04-10T08:42:02.045+07:00 DEBUG 14508 --- [ulos] [nio-8080-exec-1] org.hibernate.SQL                        : select bme1_0.id,bme1_0.active_flag,bme1_0.bpmn_xml,bme1_0.created_at,bme1_0.deployment_id,bme1_0.process_definition_id,bme1_0.process_key,bme1_0.process_name,bme1_0.resource_name,bme1_0.updated_at,bme1_0.version_no from bpmn_model bme1_0 where bme1_0.process_key=? order by bme1_0.version_no desc fetch first ? rows only
2026-04-10T08:42:02.180+07:00 DEBUG 14508 --- [ulos] [nio-8080-exec-1] m.m.a.RequestResponseBodyMethodProcessor : Using 'application/json', given [*/*] and supported [application/json, application/*+json]
2026-04-10T08:42:02.186+07:00 DEBUG 14508 --- [ulos] [nio-8080-exec-1] m.m.a.RequestResponseBodyMethodProcessor : Writing [BpmnXmlResponse[processDefinitionKey=loanApproval, processDefinitionId=loanApproval:1:782ca044-347e- (truncated)...]
2026-04-10T08:42:02.218+07:00 DEBUG 14508 --- [ulos] [nio-8080-exec-1] o.s.web.servlet.DispatcherServlet        : Completed 200 OK
2026-04-10T08:42:24.213+07:00 DEBUG 14508 --- [ulos] [nio-8080-exec-3] o.s.web.servlet.DispatcherServlet        : GET "/api/loans", parameters={}
2026-04-10T08:42:24.213+07:00 DEBUG 14508 --- [ulos] [nio-8080-exec-3] s.w.s.m.m.a.RequestMappingHandlerMapping : Mapped to com.enterprise.ulos.controller.LoanController#getLoans()
2026-04-10T08:42:24.224+07:00 DEBUG 14508 --- [ulos] [nio-8080-exec-3] org.hibernate.SQL                        : select le1_0.loan_id,le1_0.business_key,le1_0.created_at,le1_0.customer_id,le1_0.customer_name,le1_0.loan_amount,le1_0.process_definition_key,le1_0.process_instance_id,le1_0.status,le1_0.tenor_months,le1_0.updated_at from loan_submission le1_0
2026-04-10T08:42:24.263+07:00 DEBUG 14508 --- [ulos] [nio-8080-exec-3] m.m.a.RequestResponseBodyMethodProcessor : Using 'application/json', given [*/*] and supported [application/json, application/*+json]
2026-04-10T08:42:24.263+07:00 DEBUG 14508 --- [ulos] [nio-8080-exec-3] m.m.a.RequestResponseBodyMethodProcessor : Writing [[]]
2026-04-10T08:42:24.278+07:00 DEBUG 14508 --- [ulos] [nio-8080-exec-3] o.s.web.servlet.DispatcherServlet        : Completed 200 OK
2026-04-10T08:42:45.335+07:00 DEBUG 14508 --- [ulos] [nio-8080-exec-5] o.s.web.servlet.DispatcherServlet        : POST "/api/workflow/loan/start", parameters={}
2026-04-10T08:42:45.335+07:00 DEBUG 14508 --- [ulos] [nio-8080-exec-5] s.w.s.m.m.a.RequestMappingHandlerMapping : Mapped to com.enterprise.ulos.controller.WorkflowController#startLoanWorkflow(StartLoanWorkflowRequest)
2026-04-10T08:42:45.433+07:00 DEBUG 14508 --- [ulos] [nio-8080-exec-5] m.m.a.RequestResponseBodyMethodProcessor : Read "application/json;charset=UTF-8" to [StartLoanWorkflowRequest[loanId=LN-001, customerId=CUST-001, customerName=Budi, loanAmount=15000000, (truncated)...]
2026-04-10T08:42:45.835+07:00 DEBUG 14508 --- [ulos] [nio-8080-exec-5] org.hibernate.SQL                        : select count(*) from loan_submission le1_0 where le1_0.loan_id=?
2026-04-10T08:42:45.858+07:00 DEBUG 14508 --- [ulos] [nio-8080-exec-5] org.hibernate.SQL                        : select le1_0.loan_id,le1_0.business_key,le1_0.created_at,le1_0.customer_id,le1_0.customer_name,le1_0.loan_amount,le1_0.process_definition_key,le1_0.process_instance_id,le1_0.status,le1_0.tenor_months,le1_0.updated_at from loan_submission le1_0 where le1_0.loan_id=?
2026-04-10T08:42:46.072+07:00 DEBUG 14508 --- [ulos] [nio-8080-exec-5] org.hibernate.SQL                        : insert into loan_submission (business_key,created_at,customer_id,customer_name,loan_amount,process_definition_key,process_instance_id,status,tenor_months,updated_at,loan_id) values (?,?,?,?,?,?,?,?,?,?,?)
2026-04-10T08:42:46.077+07:00 DEBUG 14508 --- [ulos] [nio-8080-exec-5] org.hibernate.SQL                        : update loan_submission set business_key=?,created_at=?,customer_id=?,customer_name=?,loan_amount=?,process_definition_key=?,process_instance_id=?,status=?,tenor_months=?,updated_at=? where loan_id=?
2026-04-10T08:42:46.094+07:00 DEBUG 14508 --- [ulos] [nio-8080-exec-5] m.m.a.RequestResponseBodyMethodProcessor : Using 'application/json', given [*/*] and supported [application/json, application/*+json]
2026-04-10T08:42:46.094+07:00 DEBUG 14508 --- [ulos] [nio-8080-exec-5] m.m.a.RequestResponseBodyMethodProcessor : Writing [WorkflowStartResponse[processInstanceId=92d1c335-347e-11f1-82e1-fa59716603d2, processDefinitionKey=l (truncated)...]
2026-04-10T08:42:46.094+07:00 DEBUG 14508 --- [ulos] [nio-8080-exec-5] o.s.web.servlet.DispatcherServlet        : Completed 200 OK
2026-04-10T08:42:47.131+07:00 DEBUG 14508 --- [ulos] [nio-8080-exec-7] o.s.web.servlet.DispatcherServlet        : GET "/api/workflow/tasks", parameters={}
2026-04-10T08:42:47.132+07:00 DEBUG 14508 --- [ulos] [nio-8080-exec-7] s.w.s.m.m.a.RequestMappingHandlerMapping : Mapped to com.enterprise.ulos.controller.WorkflowController#tasks()
2026-04-10T08:42:47.173+07:00 DEBUG 14508 --- [ulos] [nio-8080-exec-7] m.m.a.RequestResponseBodyMethodProcessor : Using 'application/json', given [*/*] and supported [application/json, application/*+json]
2026-04-10T08:42:47.174+07:00 DEBUG 14508 --- [ulos] [nio-8080-exec-7] m.m.a.RequestResponseBodyMethodProcessor : Writing [[WorkflowTaskResponse[taskId=92dfcd02-347e-11f1-82e1-fa59716603d2, taskName=Review Loan, assignee=nu (truncated)...]
2026-04-10T08:42:47.185+07:00 DEBUG 14508 --- [ulos] [nio-8080-exec-7] o.s.web.servlet.DispatcherServlet        : Completed 200 OK
2026-04-10T08:42:47.236+07:00 DEBUG 14508 --- [ulos] [nio-8080-exec-9] o.s.web.servlet.DispatcherServlet        : GET "/api/loans", parameters={}
2026-04-10T08:42:47.236+07:00 DEBUG 14508 --- [ulos] [nio-8080-exec-9] s.w.s.m.m.a.RequestMappingHandlerMapping : Mapped to com.enterprise.ulos.controller.LoanController#getLoans()
2026-04-10T08:42:47.241+07:00 DEBUG 14508 --- [ulos] [nio-8080-exec-9] org.hibernate.SQL                        : select le1_0.loan_id,le1_0.business_key,le1_0.created_at,le1_0.customer_id,le1_0.customer_name,le1_0.loan_amount,le1_0.process_definition_key,le1_0.process_instance_id,le1_0.status,le1_0.tenor_months,le1_0.updated_at from loan_submission le1_0
2026-04-10T08:42:47.250+07:00 DEBUG 14508 --- [ulos] [nio-8080-exec-9] m.m.a.RequestResponseBodyMethodProcessor : Using 'application/json', given [*/*] and supported [application/json, application/*+json]
2026-04-10T08:42:47.259+07:00 DEBUG 14508 --- [ulos] [nio-8080-exec-9] m.m.a.RequestResponseBodyMethodProcessor : Writing [[LoanResponse[loanId=LN-001, customerId=CUST-001, customerName=Budi, loanAmount=15000000.00, tenorMo (truncated)...]
2026-04-10T08:42:47.280+07:00 DEBUG 14508 --- [ulos] [nio-8080-exec-9] o.s.web.servlet.DispatcherServlet        : Completed 200 OK
2026-04-10T08:43:06.134+07:00 DEBUG 14508 --- [ulos] [nio-8080-exec-1] o.s.web.servlet.DispatcherServlet        : GET "/api/workflow/tasks", parameters={}
2026-04-10T08:43:06.134+07:00 DEBUG 14508 --- [ulos] [nio-8080-exec-1] s.w.s.m.m.a.RequestMappingHandlerMapping : Mapped to com.enterprise.ulos.controller.WorkflowController#tasks()
2026-04-10T08:43:06.140+07:00 DEBUG 14508 --- [ulos] [nio-8080-exec-1] m.m.a.RequestResponseBodyMethodProcessor : Using 'application/json', given [*/*] and supported [application/json, application/*+json]
2026-04-10T08:43:06.142+07:00 DEBUG 14508 --- [ulos] [nio-8080-exec-1] m.m.a.RequestResponseBodyMethodProcessor : Writing [[WorkflowTaskResponse[taskId=92dfcd02-347e-11f1-82e1-fa59716603d2, taskName=Review Loan, assignee=nu (truncated)...]
2026-04-10T08:43:06.143+07:00 DEBUG 14508 --- [ulos] [nio-8080-exec-1] o.s.web.servlet.DispatcherServlet        : Completed 200 OK
2026-04-10T08:43:06.528+07:00 DEBUG 14508 --- [ulos] [nio-8080-exec-2] o.s.web.servlet.DispatcherServlet        : POST "/api/workflow/tasks//complete", parameters={}
2026-04-10T08:43:06.531+07:00 DEBUG 14508 --- [ulos] [nio-8080-exec-2] o.s.w.s.handler.SimpleUrlHandlerMapping  : Mapped to ResourceHttpRequestHandler [classpath [META-INF/resources/], classpath [resources/], classpath [static/], classpath [public/], ServletContext [/]]
2026-04-10T08:43:06.534+07:00 DEBUG 14508 --- [ulos] [nio-8080-exec-2] o.s.w.s.r.ResourceHttpRequestHandler     : Resource not found
2026-04-10T08:43:06.541+07:00 DEBUG 14508 --- [ulos] [nio-8080-exec-2] .w.s.m.s.DefaultHandlerExceptionResolver : Resolved [org.springframework.web.servlet.resource.NoResourceFoundException: No static resource api/workflow/tasks/complete.]
2026-04-10T08:43:06.542+07:00 DEBUG 14508 --- [ulos] [nio-8080-exec-2] o.s.web.servlet.DispatcherServlet        : Completed 404 NOT_FOUND
2026-04-10T08:43:06.555+07:00 DEBUG 14508 --- [ulos] [nio-8080-exec-2] o.s.web.servlet.DispatcherServlet        : "ERROR" dispatch for POST "/error", parameters={}
2026-04-10T08:43:06.555+07:00 DEBUG 14508 --- [ulos] [nio-8080-exec-2] s.w.s.m.m.a.RequestMappingHandlerMapping : Mapped to org.springframework.boot.autoconfigure.web.servlet.error.BasicErrorController#error(HttpServletRequest)
2026-04-10T08:43:06.572+07:00 DEBUG 14508 --- [ulos] [nio-8080-exec-2] o.s.w.s.m.m.a.HttpEntityMethodProcessor  : Using 'application/json', given [*/*] and supported [application/json, application/*+json]
2026-04-10T08:43:06.572+07:00 DEBUG 14508 --- [ulos] [nio-8080-exec-2] o.s.w.s.m.m.a.HttpEntityMethodProcessor  : Writing [{timestamp=Fri Apr 10 08:43:06 ICT 2026, status=404, error=Not Found, path=/api/workflow/tasks//comp (truncated)...]
2026-04-10T08:43:06.596+07:00 DEBUG 14508 --- [ulos] [nio-8080-exec-2] o.s.web.servlet.DispatcherServlet        : Exiting from "ERROR" dispatch, status 404
2026-04-10T08:43:08.041+07:00 DEBUG 14508 --- [ulos] [nio-8080-exec-4] o.s.web.servlet.DispatcherServlet        : GET "/api/loans/LN-001", parameters={}
2026-04-10T08:43:08.041+07:00 DEBUG 14508 --- [ulos] [nio-8080-exec-4] s.w.s.m.m.a.RequestMappingHandlerMapping : Mapped to com.enterprise.ulos.controller.LoanController#getLoan(String)
2026-04-10T08:43:08.041+07:00 DEBUG 14508 --- [ulos] [nio-8080-exec-4] org.hibernate.SQL                        : select le1_0.loan_id,le1_0.business_key,le1_0.created_at,le1_0.customer_id,le1_0.customer_name,le1_0.loan_amount,le1_0.process_definition_key,le1_0.process_instance_id,le1_0.status,le1_0.tenor_months,le1_0.updated_at from loan_submission le1_0 where le1_0.loan_id=?
2026-04-10T08:43:08.062+07:00 DEBUG 14508 --- [ulos] [nio-8080-exec-4] m.m.a.RequestResponseBodyMethodProcessor : Using 'application/json', given [*/*] and supported [application/json, application/*+json]
2026-04-10T08:43:08.062+07:00 DEBUG 14508 --- [ulos] [nio-8080-exec-4] m.m.a.RequestResponseBodyMethodProcessor : Writing [LoanResponse[loanId=LN-001, customerId=CUST-001, customerName=Budi, loanAmount=15000000.00, tenorMon (truncated)...]
2026-04-10T08:43:08.062+07:00 DEBUG 14508 --- [ulos] [nio-8080-exec-4] o.s.web.servlet.DispatcherServlet        : Completed 200 OK
2026-04-10T08:43:08.088+07:00 DEBUG 14508 --- [ulos] [nio-8080-exec-5] o.s.web.servlet.DispatcherServlet        : GET "/api/workflow/tasks", parameters={}
2026-04-10T08:43:08.088+07:00 DEBUG 14508 --- [ulos] [nio-8080-exec-5] s.w.s.m.m.a.RequestMappingHandlerMapping : Mapped to com.enterprise.ulos.controller.WorkflowController#tasks()
2026-04-10T08:43:08.107+07:00 DEBUG 14508 --- [ulos] [nio-8080-exec-5] m.m.a.RequestResponseBodyMethodProcessor : Using 'application/json', given [*/*] and supported [application/json, application/*+json]
2026-04-10T08:43:08.107+07:00 DEBUG 14508 --- [ulos] [nio-8080-exec-5] m.m.a.RequestResponseBodyMethodProcessor : Writing [[WorkflowTaskResponse[taskId=92dfcd02-347e-11f1-82e1-fa59716603d2, taskName=Review Loan, assignee=nu (truncated)...]
2026-04-10T08:43:08.108+07:00 DEBUG 14508 --- [ulos] [nio-8080-exec-5] o.s.web.servlet.DispatcherServlet        : Completed 200 OK
2026-04-10T08:43:23.411+07:00 DEBUG 14508 --- [ulos] [nio-8080-exec-9] o.s.web.servlet.DispatcherServlet        : GET "/api/workflow/tasks", parameters={}
2026-04-10T08:43:23.411+07:00 DEBUG 14508 --- [ulos] [nio-8080-exec-9] s.w.s.m.m.a.RequestMappingHandlerMapping : Mapped to com.enterprise.ulos.controller.WorkflowController#tasks()
2026-04-10T08:43:23.427+07:00 DEBUG 14508 --- [ulos] [nio-8080-exec-9] m.m.a.RequestResponseBodyMethodProcessor : Using 'application/json', given [*/*] and supported [application/json, application/*+json]
2026-04-10T08:43:23.428+07:00 DEBUG 14508 --- [ulos] [nio-8080-exec-9] m.m.a.RequestResponseBodyMethodProcessor : Writing [[WorkflowTaskResponse[taskId=92dfcd02-347e-11f1-82e1-fa59716603d2, taskName=Review Loan, assignee=nu (truncated)...]
2026-04-10T08:43:23.428+07:00 DEBUG 14508 --- [ulos] [nio-8080-exec-9] o.s.web.servlet.DispatcherServlet        : Completed 200 OK
2026-04-10T08:43:23.563+07:00 DEBUG 14508 --- [ulos] [nio-8080-exec-8] o.s.web.servlet.DispatcherServlet        : POST "/api/workflow/tasks/92dfcd02-347e-11f1-82e1-fa59716603d2/complete", parameters={}
2026-04-10T08:43:23.564+07:00 DEBUG 14508 --- [ulos] [nio-8080-exec-8] s.w.s.m.m.a.RequestMappingHandlerMapping : Mapped to com.enterprise.ulos.controller.WorkflowController#completeTask(String, CompleteTaskRequest)
2026-04-10T08:43:23.584+07:00 DEBUG 14508 --- [ulos] [nio-8080-exec-8] m.m.a.RequestResponseBodyMethodProcessor : Read "application/json;charset=UTF-8" to [CompleteTaskRequest[variables={approved=true}]]
2026-04-10T08:43:23.724+07:00 DEBUG 14508 --- [ulos] [nio-8080-exec-8] org.hibernate.SQL                        : select le1_0.loan_id,le1_0.business_key,le1_0.created_at,le1_0.customer_id,le1_0.customer_name,le1_0.loan_amount,le1_0.process_definition_key,le1_0.process_instance_id,le1_0.status,le1_0.tenor_months,le1_0.updated_at from loan_submission le1_0 where le1_0.process_instance_id=?
2026-04-10T08:43:23.733+07:00 DEBUG 14508 --- [ulos] [nio-8080-exec-8] org.hibernate.SQL                        : update loan_submission set business_key=?,created_at=?,customer_id=?,customer_name=?,loan_amount=?,process_definition_key=?,process_instance_id=?,status=?,tenor_months=?,updated_at=? where loan_id=?
2026-04-10T08:43:23.734+07:00 DEBUG 14508 --- [ulos] [nio-8080-exec-8] m.m.a.RequestResponseBodyMethodProcessor : Using 'application/json', given [*/*] and supported [application/json, application/*+json]
2026-04-10T08:43:23.734+07:00 DEBUG 14508 --- [ulos] [nio-8080-exec-8] m.m.a.RequestResponseBodyMethodProcessor : Nothing to write: null body
2026-04-10T08:43:23.734+07:00 DEBUG 14508 --- [ulos] [nio-8080-exec-8] o.s.web.servlet.DispatcherServlet        : Completed 200 OK
2026-04-10T08:43:32.842+07:00 DEBUG 14508 --- [ulos] [nio-8080-exec-1] o.s.web.servlet.DispatcherServlet        : GET "/api/loans/LN-001", parameters={}
2026-04-10T08:43:32.842+07:00 DEBUG 14508 --- [ulos] [nio-8080-exec-1] s.w.s.m.m.a.RequestMappingHandlerMapping : Mapped to com.enterprise.ulos.controller.LoanController#getLoan(String)
2026-04-10T08:43:32.842+07:00 DEBUG 14508 --- [ulos] [nio-8080-exec-1] org.hibernate.SQL                        : select le1_0.loan_id,le1_0.business_key,le1_0.created_at,le1_0.customer_id,le1_0.customer_name,le1_0.loan_amount,le1_0.process_definition_key,le1_0.process_instance_id,le1_0.status,le1_0.tenor_months,le1_0.updated_at from loan_submission le1_0 where le1_0.loan_id=?
2026-04-10T08:43:32.855+07:00 DEBUG 14508 --- [ulos] [nio-8080-exec-1] m.m.a.RequestResponseBodyMethodProcessor : Using 'application/json', given [*/*] and supported [application/json, application/*+json]
2026-04-10T08:43:32.856+07:00 DEBUG 14508 --- [ulos] [nio-8080-exec-1] m.m.a.RequestResponseBodyMethodProcessor : Writing [LoanResponse[loanId=LN-001, customerId=CUST-001, customerName=Budi, loanAmount=15000000.00, tenorMon (truncated)...]
2026-04-10T08:43:32.860+07:00 DEBUG 14508 --- [ulos] [nio-8080-exec-1] o.s.web.servlet.DispatcherServlet        : Completed 200 OK
2026-04-10T08:43:32.861+07:00 DEBUG 14508 --- [ulos] [nio-8080-exec-2] o.s.web.servlet.DispatcherServlet        : GET "/api/workflow/tasks", parameters={}
2026-04-10T08:43:32.861+07:00 DEBUG 14508 --- [ulos] [nio-8080-exec-2] s.w.s.m.m.a.RequestMappingHandlerMapping : Mapped to com.enterprise.ulos.controller.WorkflowController#tasks()
2026-04-10T08:43:32.872+07:00 DEBUG 14508 --- [ulos] [nio-8080-exec-2] m.m.a.RequestResponseBodyMethodProcessor : Using 'application/json', given [*/*] and supported [application/json, application/*+json]
2026-04-10T08:43:32.873+07:00 DEBUG 14508 --- [ulos] [nio-8080-exec-2] m.m.a.RequestResponseBodyMethodProcessor : Writing [[]]
2026-04-10T08:43:32.874+07:00 DEBUG 14508 --- [ulos] [nio-8080-exec-2] o.s.web.servlet.DispatcherServlet        : Completed 200 OK
