[INFO] Scanning for projects...
[INFO] 
[INFO] ------------------------< com.enterprise:ulos >-------------------------
[INFO] Building  0.0.1-SNAPSHOT
[INFO]   from pom.xml
[INFO] --------------------------------[ jar ]---------------------------------
[INFO] 
[INFO] >>> spring-boot:3.3.5:run (default-cli) > test-compile @ ulos >>>
[INFO] 
[INFO] --- resources:3.3.1:resources (default-resources) @ ulos ---
[INFO] Copying 1 resource from src\main\resources to target\classes
[INFO] Copying 19 resources from src\main\resources to target\classes
[INFO] 
[INFO] --- compiler:3.13.0:compile (default-compile) @ ulos ---
[INFO] Nothing to compile - all classes are up to date.
[INFO] 
[INFO] --- resources:3.3.1:testResources (default-testResources) @ ulos ---
[INFO] skip non existing resourceDirectory C:\Users\Jursnamo\Documents\Java\ulos\src\test\resources
[INFO] 
[INFO] --- compiler:3.13.0:testCompile (default-testCompile) @ ulos ---
[INFO] No sources to compile
[INFO] 
[INFO] <<< spring-boot:3.3.5:run (default-cli) < test-compile @ ulos <<<
[INFO] 
[INFO] 
[INFO] --- spring-boot:3.3.5:run (default-cli) @ ulos ---
[INFO] Attaching agents: []

  .   ____          _            __ _ _
 /\\ / ___'_ __ _ _(_)_ __  __ _ \ \ \ \
( ( )\___ | '_ | '_| | '_ \/ _` | \ \ \ \
 \\/  ___)| |_)| | | | | || (_| |  ) ) ) )
  '  |____| .__|_| |_|_| |_\__, | / / / /
 =========|_|==============|___/=/_/_/_/

 :: Spring Boot ::                (v3.3.5)

2026-04-12T10:03:40.608+07:00  INFO 8612 --- [ulos] [           main] com.enterprise.ulos.UlosApplication      : Starting UlosApplication using Java 17.0.18 with PID 8612 (C:\Users\Jursnamo\Documents\Java\ulos\target\classes started by Jursnamo in C:\Users\Jursnamo\Documents\Java\ulos)
2026-04-12T10:03:40.608+07:00  INFO 8612 --- [ulos] [           main] com.enterprise.ulos.UlosApplication      : No active profile set, falling back to 1 default profile: "default"
2026-04-12T10:03:40.608+07:00 DEBUG 8612 --- [ulos] [           main] o.s.boot.SpringApplication               : Loading source class com.enterprise.ulos.UlosApplication
2026-04-12T10:03:40.685+07:00 DEBUG 8612 --- [ulos] [           main] ConfigServletWebServerApplicationContext : Refreshing org.springframework.boot.web.servlet.context.AnnotationConfigServletWebServerApplicationContext@7ac296f6
2026-04-12T10:03:41.934+07:00  INFO 8612 --- [ulos] [           main] .s.d.r.c.RepositoryConfigurationDelegate : Bootstrapping Spring Data JPA repositories in DEFAULT mode.
2026-04-12T10:03:41.955+07:00 DEBUG 8612 --- [ulos] [           main] o.s.b.a.AutoConfigurationPackages        : @EnableAutoConfiguration was declared on a class in the package 'com.enterprise.ulos'. Automatic @Repository and @Entity scanning is enabled.
2026-04-12T10:03:42.074+07:00  INFO 8612 --- [ulos] [           main] .s.d.r.c.RepositoryConfigurationDelegate : Finished Spring Data repository scanning in 131 ms. Found 16 JPA repository interfaces.
2026-04-12T10:03:43.016+07:00 DEBUG 8612 --- [ulos] [           main] .s.b.w.e.t.TomcatServletWebServerFactory : Code archive: C:\Users\Jursnamo\.m2\repository\org\springframework\boot\spring-boot\3.3.5\spring-boot-3.3.5.jar
2026-04-12T10:03:43.016+07:00 DEBUG 8612 --- [ulos] [           main] .s.b.w.e.t.TomcatServletWebServerFactory : Code archive: C:\Users\Jursnamo\.m2\repository\org\springframework\boot\spring-boot\3.3.5\spring-boot-3.3.5.jar
2026-04-12T10:03:43.017+07:00 DEBUG 8612 --- [ulos] [           main] .s.b.w.e.t.TomcatServletWebServerFactory : None of the document roots [src/main/webapp, public, static] point to a directory and will be ignored.
2026-04-12T10:03:43.058+07:00  INFO 8612 --- [ulos] [           main] o.s.b.w.embedded.tomcat.TomcatWebServer  : Tomcat initialized with port 8080 (http)
2026-04-12T10:03:43.074+07:00  INFO 8612 --- [ulos] [           main] o.apache.catalina.core.StandardService   : Starting service [Tomcat]
2026-04-12T10:03:43.074+07:00  INFO 8612 --- [ulos] [           main] o.apache.catalina.core.StandardEngine    : Starting Servlet engine: [Apache Tomcat/10.1.31]
2026-04-12T10:03:43.193+07:00  INFO 8612 --- [ulos] [           main] o.a.c.c.C.[Tomcat].[localhost].[/]       : Initializing Spring embedded WebApplicationContext
2026-04-12T10:03:43.193+07:00 DEBUG 8612 --- [ulos] [           main] w.s.c.ServletWebServerApplicationContext : Published root WebApplicationContext as ServletContext attribute with name [org.springframework.web.context.WebApplicationContext.ROOT]
2026-04-12T10:03:43.194+07:00  INFO 8612 --- [ulos] [           main] w.s.c.ServletWebServerApplicationContext : Root WebApplicationContext: initialization completed in 2508 ms
2026-04-12T10:03:43.490+07:00  INFO 8612 --- [ulos] [           main] com.zaxxer.hikari.HikariDataSource       : HikariPool-1 - Starting...
2026-04-12T10:03:43.733+07:00  INFO 8612 --- [ulos] [           main] com.zaxxer.hikari.pool.HikariPool        : HikariPool-1 - Added connection com.mysql.cj.jdbc.ConnectionImpl@632cf7d3
2026-04-12T10:03:43.735+07:00  INFO 8612 --- [ulos] [           main] com.zaxxer.hikari.HikariDataSource       : HikariPool-1 - Start completed.
2026-04-12T10:03:43.811+07:00  INFO 8612 --- [ulos] [           main] org.flywaydb.core.FlywayExecutor         : Database: jdbc:mysql://localhost:3306/ulos_enterprise (MySQL 8.0)
2026-04-12T10:03:43.907+07:00  INFO 8612 --- [ulos] [           main] o.f.c.i.s.JdbcTableSchemaHistory         : Repair of failed migration in Schema History table `ulos_enterprise`.`flyway_schema_history` not necessary. No failed migration detected.
2026-04-12T10:03:43.956+07:00  INFO 8612 --- [ulos] [           main] o.f.core.internal.command.DbRepair       : Successfully repaired schema history table `ulos_enterprise`.`flyway_schema_history` (execution time 00:00.125s).
2026-04-12T10:03:44.019+07:00  INFO 8612 --- [ulos] [           main] o.f.core.internal.command.DbValidate     : Successfully validated 16 migrations (execution time 00:00.030s)
2026-04-12T10:03:44.040+07:00  INFO 8612 --- [ulos] [           main] o.f.core.internal.command.DbMigrate      : Current version of schema `ulos_enterprise`: 16
2026-04-12T10:03:44.040+07:00  INFO 8612 --- [ulos] [           main] o.f.core.internal.command.DbMigrate      : Schema `ulos_enterprise` is up to date. No migration necessary.
2026-04-12T10:03:44.156+07:00  INFO 8612 --- [ulos] [           main] o.hibernate.jpa.internal.util.LogHelper  : HHH000204: Processing PersistenceUnitInfo [name: default]
2026-04-12T10:03:44.280+07:00  INFO 8612 --- [ulos] [           main] org.hibernate.Version                    : HHH000412: Hibernate ORM core version 6.5.3.Final
2026-04-12T10:03:44.340+07:00  INFO 8612 --- [ulos] [           main] o.h.c.internal.RegionFactoryInitiator    : HHH000026: Second-level cache disabled
2026-04-12T10:03:44.775+07:00  INFO 8612 --- [ulos] [           main] o.s.o.j.p.SpringPersistenceUnitInfo      : No LoadTimeWeaver setup: ignoring JPA class transformer
2026-04-12T10:03:44.861+07:00  WARN 8612 --- [ulos] [           main] org.hibernate.orm.deprecation            : HHH90000025: MySQLDialect does not need to be specified explicitly using 'hibernate.dialect' (remove the property setting and it will be selected by default)
2026-04-12T10:03:47.402+07:00  INFO 8612 --- [ulos] [           main] o.h.e.t.j.p.i.JtaPlatformInitiator       : HHH000489: No JTA platform available (set 'hibernate.transaction.jta.platform' to enable JTA platform integration)
2026-04-12T10:03:47.518+07:00  INFO 8612 --- [ulos] [           main] j.LocalContainerEntityManagerFactoryBean : Initialized JPA EntityManagerFactory for persistence unit 'default'
2026-04-12T10:03:48.010+07:00 DEBUG 8612 --- [ulos] [           main] o.s.b.w.s.ServletContextInitializerBeans : Mapping filters: springSecurityFilterChain urls=[/*] order=-100, characterEncodingFilter urls=[/*] order=-2147483648, formContentFilter urls=[/*] order=-9900, requestContextFilter urls=[/*] order=-105, jwtAuthenticationFilter urls=[/*] order=2147483647
2026-04-12T10:03:48.011+07:00 DEBUG 8612 --- [ulos] [           main] o.s.b.w.s.ServletContextInitializerBeans : Mapping servlets: dispatcherServlet urls=[/]
2026-04-12T10:03:48.040+07:00 DEBUG 8612 --- [ulos] [           main] o.s.b.w.s.f.OrderedRequestContextFilter  : Filter 'requestContextFilter' configured for use
2026-04-12T10:03:48.043+07:00 DEBUG 8612 --- [ulos] [           main] s.b.w.s.f.OrderedCharacterEncodingFilter : Filter 'characterEncodingFilter' configured for use
2026-04-12T10:03:48.043+07:00 DEBUG 8612 --- [ulos] [           main] .DelegatingFilterProxyRegistrationBean$1 : Filter 'springSecurityFilterChain' configured for use
2026-04-12T10:03:48.043+07:00 DEBUG 8612 --- [ulos] [           main] o.s.b.w.s.f.OrderedFormContentFilter     : Filter 'formContentFilter' configured for use
2026-04-12T10:03:48.595+07:00  INFO 8612 --- [ulos] [           main] o.f.s.SpringProcessEngineConfiguration   : Found 1 Engine Configurators in total:
2026-04-12T10:03:48.595+07:00  INFO 8612 --- [ulos] [           main] o.f.s.SpringProcessEngineConfiguration   : class org.flowable.idm.engine.configurator.IdmEngineConfigurator (priority:150000)
2026-04-12T10:03:48.595+07:00  INFO 8612 --- [ulos] [           main] o.f.s.SpringProcessEngineConfiguration   : Executing beforeInit() of class org.flowable.idm.engine.configurator.IdmEngineConfigurator (priority:150000)
2026-04-12T10:03:49.907+07:00  INFO 8612 --- [ulos] [           main] o.f.s.SpringProcessEngineConfiguration   : Executing configure() of class org.flowable.idm.engine.configurator.IdmEngineConfigurator (priority:150000)
2026-04-12T10:03:49.955+07:00  INFO 8612 --- [ulos] [           main] o.f.idm.engine.impl.IdmEngineImpl        : IdmEngine default created
2026-04-12T10:03:50.040+07:00  INFO 8612 --- [ulos] [           main] o.f.engine.impl.ProcessEngineImpl        : ProcessEngine default created
2026-04-12T10:03:50.085+07:00  INFO 8612 --- [ulos] [           main] o.f.e.impl.cmd.ValidateV5EntitiesCmd     : Total of v5 deployments found: 0
2026-04-12T10:03:50.331+07:00  INFO 8612 --- [ulos] [           main] o.s.d.j.r.query.QueryEnhancerFactory     : Hibernate is in classpath; If applicable, HQL parser will be used.
2026-04-12T10:03:52.719+07:00  INFO 8612 --- [ulos] [           main] eAuthenticationProviderManagerConfigurer : Global AuthenticationManager configured with AuthenticationProvider bean with name authenticationProvider
2026-04-12T10:03:52.719+07:00  WARN 8612 --- [ulos] [           main] r$InitializeUserDetailsManagerConfigurer : Global AuthenticationManager configured with an AuthenticationProvider bean. UserDetailsService beans will not be used for username/password login. Consider removing the AuthenticationProvider bean. Alternatively, consider using the UserDetailsService in a manually instantiated DaoAuthenticationProvider.
2026-04-12T10:03:52.953+07:00 DEBUG 8612 --- [ulos] [           main] s.w.s.m.m.a.RequestMappingHandlerMapping : 51 mappings in 'requestMappingHandlerMapping'
2026-04-12T10:03:53.018+07:00 DEBUG 8612 --- [ulos] [           main] o.s.w.s.handler.SimpleUrlHandlerMapping  : Patterns [/webjars/**, /**] in 'resourceHandlerMapping'
2026-04-12T10:03:53.180+07:00 DEBUG 8612 --- [ulos] [           main] s.w.s.m.m.a.RequestMappingHandlerAdapter : ControllerAdvice beans: 0 @ModelAttribute, 0 @InitBinder, 1 RequestBodyAdvice, 1 ResponseBodyAdvice
2026-04-12T10:03:53.241+07:00 DEBUG 8612 --- [ulos] [           main] .m.m.a.ExceptionHandlerExceptionResolver : ControllerAdvice beans: 0 @ExceptionHandler, 1 ResponseBodyAdvice
2026-04-12T10:03:53.461+07:00  INFO 8612 --- [ulos] [           main] o.f.j.s.i.a.AbstractAsyncExecutor        : Starting up the async job executor [org.flowable.spring.job.service.SpringAsyncExecutor] for engine bpmn
2026-04-12T10:03:53.486+07:00  INFO 8612 --- [ulos] [           main] o.f.s.c.DefaultAutoDeploymentStrategy    : Deploying resources [file [C:\Users\Jursnamo\Documents\Java\ulos\target\classes\processes\corporate-credit-approval.bpmn20.xml], file [C:\Users\Jursnamo\Documents\Java\ulos\target\classes\processes\corporate-los-approval.bpmn20.xml], file [C:\Users\Jursnamo\Documents\Java\ulos\target\classes\processes\loan-approval.bpmn20.xml]] for engine org.flowable.engine.impl.ProcessEngineImpl@18435ed6 deployment name hint SpringBootAutoDeployment
2026-04-12T10:03:53.486+07:00  INFO 8612 --- [ulos] [       Thread-3] o.f.j.s.i.a.ResetExpiredJobsRunnable     : starting to reset expired jobs for engine bpmn
2026-04-12T10:03:53.488+07:00  INFO 8612 --- [ulos] [       Thread-1] o.f.j.s.i.a.AcquireAsyncJobsDueRunnable  : starting to acquire async jobs due for engine bpmn
2026-04-12T10:03:53.488+07:00  INFO 8612 --- [ulos] [       Thread-2] o.f.j.s.i.a.AcquireTimerJobsRunnable     : starting to acquire async jobs due for engine bpmn
2026-04-12T10:03:53.533+07:00  INFO 8612 --- [ulos] [           main] o.s.b.w.embedded.tomcat.TomcatWebServer  : Tomcat started on port 8080 (http) with context path '/'
2026-04-12T10:03:53.547+07:00 DEBUG 8612 --- [ulos] [           main] .s.b.a.l.ConditionEvaluationReportLogger : 


============================
CONDITIONS EVALUATION REPORT
============================


Positive matches:
-----------------

   AopAutoConfiguration matched:
      - @ConditionalOnProperty (spring.aop.auto=true) matched (OnPropertyCondition)

   AopAutoConfiguration.AspectJAutoProxyingConfiguration matched:
      - @ConditionalOnClass found required class 'org.aspectj.weaver.Advice' (OnClassCondition)

   AopAutoConfiguration.AspectJAutoProxyingConfiguration.CglibAutoProxyConfiguration matched:
      - @ConditionalOnProperty (spring.aop.proxy-target-class=true) matched (OnPropertyCondition)

   ApplicationAvailabilityAutoConfiguration#applicationAvailability matched:
      - @ConditionalOnMissingBean (types: org.springframework.boot.availability.ApplicationAvailability; SearchStrategy: all) did not find any beans (OnBeanCondition)

   DataSourceAutoConfiguration matched:
      - @ConditionalOnClass found required classes 'javax.sql.DataSource', 'org.springframework.jdbc.datasource.embedded.EmbeddedDatabaseType' (OnClassCondition)
      - @ConditionalOnMissingBean (types: io.r2dbc.spi.ConnectionFactory; SearchStrategy: all) did not find any beans (OnBeanCondition)

   DataSourceAutoConfiguration.PooledDataSourceConfiguration matched:
      - AnyNestedCondition 1 matched 1 did not; NestedCondition on DataSourceAutoConfiguration.PooledDataSourceCondition.PooledDataSourceAvailable PooledDataSource found supported DataSource; NestedCondition on DataSourceAutoConfiguration.PooledDataSourceCondition.ExplicitType @ConditionalOnProperty (spring.datasource.type) did not find property 'type' (DataSourceAutoConfiguration.PooledDataSourceCondition)
      - @ConditionalOnMissingBean (types: javax.sql.DataSource,javax.sql.XADataSource; SearchStrategy: all) did not find any beans (OnBeanCondition)

   DataSourceAutoConfiguration.PooledDataSourceConfiguration#jdbcConnectionDetails matched:
      - @ConditionalOnMissingBean (types: org.springframework.boot.autoconfigure.jdbc.JdbcConnectionDetails; SearchStrategy: all) did not find any beans (OnBeanCondition)

   DataSourceConfiguration.Hikari matched:
      - @ConditionalOnClass found required class 'com.zaxxer.hikari.HikariDataSource' (OnClassCondition)
      - @ConditionalOnProperty (spring.datasource.type=com.zaxxer.hikari.HikariDataSource) matched (OnPropertyCondition)
      - @ConditionalOnMissingBean (types: javax.sql.DataSource; SearchStrategy: all) did not find any beans (OnBeanCondition)

   DataSourceInitializationConfiguration matched:
      - @ConditionalOnClass found required class 'org.springframework.jdbc.datasource.init.DatabasePopulator' (OnClassCondition)
      - @ConditionalOnSingleCandidate (types: javax.sql.DataSource; SearchStrategy: all) found a single bean 'dataSource'; @ConditionalOnMissingBean (types: org.springframework.boot.autoconfigure.sql.init.SqlDataSourceScriptDatabaseInitializer,org.springframework.boot.autoconfigure.sql.init.SqlR2dbcScriptDatabaseInitializer; SearchStrategy: all) did not find any beans (OnBeanCondition)

   DataSourceJmxConfiguration matched:
      - @ConditionalOnProperty (spring.jmx.enabled=true) matched (OnPropertyCondition)

   DataSourceJmxConfiguration.Hikari matched:
      - @ConditionalOnClass found required class 'com.zaxxer.hikari.HikariDataSource' (OnClassCondition)
      - @ConditionalOnSingleCandidate (types: javax.sql.DataSource; SearchStrategy: all) found a single bean 'dataSource' (OnBeanCondition)

   DataSourcePoolMetadataProvidersConfiguration.HikariPoolDataSourceMetadataProviderConfiguration matched:
      - @ConditionalOnClass found required class 'com.zaxxer.hikari.HikariDataSource' (OnClassCondition)

   DataSourceTransactionManagerAutoConfiguration matched:
      - @ConditionalOnClass found required classes 'javax.sql.DataSource', 'org.springframework.jdbc.core.JdbcTemplate', 'org.springframework.transaction.TransactionManager' (OnClassCondition)

   DataSourceTransactionManagerAutoConfiguration.JdbcTransactionManagerConfiguration matched:
      - @ConditionalOnSingleCandidate (types: javax.sql.DataSource; SearchStrategy: all) found a single bean 'dataSource' (OnBeanCondition)

   DispatcherServletAutoConfiguration matched:
      - @ConditionalOnClass found required class 'org.springframework.web.servlet.DispatcherServlet' (OnClassCondition)
      - found 'session' scope (OnWebApplicationCondition)

   DispatcherServletAutoConfiguration.DispatcherServletConfiguration matched:
      - @ConditionalOnClass found required class 'jakarta.servlet.ServletRegistration' (OnClassCondition)
      - Default DispatcherServlet did not find dispatcher servlet beans (DispatcherServletAutoConfiguration.DefaultDispatcherServletCondition)

   DispatcherServletAutoConfiguration.DispatcherServletRegistrationConfiguration matched:
      - @ConditionalOnClass found required class 'jakarta.servlet.ServletRegistration' (OnClassCondition)
      - DispatcherServlet Registration did not find servlet registration bean (DispatcherServletAutoConfiguration.DispatcherServletRegistrationCondition)

   DispatcherServletAutoConfiguration.DispatcherServletRegistrationConfiguration#dispatcherServletRegistration matched:
      - @ConditionalOnBean (names: dispatcherServlet types: org.springframework.web.servlet.DispatcherServlet; SearchStrategy: all) found bean 'dispatcherServlet' (OnBeanCondition)

   EmbeddedWebServerFactoryCustomizerAutoConfiguration matched:
      - @ConditionalOnWebApplication (required) found 'session' scope (OnWebApplicationCondition)
      - @ConditionalOnWarDeployment the application is not deployed as a WAR file. (OnWarDeploymentCondition)

   EmbeddedWebServerFactoryCustomizerAutoConfiguration.TomcatWebServerFactoryCustomizerConfiguration matched:
      - @ConditionalOnClass found required classes 'org.apache.catalina.startup.Tomcat', 'org.apache.coyote.UpgradeProtocol' (OnClassCondition)

   ErrorMvcAutoConfiguration matched:
      - @ConditionalOnClass found required classes 'jakarta.servlet.Servlet', 'org.springframework.web.servlet.DispatcherServlet' (OnClassCondition)
      - found 'session' scope (OnWebApplicationCondition)

   ErrorMvcAutoConfiguration#basicErrorController matched:
      - @ConditionalOnMissingBean (types: org.springframework.boot.web.servlet.error.ErrorController; SearchStrategy: current) did not find any beans (OnBeanCondition)

   ErrorMvcAutoConfiguration#errorAttributes matched:
      - @ConditionalOnMissingBean (types: org.springframework.boot.web.servlet.error.ErrorAttributes; SearchStrategy: current) did not find any beans (OnBeanCondition)

   ErrorMvcAutoConfiguration.DefaultErrorViewResolverConfiguration#conventionErrorViewResolver matched:
      - @ConditionalOnBean (types: org.springframework.web.servlet.DispatcherServlet; SearchStrategy: all) found bean 'dispatcherServlet'; @ConditionalOnMissingBean (types: org.springframework.boot.autoconfigure.web.servlet.error.ErrorViewResolver; SearchStrategy: all) did not find any beans (OnBeanCondition)

   ErrorMvcAutoConfiguration.WhitelabelErrorViewConfiguration matched:
      - @ConditionalOnProperty (server.error.whitelabel.enabled) matched (OnPropertyCondition)
      - ErrorTemplate Missing did not find error template view (ErrorMvcAutoConfiguration.ErrorTemplateMissingCondition)

   ErrorMvcAutoConfiguration.WhitelabelErrorViewConfiguration#beanNameViewResolver matched:
      - @ConditionalOnMissingBean (types: org.springframework.web.servlet.view.BeanNameViewResolver; SearchStrategy: all) did not find any beans (OnBeanCondition)

   ErrorMvcAutoConfiguration.WhitelabelErrorViewConfiguration#defaultErrorView matched:
      - @ConditionalOnMissingBean (names: error; SearchStrategy: all) did not find any beans (OnBeanCondition)

   FlowableJobConfiguration#flowableAsyncTaskInvokerTaskExecutor matched:
      - @ConditionalOnMissingBean (names: flowableAsyncTaskInvokerTaskExecutor; SearchStrategy: all) did not find any beans (OnBeanCondition)

   FlowableJpaAutoConfiguration matched:
      - @ConditionalOnClass found required class 'org.flowable.spring.SpringProcessEngineConfiguration' (OnClassCondition)
      - @ConditionalOnBean (types: jakarta.persistence.EntityManagerFactory; SearchStrategy: all) found bean 'entityManagerFactory' (OnBeanCondition)

   FlowableJpaAutoConfiguration#jpaProcessEngineConfigurer matched:
      - @ConditionalOnMissingBean (names: jpaProcessEngineConfigurer; SearchStrategy: all) did not find any beans (OnBeanCondition)

   FlywayAutoConfiguration matched:
      - @ConditionalOnClass found required class 'org.flywaydb.core.Flyway' (OnClassCondition)
      - @ConditionalOnProperty (spring.flyway.enabled) matched (OnPropertyCondition)
      - AnyNestedCondition 2 matched 1 did not; NestedCondition on FlywayAutoConfiguration.FlywayDataSourceCondition.FlywayUrlCondition @ConditionalOnProperty (spring.flyway.url) did not find property 'url'; NestedCondition on FlywayAutoConfiguration.FlywayDataSourceCondition.JdbcConnectionDetailsCondition @ConditionalOnBean (types: org.springframework.boot.autoconfigure.jdbc.JdbcConnectionDetails; SearchStrategy: all) found bean 'jdbcConnectionDetails'; NestedCondition on FlywayAutoConfiguration.FlywayDataSourceCondition.DataSourceBeanCondition @ConditionalOnBean (types: javax.sql.DataSource; SearchStrategy: all) found bean 'dataSource' (FlywayAutoConfiguration.FlywayDataSourceCondition)

   FlywayAutoConfiguration.FlywayConfiguration matched:
      - @ConditionalOnClass found required class 'org.springframework.jdbc.support.JdbcUtils' (OnClassCondition)
      - @ConditionalOnMissingBean (types: org.flywaydb.core.Flyway; SearchStrategy: all) did not find any beans (OnBeanCondition)

   FlywayAutoConfiguration.FlywayConfiguration#flywayConnectionDetails matched:
      - @ConditionalOnMissingBean (types: org.springframework.boot.autoconfigure.flyway.FlywayConnectionDetails; SearchStrategy: all) did not find any beans (OnBeanCondition)

   FlywayAutoConfiguration.FlywayConfiguration#flywayInitializer matched:
      - @ConditionalOnMissingBean (types: org.springframework.boot.autoconfigure.flyway.FlywayMigrationInitializer; SearchStrategy: all) did not find any beans (OnBeanCondition)

   GenericCacheConfiguration matched:
      - Cache org.springframework.boot.autoconfigure.cache.GenericCacheConfiguration automatic cache type (CacheCondition)

   GsonAutoConfiguration matched:
      - @ConditionalOnClass found required class 'com.google.gson.Gson' (OnClassCondition)

   GsonAutoConfiguration#gson matched:
      - @ConditionalOnMissingBean (types: com.google.gson.Gson; SearchStrategy: all) did not find any beans (OnBeanCondition)

   GsonAutoConfiguration#gsonBuilder matched:
      - @ConditionalOnMissingBean (types: com.google.gson.GsonBuilder; SearchStrategy: all) did not find any beans (OnBeanCondition)

   GsonHttpMessageConvertersConfiguration matched:
      - @ConditionalOnClass found required class 'com.google.gson.Gson' (OnClassCondition)

   HibernateJpaAutoConfiguration matched:
      - @ConditionalOnClass found required classes 'org.springframework.orm.jpa.LocalContainerEntityManagerFactoryBean', 'jakarta.persistence.EntityManager', 'org.hibernate.engine.spi.SessionImplementor' (OnClassCondition)

   HibernateJpaConfiguration matched:
      - @ConditionalOnSingleCandidate (types: javax.sql.DataSource; SearchStrategy: all) found a single bean 'dataSource' (OnBeanCondition)

   HttpEncodingAutoConfiguration matched:
      - @ConditionalOnClass found required class 'org.springframework.web.filter.CharacterEncodingFilter' (OnClassCondition)
      - found 'session' scope (OnWebApplicationCondition)
      - @ConditionalOnProperty (server.servlet.encoding.enabled) matched (OnPropertyCondition)

   HttpEncodingAutoConfiguration#characterEncodingFilter matched:
      - @ConditionalOnMissingBean (types: org.springframework.web.filter.CharacterEncodingFilter; SearchStrategy: all) did not find any beans (OnBeanCondition)

   HttpMessageConvertersAutoConfiguration matched:
      - @ConditionalOnClass found required class 'org.springframework.http.converter.HttpMessageConverter' (OnClassCondition)
      - NoneNestedConditions 0 matched 1 did not; NestedCondition on HttpMessageConvertersAutoConfiguration.NotReactiveWebApplicationCondition.ReactiveWebApplication did not find reactive web application classes (HttpMessageConvertersAutoConfiguration.NotReactiveWebApplicationCondition)

   HttpMessageConvertersAutoConfiguration#messageConverters matched:
      - @ConditionalOnMissingBean (types: org.springframework.boot.autoconfigure.http.HttpMessageConverters; SearchStrategy: all) did not find any beans (OnBeanCondition)

   HttpMessageConvertersAutoConfiguration.StringHttpMessageConverterConfiguration matched:
      - @ConditionalOnClass found required class 'org.springframework.http.converter.StringHttpMessageConverter' (OnClassCondition)

   HttpMessageConvertersAutoConfiguration.StringHttpMessageConverterConfiguration#stringHttpMessageConverter matched:
      - @ConditionalOnMissingBean (types: org.springframework.http.converter.StringHttpMessageConverter; SearchStrategy: all) did not find any beans (OnBeanCondition)

   JacksonAutoConfiguration matched:
      - @ConditionalOnClass found required class 'com.fasterxml.jackson.databind.ObjectMapper' (OnClassCondition)

   JacksonAutoConfiguration.Jackson2ObjectMapperBuilderCustomizerConfiguration matched:
      - @ConditionalOnClass found required class 'org.springframework.http.converter.json.Jackson2ObjectMapperBuilder' (OnClassCondition)

   JacksonAutoConfiguration.JacksonObjectMapperBuilderConfiguration matched:
      - @ConditionalOnClass found required class 'org.springframework.http.converter.json.Jackson2ObjectMapperBuilder' (OnClassCondition)

   JacksonAutoConfiguration.JacksonObjectMapperBuilderConfiguration#jacksonObjectMapperBuilder matched:
      - @ConditionalOnMissingBean (types: org.springframework.http.converter.json.Jackson2ObjectMapperBuilder; SearchStrategy: all) did not find any beans (OnBeanCondition)

   JacksonAutoConfiguration.JacksonObjectMapperConfiguration matched:
      - @ConditionalOnClass found required class 'org.springframework.http.converter.json.Jackson2ObjectMapperBuilder' (OnClassCondition)

   JacksonAutoConfiguration.JacksonObjectMapperConfiguration#jacksonObjectMapper matched:
      - @ConditionalOnMissingBean (types: com.fasterxml.jackson.databind.ObjectMapper; SearchStrategy: all) did not find any beans (OnBeanCondition)

   JacksonAutoConfiguration.ParameterNamesModuleConfiguration matched:
      - @ConditionalOnClass found required class 'com.fasterxml.jackson.module.paramnames.ParameterNamesModule' (OnClassCondition)

   JacksonAutoConfiguration.ParameterNamesModuleConfiguration#parameterNamesModule matched:
      - @ConditionalOnMissingBean (types: com.fasterxml.jackson.module.paramnames.ParameterNamesModule; SearchStrategy: all) did not find any beans (OnBeanCondition)

   JacksonHttpMessageConvertersConfiguration.MappingJackson2HttpMessageConverterConfiguration matched:
      - @ConditionalOnClass found required class 'com.fasterxml.jackson.databind.ObjectMapper' (OnClassCondition)
      - @ConditionalOnProperty (spring.mvc.converters.preferred-json-mapper=jackson) matched (OnPropertyCondition)
      - @ConditionalOnBean (types: com.fasterxml.jackson.databind.ObjectMapper; SearchStrategy: all) found bean 'jacksonObjectMapper' (OnBeanCondition)

   JacksonHttpMessageConvertersConfiguration.MappingJackson2HttpMessageConverterConfiguration#mappingJackson2HttpMessageConverter matched:
      - @ConditionalOnMissingBean (types: org.springframework.http.converter.json.MappingJackson2HttpMessageConverter ignored: org.springframework.hateoas.server.mvc.TypeConstrainedMappingJackson2HttpMessageConverter,org.springframework.data.rest.webmvc.alps.AlpsJsonHttpMessageConverter; SearchStrategy: all) did not find any beans (OnBeanCondition)

   JdbcClientAutoConfiguration matched:
      - @ConditionalOnSingleCandidate (types: org.springframework.jdbc.core.namedparam.NamedParameterJdbcTemplate; SearchStrategy: all) found a single bean 'namedParameterJdbcTemplate'; @ConditionalOnMissingBean (types: org.springframework.jdbc.core.simple.JdbcClient; SearchStrategy: all) did not find any beans (OnBeanCondition)

   JdbcTemplateAutoConfiguration matched:
      - @ConditionalOnClass found required classes 'javax.sql.DataSource', 'org.springframework.jdbc.core.JdbcTemplate' (OnClassCondition)
      - @ConditionalOnSingleCandidate (types: javax.sql.DataSource; SearchStrategy: all) found a single bean 'dataSource' (OnBeanCondition)

   JdbcTemplateConfiguration matched:
      - @ConditionalOnMissingBean (types: org.springframework.jdbc.core.JdbcOperations; SearchStrategy: all) did not find any beans (OnBeanCondition)

   JpaBaseConfiguration#entityManagerFactory matched:
      - @ConditionalOnMissingBean (types: org.springframework.orm.jpa.LocalContainerEntityManagerFactoryBean,jakarta.persistence.EntityManagerFactory; SearchStrategy: all) did not find any beans (OnBeanCondition)

   JpaBaseConfiguration#entityManagerFactoryBuilder matched:
      - @ConditionalOnMissingBean (types: org.springframework.boot.orm.jpa.EntityManagerFactoryBuilder; SearchStrategy: all) did not find any beans (OnBeanCondition)

   JpaBaseConfiguration#jpaVendorAdapter matched:
      - @ConditionalOnMissingBean (types: org.springframework.orm.jpa.JpaVendorAdapter; SearchStrategy: all) did not find any beans (OnBeanCondition)

   JpaBaseConfiguration#transactionManager matched:
      - @ConditionalOnMissingBean (types: org.springframework.transaction.TransactionManager; SearchStrategy: all) did not find any beans (OnBeanCondition)

   JpaBaseConfiguration.PersistenceManagedTypesConfiguration matched:
      - @ConditionalOnMissingBean (types: org.springframework.orm.jpa.LocalContainerEntityManagerFactoryBean,jakarta.persistence.EntityManagerFactory; SearchStrategy: all) did not find any beans (OnBeanCondition)

   JpaBaseConfiguration.PersistenceManagedTypesConfiguration#persistenceManagedTypes matched:
      - @ConditionalOnMissingBean (types: org.springframework.orm.jpa.persistenceunit.PersistenceManagedTypes; SearchStrategy: all) did not find any beans (OnBeanCondition)

   JpaRepositoriesAutoConfiguration matched:
      - @ConditionalOnClass found required class 'org.springframework.data.jpa.repository.JpaRepository' (OnClassCondition)
      - @ConditionalOnProperty (spring.data.jpa.repositories.enabled=true) matched (OnPropertyCondition)
      - @ConditionalOnBean (types: javax.sql.DataSource; SearchStrategy: all) found bean 'dataSource'; @ConditionalOnMissingBean (types: org.springframework.data.jpa.repository.support.JpaRepositoryFactoryBean,org.springframework.data.jpa.repository.config.JpaRepositoryConfigExtension; SearchStrategy: all) did not find any beans (OnBeanCondition)

   JtaAutoConfiguration matched:
      - @ConditionalOnClass found required class 'jakarta.transaction.Transaction' (OnClassCondition)
      - @ConditionalOnProperty (spring.jta.enabled) matched (OnPropertyCondition)

   LifecycleAutoConfiguration#defaultLifecycleProcessor matched:
      - @ConditionalOnMissingBean (names: lifecycleProcessor; SearchStrategy: current) did not find any beans (OnBeanCondition)

   MultipartAutoConfiguration matched:
      - @ConditionalOnClass found required classes 'jakarta.servlet.Servlet', 'org.springframework.web.multipart.support.StandardServletMultipartResolver', 'jakarta.servlet.MultipartConfigElement' (OnClassCondition)
      - found 'session' scope (OnWebApplicationCondition)
      - @ConditionalOnProperty (spring.servlet.multipart.enabled) matched (OnPropertyCondition)

   MultipartAutoConfiguration#multipartConfigElement matched:
      - @ConditionalOnMissingBean (types: jakarta.servlet.MultipartConfigElement; SearchStrategy: all) did not find any beans (OnBeanCondition)

   MultipartAutoConfiguration#multipartResolver matched:
      - @ConditionalOnMissingBean (types: org.springframework.web.multipart.MultipartResolver; SearchStrategy: all) did not find any beans (OnBeanCondition)

   NamedParameterJdbcTemplateConfiguration matched:
      - @ConditionalOnSingleCandidate (types: org.springframework.jdbc.core.JdbcTemplate; SearchStrategy: all) found a single bean 'jdbcTemplate'; @ConditionalOnMissingBean (types: org.springframework.jdbc.core.namedparam.NamedParameterJdbcOperations; SearchStrategy: all) did not find any beans (OnBeanCondition)

   NoOpCacheConfiguration matched:
      - Cache org.springframework.boot.autoconfigure.cache.NoOpCacheConfiguration automatic cache type (CacheCondition)

   PersistenceExceptionTranslationAutoConfiguration matched:
      - @ConditionalOnClass found required class 'org.springframework.dao.annotation.PersistenceExceptionTranslationPostProcessor' (OnClassCondition)

   PersistenceExceptionTranslationAutoConfiguration#persistenceExceptionTranslationPostProcessor matched:
      - @ConditionalOnProperty (spring.dao.exceptiontranslation.enabled) matched (OnPropertyCondition)
      - @ConditionalOnMissingBean (types: org.springframework.dao.annotation.PersistenceExceptionTranslationPostProcessor; SearchStrategy: all) did not find any beans (OnBeanCondition)

   ProcessEngineAutoConfiguration matched:
      - @ConditionalOnClass found required classes 'org.flowable.engine.ProcessEngine', 'org.flowable.spring.SpringProcessEngineConfiguration' (OnClassCondition)
      - @ConditionalOnProperty (flowable.process.enabled=true) matched (OnPropertyCondition)

   ProcessEngineAutoConfiguration#processAsyncExecutor matched:
      - @ConditionalOnMissingBean (names: processAsyncExecutor; SearchStrategy: all) did not find any beans (OnBeanCondition)

   ProcessEngineAutoConfiguration#springProcessEngineConfiguration matched:
      - @ConditionalOnMissingBean (types: org.flowable.spring.SpringProcessEngineConfiguration; SearchStrategy: all) did not find any beans (OnBeanCondition)

   ProcessEngineServicesAutoConfiguration matched:
      - @ConditionalOnClass found required classes 'org.flowable.engine.ProcessEngine', 'org.flowable.spring.SpringProcessEngineConfiguration' (OnClassCondition)
      - @ConditionalOnProperty (flowable.process.enabled=true) matched (OnPropertyCondition)

   ProcessEngineServicesAutoConfiguration#dynamicBpmnServiceBean matched:
      - @ConditionalOnMissingBean (types: org.flowable.engine.DynamicBpmnService; SearchStrategy: all) did not find any beans (OnBeanCondition)

   ProcessEngineServicesAutoConfiguration#formServiceBean matched:
      - @ConditionalOnMissingBean (types: org.flowable.engine.FormService; SearchStrategy: all) did not find any beans (OnBeanCondition)

   ProcessEngineServicesAutoConfiguration#historyServiceBean matched:
      - @ConditionalOnMissingBean (types: org.flowable.engine.HistoryService; SearchStrategy: all) did not find any beans (OnBeanCondition)

   ProcessEngineServicesAutoConfiguration#identityServiceBean matched:
      - @ConditionalOnMissingBean (types: org.flowable.engine.IdentityService; SearchStrategy: all) did not find any beans (OnBeanCondition)

   ProcessEngineServicesAutoConfiguration#managementServiceBean matched:
      - @ConditionalOnMissingBean (types: org.flowable.engine.ManagementService; SearchStrategy: all) did not find any beans (OnBeanCondition)

   ProcessEngineServicesAutoConfiguration#processInstanceMigrationService matched:
      - @ConditionalOnMissingBean (types: org.flowable.engine.ProcessMigrationService; SearchStrategy: all) did not find any beans (OnBeanCondition)

   ProcessEngineServicesAutoConfiguration#repositoryServiceBean matched:
      - @ConditionalOnMissingBean (types: org.flowable.engine.RepositoryService; SearchStrategy: all) did not find any beans (OnBeanCondition)

   ProcessEngineServicesAutoConfiguration#runtimeServiceBean matched:
      - @ConditionalOnMissingBean (types: org.flowable.engine.RuntimeService; SearchStrategy: all) did not find any beans (OnBeanCondition)

   ProcessEngineServicesAutoConfiguration#taskServiceBean matched:
      - @ConditionalOnMissingBean (types: org.flowable.engine.TaskService; SearchStrategy: all) did not find any beans (OnBeanCondition)

   ProcessEngineServicesAutoConfiguration.StandaloneEngineConfiguration matched:
      - @ConditionalOnMissingBean (types: org.flowable.engine.ProcessEngine,org.flowable.app.engine.AppEngine; SearchStrategy: all) did not find any beans (OnBeanCondition)

   PropertyPlaceholderAutoConfiguration#propertySourcesPlaceholderConfigurer matched:
      - @ConditionalOnMissingBean (types: org.springframework.context.support.PropertySourcesPlaceholderConfigurer; SearchStrategy: current) did not find any beans (OnBeanCondition)

   RestClientAutoConfiguration matched:
      - @ConditionalOnClass found required class 'org.springframework.web.client.RestClient' (OnClassCondition)
      - NoneNestedConditions 0 matched 1 did not; NestedCondition on NotReactiveWebApplicationCondition.ReactiveWebApplication did not find reactive web application classes (NotReactiveWebApplicationCondition)

   RestClientAutoConfiguration#httpMessageConvertersRestClientCustomizer matched:
      - @ConditionalOnMissingBean (types: org.springframework.boot.autoconfigure.web.client.HttpMessageConvertersRestClientCustomizer; SearchStrategy: all) did not find any beans (OnBeanCondition)

   RestClientAutoConfiguration#restClientBuilder matched:
      - @ConditionalOnMissingBean (types: org.springframework.web.client.RestClient$Builder; SearchStrategy: all) did not find any beans (OnBeanCondition)

   RestClientAutoConfiguration#restClientBuilderConfigurer matched:
      - @ConditionalOnMissingBean (types: org.springframework.boot.autoconfigure.web.client.RestClientBuilderConfigurer; SearchStrategy: all) did not find any beans (OnBeanCondition)

   RestClientAutoConfiguration#restClientSsl matched:
      - @ConditionalOnBean (types: org.springframework.boot.ssl.SslBundles; SearchStrategy: all) found bean 'sslBundleRegistry'; @ConditionalOnMissingBean (types: org.springframework.boot.autoconfigure.web.client.RestClientSsl; SearchStrategy: all) did not find any beans (OnBeanCondition)

   RestTemplateAutoConfiguration matched:
      - @ConditionalOnClass found required class 'org.springframework.web.client.RestTemplate' (OnClassCondition)
      - NoneNestedConditions 0 matched 1 did not; NestedCondition on NotReactiveWebApplicationCondition.ReactiveWebApplication did not find reactive web application classes (NotReactiveWebApplicationCondition)

   RestTemplateAutoConfiguration#restTemplateBuilder matched:
      - @ConditionalOnMissingBean (types: org.springframework.boot.web.client.RestTemplateBuilder; SearchStrategy: all) did not find any beans (OnBeanCondition)

   SecurityAutoConfiguration matched:
      - @ConditionalOnClass found required class 'org.springframework.security.authentication.DefaultAuthenticationEventPublisher' (OnClassCondition)

   SecurityAutoConfiguration#authenticationEventPublisher matched:
      - @ConditionalOnMissingBean (types: org.springframework.security.authentication.AuthenticationEventPublisher; SearchStrategy: all) did not find any beans (OnBeanCondition)

   SecurityFilterAutoConfiguration matched:
      - @ConditionalOnClass found required classes 'org.springframework.security.web.context.AbstractSecurityWebApplicationInitializer', 'org.springframework.security.config.http.SessionCreationPolicy' (OnClassCondition)
      - found 'session' scope (OnWebApplicationCondition)

   SecurityFilterAutoConfiguration#securityFilterChainRegistration matched:
      - @ConditionalOnBean (names: springSecurityFilterChain; SearchStrategy: all) found bean 'springSecurityFilterChain' (OnBeanCondition)

   ServletWebServerFactoryAutoConfiguration matched:
      - @ConditionalOnClass found required class 'jakarta.servlet.ServletRequest' (OnClassCondition)
      - found 'session' scope (OnWebApplicationCondition)

   ServletWebServerFactoryAutoConfiguration#tomcatServletWebServerFactoryCustomizer matched:
      - @ConditionalOnClass found required class 'org.apache.catalina.startup.Tomcat' (OnClassCondition)

   ServletWebServerFactoryConfiguration.EmbeddedTomcat matched:
      - @ConditionalOnClass found required classes 'jakarta.servlet.Servlet', 'org.apache.catalina.startup.Tomcat', 'org.apache.coyote.UpgradeProtocol' (OnClassCondition)
      - @ConditionalOnMissingBean (types: org.springframework.boot.web.servlet.server.ServletWebServerFactory; SearchStrategy: current) did not find any beans (OnBeanCondition)

   SimpleCacheConfiguration matched:
      - Cache org.springframework.boot.autoconfigure.cache.SimpleCacheConfiguration automatic cache type (CacheCondition)

   SpringBootWebSecurityConfiguration matched:
      - found 'session' scope (OnWebApplicationCondition)

   SpringDataWebAutoConfiguration matched:
      - @ConditionalOnClass found required classes 'org.springframework.data.web.PageableHandlerMethodArgumentResolver', 'org.springframework.web.servlet.config.annotation.WebMvcConfigurer' (OnClassCondition)
      - found 'session' scope (OnWebApplicationCondition)
      - @ConditionalOnMissingBean (types: org.springframework.data.web.PageableHandlerMethodArgumentResolver; SearchStrategy: all) did not find any beans (OnBeanCondition)

   SpringDataWebAutoConfiguration#pageableCustomizer matched:
      - @ConditionalOnMissingBean (types: org.springframework.data.web.config.PageableHandlerMethodArgumentResolverCustomizer; SearchStrategy: all) did not find any beans (OnBeanCondition)

   SpringDataWebAutoConfiguration#sortCustomizer matched:
      - @ConditionalOnMissingBean (types: org.springframework.data.web.config.SortHandlerMethodArgumentResolverCustomizer; SearchStrategy: all) did not find any beans (OnBeanCondition)

   SqlInitializationAutoConfiguration matched:
      - @ConditionalOnProperty (spring.sql.init.enabled) matched (OnPropertyCondition)
      - NoneNestedConditions 0 matched 1 did not; NestedCondition on SqlInitializationAutoConfiguration.SqlInitializationModeCondition.ModeIsNever @ConditionalOnProperty (spring.sql.init.mode=never) did not find property 'mode' (SqlInitializationAutoConfiguration.SqlInitializationModeCondition)

   SslAutoConfiguration#sslBundleRegistry matched:
      - @ConditionalOnMissingBean (types: org.springframework.boot.ssl.SslBundleRegistry,org.springframework.boot.ssl.SslBundles; SearchStrategy: all) did not find any beans (OnBeanCondition)

   TaskExecutionAutoConfiguration matched:
      - @ConditionalOnClass found required class 'org.springframework.scheduling.concurrent.ThreadPoolTaskExecutor' (OnClassCondition)

   TaskExecutorConfigurations.SimpleAsyncTaskExecutorBuilderConfiguration#simpleAsyncTaskExecutorBuilder matched:
      - @ConditionalOnMissingBean (types: org.springframework.boot.task.SimpleAsyncTaskExecutorBuilder; SearchStrategy: all) did not find any beans (OnBeanCondition)
      - @ConditionalOnThreading found PLATFORM (OnThreadingCondition)

   TaskExecutorConfigurations.TaskExecutorBuilderConfiguration#taskExecutorBuilder matched:
      - @ConditionalOnMissingBean (types: org.springframework.boot.task.TaskExecutorBuilder; SearchStrategy: all) did not find any beans (OnBeanCondition)

   TaskExecutorConfigurations.TaskExecutorConfiguration matched:
      - @ConditionalOnMissingBean (types: java.util.concurrent.Executor; SearchStrategy: all) did not find any beans (OnBeanCondition)

   TaskExecutorConfigurations.TaskExecutorConfiguration#applicationTaskExecutor matched:
      - @ConditionalOnThreading found PLATFORM (OnThreadingCondition)

   TaskExecutorConfigurations.ThreadPoolTaskExecutorBuilderConfiguration#threadPoolTaskExecutorBuilder matched:
      - @ConditionalOnMissingBean (types: org.springframework.boot.task.TaskExecutorBuilder,org.springframework.boot.task.ThreadPoolTaskExecutorBuilder; SearchStrategy: all) did not find any beans (OnBeanCondition)

   TaskSchedulingAutoConfiguration matched:
      - @ConditionalOnClass found required class 'org.springframework.scheduling.concurrent.ThreadPoolTaskScheduler' (OnClassCondition)

   TaskSchedulingConfigurations.SimpleAsyncTaskSchedulerBuilderConfiguration#simpleAsyncTaskSchedulerBuilder matched:
      - @ConditionalOnMissingBean (types: org.springframework.boot.task.SimpleAsyncTaskSchedulerBuilder; SearchStrategy: all) did not find any beans (OnBeanCondition)
      - @ConditionalOnThreading found PLATFORM (OnThreadingCondition)

   TaskSchedulingConfigurations.TaskSchedulerBuilderConfiguration#taskSchedulerBuilder matched:
      - @ConditionalOnMissingBean (types: org.springframework.boot.task.TaskSchedulerBuilder; SearchStrategy: all) did not find any beans (OnBeanCondition)

   TaskSchedulingConfigurations.ThreadPoolTaskSchedulerBuilderConfiguration#threadPoolTaskSchedulerBuilder matched:
      - @ConditionalOnMissingBean (types: org.springframework.boot.task.TaskSchedulerBuilder,org.springframework.boot.task.ThreadPoolTaskSchedulerBuilder; SearchStrategy: all) did not find any beans (OnBeanCondition)

   TransactionAutoConfiguration matched:
      - @ConditionalOnClass found required class 'org.springframework.transaction.PlatformTransactionManager' (OnClassCondition)

   TransactionAutoConfiguration.EnableTransactionManagementConfiguration matched:
      - @ConditionalOnBean (types: org.springframework.transaction.TransactionManager; SearchStrategy: all) found bean 'transactionManager'; @ConditionalOnMissingBean (types: org.springframework.transaction.annotation.AbstractTransactionManagementConfiguration; SearchStrategy: all) did not find any beans (OnBeanCondition)

   TransactionAutoConfiguration.EnableTransactionManagementConfiguration.CglibAutoProxyConfiguration matched:
      - @ConditionalOnProperty (spring.aop.proxy-target-class=true) matched (OnPropertyCondition)

   TransactionAutoConfiguration.TransactionTemplateConfiguration matched:
      - @ConditionalOnSingleCandidate (types: org.springframework.transaction.PlatformTransactionManager; SearchStrategy: all) found a single bean 'transactionManager' (OnBeanCondition)

   TransactionAutoConfiguration.TransactionTemplateConfiguration#transactionTemplate matched:
      - @ConditionalOnMissingBean (types: org.springframework.transaction.support.TransactionOperations; SearchStrategy: all) did not find any beans (OnBeanCondition)

   TransactionManagerCustomizationAutoConfiguration matched:
      - @ConditionalOnClass found required class 'org.springframework.transaction.PlatformTransactionManager' (OnClassCondition)

   TransactionManagerCustomizationAutoConfiguration#platformTransactionManagerCustomizers matched:
      - @ConditionalOnMissingBean (types: org.springframework.boot.autoconfigure.transaction.TransactionManagerCustomizers; SearchStrategy: all) did not find any beans (OnBeanCondition)

   ValidationAutoConfiguration matched:
      - @ConditionalOnClass found required class 'jakarta.validation.executable.ExecutableValidator' (OnClassCondition)
      - @ConditionalOnResource found location classpath:META-INF/services/jakarta.validation.spi.ValidationProvider (OnResourceCondition)

   ValidationAutoConfiguration#defaultValidator matched:
      - @ConditionalOnMissingBean (types: jakarta.validation.Validator; SearchStrategy: all) did not find any beans (OnBeanCondition)

   ValidationAutoConfiguration#methodValidationPostProcessor matched:
      - @ConditionalOnMissingBean (types: org.springframework.validation.beanvalidation.MethodValidationPostProcessor; SearchStrategy: current) did not find any beans (OnBeanCondition)

   WebMvcAutoConfiguration matched:
      - @ConditionalOnClass found required classes 'jakarta.servlet.Servlet', 'org.springframework.web.servlet.DispatcherServlet', 'org.springframework.web.servlet.config.annotation.WebMvcConfigurer' (OnClassCondition)
      - found 'session' scope (OnWebApplicationCondition)
      - @ConditionalOnMissingBean (types: org.springframework.web.servlet.config.annotation.WebMvcConfigurationSupport; SearchStrategy: all) did not find any beans (OnBeanCondition)

   WebMvcAutoConfiguration#formContentFilter matched:
      - @ConditionalOnProperty (spring.mvc.formcontent.filter.enabled) matched (OnPropertyCondition)
      - @ConditionalOnMissingBean (types: org.springframework.web.filter.FormContentFilter; SearchStrategy: all) did not find any beans (OnBeanCondition)

   WebMvcAutoConfiguration.EnableWebMvcConfiguration#flashMapManager matched:
      - @ConditionalOnMissingBean (names: flashMapManager; SearchStrategy: all) did not find any beans (OnBeanCondition)

   WebMvcAutoConfiguration.EnableWebMvcConfiguration#localeResolver matched:
      - @ConditionalOnMissingBean (names: localeResolver; SearchStrategy: all) did not find any beans (OnBeanCondition)

   WebMvcAutoConfiguration.EnableWebMvcConfiguration#themeResolver matched:
      - @ConditionalOnMissingBean (names: themeResolver; SearchStrategy: all) did not find any beans (OnBeanCondition)

   WebMvcAutoConfiguration.WebMvcAutoConfigurationAdapter#defaultViewResolver matched:
      - @ConditionalOnMissingBean (types: org.springframework.web.servlet.view.InternalResourceViewResolver; SearchStrategy: all) did not find any beans (OnBeanCondition)

   WebMvcAutoConfiguration.WebMvcAutoConfigurationAdapter#requestContextFilter matched:
      - @ConditionalOnMissingBean (types: org.springframework.web.context.request.RequestContextListener,org.springframework.web.filter.RequestContextFilter; SearchStrategy: all) did not find any beans (OnBeanCondition)

   WebMvcAutoConfiguration.WebMvcAutoConfigurationAdapter#viewResolver matched:
      - @ConditionalOnBean (types: org.springframework.web.servlet.ViewResolver; SearchStrategy: all) found beans 'defaultViewResolver', 'beanNameViewResolver', 'mvcViewResolver'; @ConditionalOnMissingBean (names: viewResolver types: org.springframework.web.servlet.view.ContentNegotiatingViewResolver; SearchStrategy: all) did not find any beans (OnBeanCondition)

   WebSocketServletAutoConfiguration matched:
      - @ConditionalOnClass found required classes 'jakarta.servlet.Servlet', 'jakarta.websocket.server.ServerContainer' (OnClassCondition)
      - found 'session' scope (OnWebApplicationCondition)

   WebSocketServletAutoConfiguration.TomcatWebSocketConfiguration matched:
      - @ConditionalOnClass found required classes 'org.apache.catalina.startup.Tomcat', 'org.apache.tomcat.websocket.server.WsSci' (OnClassCondition)

   WebSocketServletAutoConfiguration.TomcatWebSocketConfiguration#websocketServletWebServerCustomizer matched:
      - @ConditionalOnMissingBean (names: websocketServletWebServerCustomizer; SearchStrategy: all) did not find any beans (OnBeanCondition)


Negative matches:
-----------------

   ActiveMQAutoConfiguration:
      Did not match:
         - @ConditionalOnClass did not find required class 'jakarta.jms.ConnectionFactory' (OnClassCondition)

   AopAutoConfiguration.AspectJAutoProxyingConfiguration.JdkDynamicAutoProxyConfiguration:
      Did not match:
         - @ConditionalOnProperty (spring.aop.proxy-target-class=false) did not find property 'proxy-target-class' (OnPropertyCondition)

   AopAutoConfiguration.ClassProxyingConfiguration:
      Did not match:
         - @ConditionalOnMissingClass found unwanted class 'org.aspectj.weaver.Advice' (OnClassCondition)

   AppEngineAutoConfiguration:
      Did not match:
         - @ConditionalOnClass did not find required classes 'org.flowable.app.engine.AppEngine', 'org.flowable.app.spring.SpringAppEngineConfiguration' (OnClassCondition)

   AppEngineServicesAutoConfiguration:
      Did not match:
         - @ConditionalOnClass did not find required classes 'org.flowable.app.engine.AppEngine', 'org.flowable.app.spring.SpringAppEngineConfiguration' (OnClassCondition)

   ArtemisAutoConfiguration:
      Did not match:
         - @ConditionalOnClass did not find required class 'jakarta.jms.ConnectionFactory' (OnClassCondition)

   BatchAutoConfiguration:
      Did not match:
         - @ConditionalOnClass did not find required class 'org.springframework.batch.core.launch.JobLauncher' (OnClassCondition)

   Cache2kCacheConfiguration:
      Did not match:
         - @ConditionalOnClass did not find required class 'org.cache2k.Cache2kBuilder' (OnClassCondition)

   CacheAutoConfiguration:
      Did not match:
         - @ConditionalOnBean (types: org.springframework.cache.interceptor.CacheAspectSupport; SearchStrategy: all) did not find any beans of type org.springframework.cache.interceptor.CacheAspectSupport (OnBeanCondition)
      Matched:
         - @ConditionalOnClass found required class 'org.springframework.cache.CacheManager' (OnClassCondition)

   CacheAutoConfiguration.CacheManagerEntityManagerFactoryDependsOnPostProcessor:
      Did not match:
         - Ancestor org.springframework.boot.autoconfigure.cache.CacheAutoConfiguration did not match (ConditionEvaluationReport.AncestorsMatchedCondition)
      Matched:
         - @ConditionalOnClass found required class 'org.springframework.orm.jpa.LocalContainerEntityManagerFactoryBean' (OnClassCondition)

   CaffeineCacheConfiguration:
      Did not match:
         - @ConditionalOnClass did not find required class 'com.github.benmanes.caffeine.cache.Caffeine' (OnClassCondition)

   CassandraAutoConfiguration:
      Did not match:
         - @ConditionalOnClass did not find required class 'com.datastax.oss.driver.api.core.CqlSession' (OnClassCondition)

   CassandraDataAutoConfiguration:
      Did not match:
         - @ConditionalOnClass did not find required class 'com.datastax.oss.driver.api.core.CqlSession' (OnClassCondition)

   CassandraReactiveDataAutoConfiguration:
      Did not match:
         - @ConditionalOnClass did not find required class 'com.datastax.oss.driver.api.core.CqlSession' (OnClassCondition)

   CassandraReactiveRepositoriesAutoConfiguration:
      Did not match:
         - @ConditionalOnClass did not find required class 'org.springframework.data.cassandra.ReactiveSession' (OnClassCondition)

   CassandraRepositoriesAutoConfiguration:
      Did not match:
         - @ConditionalOnClass did not find required class 'com.datastax.oss.driver.api.core.CqlSession' (OnClassCondition)

   ClientHttpConnectorAutoConfiguration:
      Did not match:
         - @ConditionalOnClass did not find required class 'org.springframework.web.reactive.function.client.WebClient' (OnClassCondition)

   CmmnEngineAutoConfiguration:
      Did not match:
         - @ConditionalOnClass did not find required classes 'org.flowable.cmmn.engine.CmmnEngine', 'org.flowable.cmmn.spring.SpringCmmnEngineConfiguration' (OnClassCondition)

   CmmnEngineServicesAutoConfiguration:
      Did not match:
         - @ConditionalOnClass did not find required classes 'org.flowable.cmmn.engine.CmmnEngine', 'org.flowable.cmmn.spring.SpringCmmnEngineConfiguration' (OnClassCondition)

   CodecsAutoConfiguration:
      Did not match:
         - @ConditionalOnClass did not find required class 'org.springframework.web.reactive.function.client.WebClient' (OnClassCondition)

   CouchbaseAutoConfiguration:
      Did not match:
         - @ConditionalOnClass did not find required class 'com.couchbase.client.java.Cluster' (OnClassCondition)

   CouchbaseCacheConfiguration:
      Did not match:
         - @ConditionalOnClass did not find required class 'com.couchbase.client.java.Cluster' (OnClassCondition)

   CouchbaseDataAutoConfiguration:
      Did not match:
         - @ConditionalOnClass did not find required class 'com.couchbase.client.java.Bucket' (OnClassCondition)

   CouchbaseReactiveDataAutoConfiguration:
      Did not match:
         - @ConditionalOnClass did not find required class 'com.couchbase.client.java.Cluster' (OnClassCondition)

   CouchbaseReactiveRepositoriesAutoConfiguration:
      Did not match:
         - @ConditionalOnClass did not find required class 'com.couchbase.client.java.Cluster' (OnClassCondition)

   CouchbaseRepositoriesAutoConfiguration:
      Did not match:
         - @ConditionalOnClass did not find required class 'com.couchbase.client.java.Bucket' (OnClassCondition)

   DataSourceAutoConfiguration.EmbeddedDatabaseConfiguration:
      Did not match:
         - EmbeddedDataSource spring.datasource.url is set (DataSourceAutoConfiguration.EmbeddedDatabaseCondition)

   DataSourceCheckpointRestoreConfiguration:
      Did not match:
         - @ConditionalOnClass did not find required class 'org.crac.Resource' (OnClassCondition)

   DataSourceConfiguration.Dbcp2:
      Did not match:
         - @ConditionalOnClass did not find required class 'org.apache.commons.dbcp2.BasicDataSource' (OnClassCondition)

   DataSourceConfiguration.Generic:
      Did not match:
         - @ConditionalOnProperty (spring.datasource.type) did not find property 'spring.datasource.type' (OnPropertyCondition)

   DataSourceConfiguration.OracleUcp:
      Did not match:
         - @ConditionalOnClass did not find required classes 'oracle.ucp.jdbc.PoolDataSourceImpl', 'oracle.jdbc.OracleConnection' (OnClassCondition)

   DataSourceConfiguration.Tomcat:
      Did not match:
         - @ConditionalOnClass did not find required class 'org.apache.tomcat.jdbc.pool.DataSource' (OnClassCondition)

   DataSourceJmxConfiguration.TomcatDataSourceJmxConfiguration:
      Did not match:
         - @ConditionalOnClass did not find required class 'org.apache.tomcat.jdbc.pool.DataSourceProxy' (OnClassCondition)

   DataSourcePoolMetadataProvidersConfiguration.CommonsDbcp2PoolDataSourceMetadataProviderConfiguration:
      Did not match:
         - @ConditionalOnClass did not find required class 'org.apache.commons.dbcp2.BasicDataSource' (OnClassCondition)

   DataSourcePoolMetadataProvidersConfiguration.OracleUcpPoolDataSourceMetadataProviderConfiguration:
      Did not match:
         - @ConditionalOnClass did not find required classes 'oracle.ucp.jdbc.PoolDataSource', 'oracle.jdbc.OracleConnection' (OnClassCondition)

   DataSourcePoolMetadataProvidersConfiguration.TomcatDataSourcePoolMetadataProviderConfiguration:
      Did not match:
         - @ConditionalOnClass did not find required class 'org.apache.tomcat.jdbc.pool.DataSource' (OnClassCondition)

   DataSourceTransactionManagerAutoConfiguration.JdbcTransactionManagerConfiguration#transactionManager:
      Did not match:
         - @ConditionalOnMissingBean (types: org.springframework.transaction.TransactionManager; SearchStrategy: all) found beans of type 'org.springframework.transaction.TransactionManager' transactionManager (OnBeanCondition)

   DispatcherServletAutoConfiguration.DispatcherServletConfiguration#multipartResolver:
      Did not match:
         - @ConditionalOnBean (types: org.springframework.web.multipart.MultipartResolver; SearchStrategy: all) did not find any beans of type org.springframework.web.multipart.MultipartResolver (OnBeanCondition)

   DmnEngineAutoConfiguration:
      Did not match:
         - @ConditionalOnClass did not find required classes 'org.flowable.dmn.engine.DmnEngine', 'org.flowable.dmn.spring.SpringDmnEngineConfiguration' (OnClassCondition)

   DmnEngineServicesAutoConfiguration:
      Did not match:
         - @ConditionalOnClass did not find required classes 'org.flowable.dmn.engine.DmnEngine', 'org.flowable.dmn.spring.SpringDmnEngineConfiguration' (OnClassCondition)

   ElasticsearchClientAutoConfiguration:
      Did not match:
         - @ConditionalOnClass did not find required class 'co.elastic.clients.elasticsearch.ElasticsearchClient' (OnClassCondition)

   ElasticsearchDataAutoConfiguration:
      Did not match:
         - @ConditionalOnClass did not find required class 'org.springframework.data.elasticsearch.client.elc.ElasticsearchTemplate' (OnClassCondition)

   ElasticsearchRepositoriesAutoConfiguration:
      Did not match:
         - @ConditionalOnClass did not find required class 'org.springframework.data.elasticsearch.repository.ElasticsearchRepository' (OnClassCondition)

   ElasticsearchRestClientAutoConfiguration:
      Did not match:
         - @ConditionalOnClass did not find required class 'org.elasticsearch.client.RestClientBuilder' (OnClassCondition)

   EmbeddedLdapAutoConfiguration:
      Did not match:
         - @ConditionalOnClass did not find required class 'com.unboundid.ldap.listener.InMemoryDirectoryServer' (OnClassCondition)

   EmbeddedWebServerFactoryCustomizerAutoConfiguration.JettyWebServerFactoryCustomizerConfiguration:
      Did not match:
         - @ConditionalOnClass did not find required classes 'org.eclipse.jetty.server.Server', 'org.eclipse.jetty.util.Loader', 'org.eclipse.jetty.ee10.webapp.WebAppContext' (OnClassCondition)

   EmbeddedWebServerFactoryCustomizerAutoConfiguration.NettyWebServerFactoryCustomizerConfiguration:
      Did not match:
         - @ConditionalOnClass did not find required class 'reactor.netty.http.server.HttpServer' (OnClassCondition)

   EmbeddedWebServerFactoryCustomizerAutoConfiguration.TomcatWebServerFactoryCustomizerConfiguration#tomcatVirtualThreadsProtocolHandlerCustomizer:
      Did not match:
         - @ConditionalOnThreading did not find VIRTUAL (OnThreadingCondition)

   EmbeddedWebServerFactoryCustomizerAutoConfiguration.UndertowWebServerFactoryCustomizerConfiguration:
      Did not match:
         - @ConditionalOnClass did not find required classes 'io.undertow.Undertow', 'org.xnio.SslClientAuthMode' (OnClassCondition)

   EndpointAutoConfiguration:
      Did not match:
         - @ConditionalOnClass did not find required class 'org.springframework.boot.actuate.endpoint.annotation.Endpoint' (OnClassCondition)

   ErrorWebFluxAutoConfiguration:
      Did not match:
         - @ConditionalOnClass did not find required class 'org.springframework.web.reactive.config.WebFluxConfigurer' (OnClassCondition)

   EventRegistryAutoConfiguration:
      Did not match:
         - @ConditionalOnProperty (flowable.eventregistry.enabled=true) found different value in property 'enabled' (OnPropertyCondition)
      Matched:
         - @ConditionalOnClass found required classes 'org.flowable.eventregistry.impl.EventRegistryEngine', 'org.flowable.eventregistry.spring.SpringEventRegistryEngineConfiguration' (OnClassCondition)

   EventRegistryServicesAutoConfiguration:
      Did not match:
         - @ConditionalOnProperty (flowable.eventregistry.enabled=true) found different value in property 'enabled' (OnPropertyCondition)
      Matched:
         - @ConditionalOnClass found required classes 'org.flowable.eventregistry.impl.EventRegistryEngine', 'org.flowable.eventregistry.spring.SpringEventRegistryEngineConfiguration' (OnClassCondition)

   FlowableInfoAutoConfiguration:
      Did not match:
         - @ConditionalOnClass did not find required classes 'org.springframework.boot.actuate.info.InfoContributor', 'org.springframework.boot.actuate.autoconfigure.info.ConditionalOnEnabledInfoContributor' (OnClassCondition)

   FlowableJobConfiguration#taskExecutor:
      Did not match:
         - @ConditionalOnMissingBean (types: org.springframework.core.task.AsyncTaskExecutor; SearchStrategy: all) found beans of type 'org.springframework.core.task.AsyncTaskExecutor' applicationTaskExecutor (OnBeanCondition)

   FlowableLdapAutoConfiguration:
      Did not match:
         - @ConditionalOnClass did not find required classes 'org.flowable.ldap.LDAPConfiguration', 'org.flowable.idm.spring.SpringIdmEngineConfiguration' (OnClassCondition)

   FlowableSecurityAutoConfiguration:
      Did not match:
         - @ConditionalOnBean (types: org.flowable.idm.api.IdmIdentityService; SearchStrategy: all) did not find any beans of type org.flowable.idm.api.IdmIdentityService (OnBeanCondition)
      Matched:
         - @ConditionalOnClass found required classes 'org.springframework.security.authentication.AuthenticationManager', 'org.flowable.idm.api.IdmIdentityService', 'org.flowable.spring.security.FlowableUserDetailsService', 'org.springframework.security.config.annotation.authentication.configuration.GlobalAuthenticationConfigurerAdapter' (OnClassCondition)

   FlowableSecurityAutoConfiguration.SpringSecurityAuthenticationContextConfiguration:
      Did not match:
         - Ancestor org.flowable.spring.boot.FlowableSecurityAutoConfiguration did not match (ConditionEvaluationReport.AncestorsMatchedCondition)
      Matched:
         - @ConditionalOnClass found required class 'org.flowable.common.engine.api.identity.AuthenticationContext' (OnClassCondition)

   FlywayAutoConfiguration.FlywayConfiguration#oracleFlywayConfigurationCustomizer:
      Did not match:
         - @ConditionalOnClass did not find required class 'org.flywaydb.database.oracle.OracleConfigurationExtension' (OnClassCondition)

   FlywayAutoConfiguration.FlywayConfiguration#postgresqlFlywayConfigurationCustomizer:
      Did not match:
         - @ConditionalOnClass did not find required class 'org.flywaydb.database.postgresql.PostgreSQLConfigurationExtension' (OnClassCondition)

   FlywayAutoConfiguration.FlywayConfiguration#sqlServerFlywayConfigurationCustomizer:
      Did not match:
         - @ConditionalOnClass did not find required class 'org.flywaydb.database.sqlserver.SQLServerConfigurationExtension' (OnClassCondition)

   FreeMarkerAutoConfiguration:
      Did not match:
         - @ConditionalOnClass did not find required class 'freemarker.template.Configuration' (OnClassCondition)

   GraphQlAutoConfiguration:
      Did not match:
         - @ConditionalOnClass did not find required class 'graphql.GraphQL' (OnClassCondition)

   GraphQlQueryByExampleAutoConfiguration:
      Did not match:
         - @ConditionalOnClass did not find required class 'graphql.GraphQL' (OnClassCondition)

   GraphQlQuerydslAutoConfiguration:
      Did not match:
         - @ConditionalOnClass did not find required class 'com.querydsl.core.Query' (OnClassCondition)

   GraphQlRSocketAutoConfiguration:
      Did not match:
         - @ConditionalOnClass did not find required class 'graphql.GraphQL' (OnClassCondition)

   GraphQlReactiveQueryByExampleAutoConfiguration:
      Did not match:
         - @ConditionalOnClass did not find required class 'graphql.GraphQL' (OnClassCondition)

   GraphQlReactiveQuerydslAutoConfiguration:
      Did not match:
         - @ConditionalOnClass did not find required class 'com.querydsl.core.Query' (OnClassCondition)

   GraphQlWebFluxAutoConfiguration:
      Did not match:
         - @ConditionalOnClass did not find required class 'graphql.GraphQL' (OnClassCondition)

   GraphQlWebFluxSecurityAutoConfiguration:
      Did not match:
         - @ConditionalOnClass did not find required class 'graphql.GraphQL' (OnClassCondition)

   GraphQlWebMvcAutoConfiguration:
      Did not match:
         - @ConditionalOnClass did not find required class 'graphql.GraphQL' (OnClassCondition)

   GraphQlWebMvcSecurityAutoConfiguration:
      Did not match:
         - @ConditionalOnClass did not find required class 'graphql.GraphQL' (OnClassCondition)

   GroovyTemplateAutoConfiguration:
      Did not match:
         - @ConditionalOnClass did not find required class 'groovy.text.markup.MarkupTemplateEngine' (OnClassCondition)

   GsonHttpMessageConvertersConfiguration.GsonHttpMessageConverterConfiguration:
      Did not match:
         - AnyNestedCondition 0 matched 2 did not; NestedCondition on GsonHttpMessageConvertersConfiguration.PreferGsonOrJacksonAndJsonbUnavailableCondition.JacksonJsonbUnavailable NoneNestedConditions 1 matched 1 did not; NestedCondition on GsonHttpMessageConvertersConfiguration.JacksonAndJsonbUnavailableCondition.JsonbPreferred @ConditionalOnProperty (spring.mvc.converters.preferred-json-mapper=jsonb) did not find property 'spring.mvc.converters.preferred-json-mapper'; NestedCondition on GsonHttpMessageConvertersConfiguration.JacksonAndJsonbUnavailableCondition.JacksonAvailable @ConditionalOnBean (types: org.springframework.http.converter.json.MappingJackson2HttpMessageConverter; SearchStrategy: all) found bean 'mappingJackson2HttpMessageConverter'; NestedCondition on GsonHttpMessageConvertersConfiguration.PreferGsonOrJacksonAndJsonbUnavailableCondition.GsonPreferred @ConditionalOnProperty (spring.mvc.converters.preferred-json-mapper=gson) did not find property 'spring.mvc.converters.preferred-json-mapper' (GsonHttpMessageConvertersConfiguration.PreferGsonOrJacksonAndJsonbUnavailableCondition)

   H2ConsoleAutoConfiguration:
      Did not match:
         - @ConditionalOnClass did not find required class 'org.h2.server.web.JakartaWebServlet' (OnClassCondition)

   HazelcastAutoConfiguration:
      Did not match:
         - @ConditionalOnClass did not find required class 'com.hazelcast.core.HazelcastInstance' (OnClassCondition)

   HazelcastCacheConfiguration:
      Did not match:
         - @ConditionalOnClass did not find required class 'com.hazelcast.core.HazelcastInstance' (OnClassCondition)

   HazelcastJpaDependencyAutoConfiguration:
      Did not match:
         - @ConditionalOnClass did not find required class 'com.hazelcast.core.HazelcastInstance' (OnClassCondition)

   HttpHandlerAutoConfiguration:
      Did not match:
         - @ConditionalOnClass did not find required class 'org.springframework.web.reactive.DispatcherHandler' (OnClassCondition)

   HypermediaAutoConfiguration:
      Did not match:
         - @ConditionalOnClass did not find required class 'org.springframework.hateoas.EntityModel' (OnClassCondition)

   IdmEngineAutoConfiguration:
      Did not match:
         - @ConditionalOnClass did not find required class 'org.flowable.idm.spring.SpringIdmEngineConfiguration' (OnClassCondition)

   IdmEngineServicesAutoConfiguration:
      Did not match:
         - @ConditionalOnClass did not find required class 'org.flowable.idm.spring.SpringIdmEngineConfiguration' (OnClassCondition)

   InfinispanCacheConfiguration:
      Did not match:
         - @ConditionalOnClass did not find required class 'org.infinispan.spring.embedded.provider.SpringEmbeddedCacheManager' (OnClassCondition)

   InfluxDbAutoConfiguration:
      Did not match:
         - @ConditionalOnClass did not find required class 'org.influxdb.InfluxDB' (OnClassCondition)

   IntegrationAutoConfiguration:
      Did not match:
         - @ConditionalOnClass did not find required class 'org.springframework.integration.config.EnableIntegration' (OnClassCondition)

   JCacheCacheConfiguration:
      Did not match:
         - @ConditionalOnClass did not find required class 'javax.cache.Caching' (OnClassCondition)

   JacksonHttpMessageConvertersConfiguration.MappingJackson2XmlHttpMessageConverterConfiguration:
      Did not match:
         - @ConditionalOnClass did not find required class 'com.fasterxml.jackson.dataformat.xml.XmlMapper' (OnClassCondition)

   JdbcRepositoriesAutoConfiguration:
      Did not match:
         - @ConditionalOnClass did not find required class 'org.springframework.data.jdbc.repository.config.AbstractJdbcConfiguration' (OnClassCondition)

   JerseyAutoConfiguration:
      Did not match:
         - @ConditionalOnClass did not find required class 'org.glassfish.jersey.server.spring.SpringComponentProvider' (OnClassCondition)

   JmsAutoConfiguration:
      Did not match:
         - @ConditionalOnClass did not find required class 'jakarta.jms.Message' (OnClassCondition)

   JmxAutoConfiguration:
      Did not match:
         - @ConditionalOnProperty (spring.jmx.enabled=true) did not find property 'enabled' (OnPropertyCondition)
      Matched:
         - @ConditionalOnClass found required class 'org.springframework.jmx.export.MBeanExporter' (OnClassCondition)

   JndiConnectionFactoryAutoConfiguration:
      Did not match:
         - @ConditionalOnClass did not find required class 'org.springframework.jms.core.JmsTemplate' (OnClassCondition)

   JndiDataSourceAutoConfiguration:
      Did not match:
         - @ConditionalOnProperty (spring.datasource.jndi-name) did not find property 'jndi-name' (OnPropertyCondition)
      Matched:
         - @ConditionalOnClass found required classes 'javax.sql.DataSource', 'org.springframework.jdbc.datasource.embedded.EmbeddedDatabaseType' (OnClassCondition)

   JndiJtaConfiguration:
      Did not match:
         - @ConditionalOnJndi JNDI environment is not available (OnJndiCondition)
      Matched:
         - @ConditionalOnClass found required class 'org.springframework.transaction.jta.JtaTransactionManager' (OnClassCondition)

   JooqAutoConfiguration:
      Did not match:
         - @ConditionalOnClass did not find required class 'org.jooq.DSLContext' (OnClassCondition)

   JpaBaseConfiguration.JpaWebConfiguration:
      Did not match:
         - @ConditionalOnProperty (spring.jpa.open-in-view=true) found different value in property 'open-in-view' (OnPropertyCondition)
      Matched:
         - @ConditionalOnClass found required class 'org.springframework.web.servlet.config.annotation.WebMvcConfigurer' (OnClassCondition)
         - found 'session' scope (OnWebApplicationCondition)

   JpaRepositoriesAutoConfiguration#entityManagerFactoryBootstrapExecutorCustomizer:
      Did not match:
         - AnyNestedCondition 0 matched 2 did not; NestedCondition on JpaRepositoriesAutoConfiguration.BootstrapExecutorCondition.LazyBootstrapMode @ConditionalOnProperty (spring.data.jpa.repositories.bootstrap-mode=lazy) did not find property 'bootstrap-mode'; NestedCondition on JpaRepositoriesAutoConfiguration.BootstrapExecutorCondition.DeferredBootstrapMode @ConditionalOnProperty (spring.data.jpa.repositories.bootstrap-mode=deferred) did not find property 'bootstrap-mode' (JpaRepositoriesAutoConfiguration.BootstrapExecutorCondition)

   JsonbAutoConfiguration:
      Did not match:
         - @ConditionalOnClass did not find required class 'jakarta.json.bind.Jsonb' (OnClassCondition)

   JsonbHttpMessageConvertersConfiguration:
      Did not match:
         - @ConditionalOnClass did not find required class 'jakarta.json.bind.Jsonb' (OnClassCondition)

   KafkaAutoConfiguration:
      Did not match:
         - @ConditionalOnClass did not find required class 'org.springframework.kafka.core.KafkaTemplate' (OnClassCondition)

   LdapAutoConfiguration:
      Did not match:
         - @ConditionalOnClass did not find required class 'org.springframework.ldap.core.ContextSource' (OnClassCondition)

   LdapRepositoriesAutoConfiguration:
      Did not match:
         - @ConditionalOnClass did not find required class 'org.springframework.data.ldap.repository.LdapRepository' (OnClassCondition)

   LiquibaseAutoConfiguration:
      Did not match:
         - @ConditionalOnProperty (spring.liquibase.enabled) found different value in property 'enabled' (OnPropertyCondition)
      Matched:
         - @ConditionalOnClass found required classes 'liquibase.integration.spring.SpringLiquibase', 'liquibase.change.DatabaseChange' (OnClassCondition)

   MailSenderAutoConfiguration:
      Did not match:
         - @ConditionalOnClass did not find required class 'org.springframework.mail.MailSender' (OnClassCondition)

   MailSenderValidatorAutoConfiguration:
      Did not match:
         - @ConditionalOnSingleCandidate did not find required type 'org.springframework.mail.javamail.JavaMailSenderImpl' (OnBeanCondition)

   MessageSourceAutoConfiguration:
      Did not match:
         - ResourceBundle did not find bundle with basename messages (MessageSourceAutoConfiguration.ResourceBundleCondition)

   MongoAutoConfiguration:
      Did not match:
         - @ConditionalOnClass did not find required class 'com.mongodb.client.MongoClient' (OnClassCondition)

   MongoDataAutoConfiguration:
      Did not match:
         - @ConditionalOnClass did not find required class 'com.mongodb.client.MongoClient' (OnClassCondition)

   MongoReactiveAutoConfiguration:
      Did not match:
         - @ConditionalOnClass did not find required class 'com.mongodb.reactivestreams.client.MongoClient' (OnClassCondition)

   MongoReactiveDataAutoConfiguration:
      Did not match:
         - @ConditionalOnClass did not find required class 'com.mongodb.reactivestreams.client.MongoClient' (OnClassCondition)

   MongoReactiveRepositoriesAutoConfiguration:
      Did not match:
         - @ConditionalOnClass did not find required class 'com.mongodb.reactivestreams.client.MongoClient' (OnClassCondition)

   MongoRepositoriesAutoConfiguration:
      Did not match:
         - @ConditionalOnClass did not find required class 'com.mongodb.client.MongoClient' (OnClassCondition)

   MustacheAutoConfiguration:
      Did not match:
         - @ConditionalOnClass did not find required class 'com.samskivert.mustache.Mustache' (OnClassCondition)

   Neo4jAutoConfiguration:
      Did not match:
         - @ConditionalOnClass did not find required class 'org.neo4j.driver.Driver' (OnClassCondition)

   Neo4jDataAutoConfiguration:
      Did not match:
         - @ConditionalOnClass did not find required class 'org.neo4j.driver.Driver' (OnClassCondition)

   Neo4jReactiveDataAutoConfiguration:
      Did not match:
         - @ConditionalOnClass did not find required class 'org.neo4j.driver.Driver' (OnClassCondition)

   Neo4jReactiveRepositoriesAutoConfiguration:
      Did not match:
         - @ConditionalOnClass did not find required class 'org.neo4j.driver.Driver' (OnClassCondition)

   Neo4jRepositoriesAutoConfiguration:
      Did not match:
         - @ConditionalOnClass did not find required class 'org.neo4j.driver.Driver' (OnClassCondition)

   NettyAutoConfiguration:
      Did not match:
         - @ConditionalOnClass did not find required class 'io.netty.util.NettyRuntime' (OnClassCondition)

   OAuth2AuthorizationServerAutoConfiguration:
      Did not match:
         - @ConditionalOnClass did not find required class 'org.springframework.security.oauth2.server.authorization.OAuth2Authorization' (OnClassCondition)

   OAuth2AuthorizationServerJwtAutoConfiguration:
      Did not match:
         - @ConditionalOnClass did not find required class 'org.springframework.security.oauth2.server.authorization.OAuth2Authorization' (OnClassCondition)

   OAuth2ClientAutoConfiguration:
      Did not match:
         - @ConditionalOnClass did not find required class 'org.springframework.security.oauth2.client.registration.ClientRegistration' (OnClassCondition)

   OAuth2ResourceServerAutoConfiguration:
      Did not match:
         - @ConditionalOnClass did not find required class 'org.springframework.security.oauth2.server.resource.authentication.BearerTokenAuthenticationToken' (OnClassCondition)

   ProcessEngineAutoConfiguration#asyncHistoryExecutor:
      Did not match:
         - @ConditionalOnProperty (flowable.process.async-history.enable) did not find property 'async-history.enable' (OnPropertyCondition)

   ProcessEngineAutoConfiguration#processAsyncHistoryExecutorConfiguration:
      Did not match:
         - @ConditionalOnProperty (flowable.process.async-history.enable) did not find property 'async-history.enable' (OnPropertyCondition)

   ProcessEngineAutoConfiguration.ProcessEngineAppConfiguration:
      Did not match:
         - @ConditionalOnBean (types: org.flowable.app.spring.SpringAppEngineConfiguration; SearchStrategy: all) did not find any beans of type org.flowable.app.spring.SpringAppEngineConfiguration (OnBeanCondition)

   ProcessEngineServicesAutoConfiguration.AlreadyInitializedAppEngineConfiguration:
      Did not match:
         - @ConditionalOnBean (types: org.flowable.app.engine.AppEngine; SearchStrategy: all) did not find any beans of type org.flowable.app.engine.AppEngine (OnBeanCondition)

   ProjectInfoAutoConfiguration#buildProperties:
      Did not match:
         - @ConditionalOnResource did not find resource '${spring.info.build.location:classpath:META-INF/build-info.properties}' (OnResourceCondition)

   ProjectInfoAutoConfiguration#gitProperties:
      Did not match:
         - GitResource did not find git info at classpath:git.properties (ProjectInfoAutoConfiguration.GitResourceAvailableCondition)

   PulsarAutoConfiguration:
      Did not match:
         - @ConditionalOnClass did not find required class 'org.apache.pulsar.client.api.PulsarClient' (OnClassCondition)

   PulsarReactiveAutoConfiguration:
      Did not match:
         - @ConditionalOnClass did not find required class 'org.apache.pulsar.client.api.PulsarClient' (OnClassCondition)

   QuartzAutoConfiguration:
      Did not match:
         - @ConditionalOnClass did not find required class 'org.quartz.Scheduler' (OnClassCondition)

   R2dbcAutoConfiguration:
      Did not match:
         - @ConditionalOnClass did not find required class 'io.r2dbc.spi.ConnectionFactory' (OnClassCondition)

   R2dbcDataAutoConfiguration:
      Did not match:
         - @ConditionalOnClass did not find required class 'org.springframework.data.r2dbc.core.R2dbcEntityTemplate' (OnClassCondition)

   R2dbcInitializationConfiguration:
      Did not match:
         - @ConditionalOnClass did not find required classes 'io.r2dbc.spi.ConnectionFactory', 'org.springframework.r2dbc.connection.init.DatabasePopulator' (OnClassCondition)

   R2dbcRepositoriesAutoConfiguration:
      Did not match:
         - @ConditionalOnClass did not find required class 'io.r2dbc.spi.ConnectionFactory' (OnClassCondition)

   R2dbcTransactionManagerAutoConfiguration:
      Did not match:
         - @ConditionalOnClass did not find required class 'org.springframework.r2dbc.connection.R2dbcTransactionManager' (OnClassCondition)

   RSocketGraphQlClientAutoConfiguration:
      Did not match:
         - @ConditionalOnClass did not find required class 'graphql.GraphQL' (OnClassCondition)

   RSocketMessagingAutoConfiguration:
      Did not match:
         - @ConditionalOnClass did not find required class 'io.rsocket.RSocket' (OnClassCondition)

   RSocketRequesterAutoConfiguration:
      Did not match:
         - @ConditionalOnClass did not find required class 'io.rsocket.RSocket' (OnClassCondition)

   RSocketSecurityAutoConfiguration:
      Did not match:
         - @ConditionalOnClass did not find required class 'org.springframework.security.rsocket.core.SecuritySocketAcceptorInterceptor' (OnClassCondition)

   RSocketServerAutoConfiguration:
      Did not match:
         - @ConditionalOnClass did not find required class 'io.rsocket.core.RSocketServer' (OnClassCondition)

   RSocketStrategiesAutoConfiguration:
      Did not match:
         - @ConditionalOnClass did not find required class 'io.netty.buffer.PooledByteBufAllocator' (OnClassCondition)

   RabbitAutoConfiguration:
      Did not match:
         - @ConditionalOnClass did not find required class 'com.rabbitmq.client.Channel' (OnClassCondition)

   ReactiveElasticsearchClientAutoConfiguration:
      Did not match:
         - @ConditionalOnClass did not find required class 'co.elastic.clients.transport.ElasticsearchTransport' (OnClassCondition)

   ReactiveElasticsearchRepositoriesAutoConfiguration:
      Did not match:
         - @ConditionalOnClass did not find required class 'reactor.core.publisher.Mono' (OnClassCondition)

   ReactiveMultipartAutoConfiguration:
      Did not match:
         - @ConditionalOnClass did not find required class 'org.springframework.web.reactive.config.WebFluxConfigurer' (OnClassCondition)

   ReactiveOAuth2ClientAutoConfiguration:
      Did not match:
         - @ConditionalOnClass did not find required class 'reactor.core.publisher.Flux' (OnClassCondition)

   ReactiveOAuth2ResourceServerAutoConfiguration:
      Did not match:
         - @ConditionalOnWebApplication did not find reactive web application classes (OnWebApplicationCondition)

   ReactiveSecurityAutoConfiguration:
      Did not match:
         - @ConditionalOnClass did not find required class 'reactor.core.publisher.Flux' (OnClassCondition)

   ReactiveUserDetailsServiceAutoConfiguration:
      Did not match:
         - AnyNestedCondition 0 matched 2 did not; NestedCondition on ReactiveUserDetailsServiceAutoConfiguration.RSocketEnabledOrReactiveWebApplication.ReactiveWebApplicationCondition did not find reactive web application classes; NestedCondition on ReactiveUserDetailsServiceAutoConfiguration.RSocketEnabledOrReactiveWebApplication.RSocketSecurityEnabledCondition @ConditionalOnBean (types: org.springframework.messaging.rsocket.annotation.support.RSocketMessageHandler; SearchStrategy: all) did not find any beans of type org.springframework.messaging.rsocket.annotation.support.RSocketMessageHandler (ReactiveUserDetailsServiceAutoConfiguration.RSocketEnabledOrReactiveWebApplication)
      Matched:
         - @ConditionalOnClass found required class 'org.springframework.security.authentication.ReactiveAuthenticationManager' (OnClassCondition)
         - AnyNestedCondition 1 matched 2 did not; NestedCondition on ReactiveUserDetailsServiceAutoConfiguration.MissingAlternativeOrUserPropertiesConfigured.PasswordConfigured @ConditionalOnProperty (spring.security.user.password) did not find property 'password'; NestedCondition on ReactiveUserDetailsServiceAutoConfiguration.MissingAlternativeOrUserPropertiesConfigured.NameConfigured @ConditionalOnProperty (spring.security.user.name) did not find property 'name'; NestedCondition on ReactiveUserDetailsServiceAutoConfiguration.MissingAlternativeOrUserPropertiesConfigured.MissingAlternative @ConditionalOnMissingClass did not find unwanted classes 'org.springframework.security.oauth2.client.registration.ClientRegistrationRepository', 'org.springframework.security.oauth2.server.resource.introspection.ReactiveOpaqueTokenIntrospector' (ReactiveUserDetailsServiceAutoConfiguration.MissingAlternativeOrUserPropertiesConfigured)

   ReactiveWebServerFactoryAutoConfiguration:
      Did not match:
         - @ConditionalOnWebApplication did not find reactive web application classes (OnWebApplicationCondition)

   ReactorAutoConfiguration:
      Did not match:
         - @ConditionalOnClass did not find required class 'reactor.core.publisher.Hooks' (OnClassCondition)

   RedisAutoConfiguration:
      Did not match:
         - @ConditionalOnClass did not find required class 'org.springframework.data.redis.core.RedisOperations' (OnClassCondition)

   RedisCacheConfiguration:
      Did not match:
         - @ConditionalOnClass did not find required class 'org.springframework.data.redis.connection.RedisConnectionFactory' (OnClassCondition)

   RedisReactiveAutoConfiguration:
      Did not match:
         - @ConditionalOnClass did not find required class 'reactor.core.publisher.Flux' (OnClassCondition)

   RedisRepositoriesAutoConfiguration:
      Did not match:
         - @ConditionalOnClass did not find required class 'org.springframework.data.redis.repository.configuration.EnableRedisRepositories' (OnClassCondition)

   RepositoryRestMvcAutoConfiguration:
      Did not match:
         - @ConditionalOnClass did not find required class 'org.springframework.data.rest.webmvc.config.RepositoryRestMvcConfiguration' (OnClassCondition)

   RestApiAutoConfiguration:
      Did not match:
         - @ConditionalOnClass did not find required class 'org.flowable.common.rest.resolver.ContentTypeResolver' (OnClassCondition)

   Saml2RelyingPartyAutoConfiguration:
      Did not match:
         - @ConditionalOnClass did not find required class 'org.springframework.security.saml2.provider.service.registration.RelyingPartyRegistrationRepository' (OnClassCondition)

   SecurityDataConfiguration:
      Did not match:
         - @ConditionalOnClass did not find required class 'org.springframework.security.data.repository.query.SecurityEvaluationContextExtension' (OnClassCondition)

   SendGridAutoConfiguration:
      Did not match:
         - @ConditionalOnClass did not find required class 'com.sendgrid.SendGrid' (OnClassCondition)

   ServletWebServerFactoryAutoConfiguration.ForwardedHeaderFilterConfiguration:
      Did not match:
         - @ConditionalOnProperty (server.forward-headers-strategy=framework) did not find property 'server.forward-headers-strategy' (OnPropertyCondition)

   ServletWebServerFactoryConfiguration.EmbeddedJetty:
      Did not match:
         - @ConditionalOnClass did not find required classes 'org.eclipse.jetty.server.Server', 'org.eclipse.jetty.util.Loader', 'org.eclipse.jetty.ee10.webapp.WebAppContext' (OnClassCondition)

   ServletWebServerFactoryConfiguration.EmbeddedUndertow:
      Did not match:
         - @ConditionalOnClass did not find required classes 'io.undertow.Undertow', 'org.xnio.SslClientAuthMode' (OnClassCondition)

   SessionAutoConfiguration:
      Did not match:
         - @ConditionalOnClass did not find required class 'org.springframework.session.Session' (OnClassCondition)

   SpringApplicationAdminJmxAutoConfiguration:
      Did not match:
         - @ConditionalOnProperty (spring.application.admin.enabled=true) did not find property 'enabled' (OnPropertyCondition)

   SpringBootWebSecurityConfiguration.SecurityFilterChainConfiguration:
      Did not match:
         - AllNestedConditions 1 matched 1 did not; NestedCondition on DefaultWebSecurityCondition.Beans @ConditionalOnMissingBean (types: org.springframework.security.web.SecurityFilterChain; SearchStrategy: all) found beans of type 'org.springframework.security.web.SecurityFilterChain' securityFilterChain; NestedCondition on DefaultWebSecurityCondition.Classes @ConditionalOnClass found required classes 'org.springframework.security.web.SecurityFilterChain', 'org.springframework.security.config.annotation.web.builders.HttpSecurity' (DefaultWebSecurityCondition)

   SpringBootWebSecurityConfiguration.WebSecurityEnablerConfiguration:
      Did not match:
         - @ConditionalOnMissingBean (names: springSecurityFilterChain; SearchStrategy: all) found beans named springSecurityFilterChain (OnBeanCondition)
      Matched:
         - @ConditionalOnClass found required class 'org.springframework.security.config.annotation.web.configuration.EnableWebSecurity' (OnClassCondition)

   TaskExecutorConfigurations.SimpleAsyncTaskExecutorBuilderConfiguration#simpleAsyncTaskExecutorBuilderVirtualThreads:
      Did not match:
         - @ConditionalOnMissingBean (types: org.springframework.boot.task.SimpleAsyncTaskExecutorBuilder; SearchStrategy: all) found beans of type 'org.springframework.boot.task.SimpleAsyncTaskExecutorBuilder' simpleAsyncTaskExecutorBuilder (OnBeanCondition)

   TaskExecutorConfigurations.TaskExecutorConfiguration#applicationTaskExecutorVirtualThreads:
      Did not match:
         - @ConditionalOnThreading did not find VIRTUAL (OnThreadingCondition)

   TaskSchedulingAutoConfiguration#scheduledBeanLazyInitializationExcludeFilter:
      Did not match:
         - @ConditionalOnBean (names: org.springframework.context.annotation.internalScheduledAnnotationProcessor; SearchStrategy: all) did not find any beans named org.springframework.context.annotation.internalScheduledAnnotationProcessor (OnBeanCondition)

   TaskSchedulingConfigurations.SimpleAsyncTaskSchedulerBuilderConfiguration#simpleAsyncTaskSchedulerBuilderVirtualThreads:
      Did not match:
         - @ConditionalOnMissingBean (types: org.springframework.boot.task.SimpleAsyncTaskSchedulerBuilder; SearchStrategy: all) found beans of type 'org.springframework.boot.task.SimpleAsyncTaskSchedulerBuilder' simpleAsyncTaskSchedulerBuilder (OnBeanCondition)

   TaskSchedulingConfigurations.TaskSchedulerConfiguration:
      Did not match:
         - @ConditionalOnBean (names: org.springframework.context.annotation.internalScheduledAnnotationProcessor; SearchStrategy: all) did not find any beans named org.springframework.context.annotation.internalScheduledAnnotationProcessor (OnBeanCondition)

   ThymeleafAutoConfiguration:
      Did not match:
         - @ConditionalOnClass did not find required class 'org.thymeleaf.spring6.SpringTemplateEngine' (OnClassCondition)

   TransactionAutoConfiguration#transactionalOperator:
      Did not match:
         - @ConditionalOnSingleCandidate (types: org.springframework.transaction.ReactiveTransactionManager; SearchStrategy: all) did not find any beans (OnBeanCondition)

   TransactionAutoConfiguration.AspectJTransactionManagementConfiguration:
      Did not match:
         - @ConditionalOnBean (types: org.springframework.transaction.aspectj.AbstractTransactionAspect; SearchStrategy: all) did not find any beans of type org.springframework.transaction.aspectj.AbstractTransactionAspect (OnBeanCondition)

   TransactionAutoConfiguration.EnableTransactionManagementConfiguration.JdkDynamicAutoProxyConfiguration:
      Did not match:
         - @ConditionalOnProperty (spring.aop.proxy-target-class=false) did not find property 'proxy-target-class' (OnPropertyCondition)

   UserDetailsServiceAutoConfiguration:
      Did not match:
         - @ConditionalOnMissingBean (types: org.springframework.security.authentication.AuthenticationManager,org.springframework.security.authentication.AuthenticationProvider,org.springframework.security.core.userdetails.UserDetailsService,org.springframework.security.authentication.AuthenticationManagerResolver,org.springframework.security.oauth2.jwt.JwtDecoder; SearchStrategy: all) found beans of type 'org.springframework.security.authentication.AuthenticationManager' authenticationManager and found beans of type 'org.springframework.security.core.userdetails.UserDetailsService' appUserDetailsService and found beans of type 'org.springframework.security.authentication.AuthenticationProvider' authenticationProvider (OnBeanCondition)
      Matched:
         - @ConditionalOnClass found required class 'org.springframework.security.authentication.AuthenticationManager' (OnClassCondition)
         - AnyNestedCondition 1 matched 2 did not; NestedCondition on UserDetailsServiceAutoConfiguration.MissingAlternativeOrUserPropertiesConfigured.PasswordConfigured @ConditionalOnProperty (spring.security.user.password) did not find property 'password'; NestedCondition on UserDetailsServiceAutoConfiguration.MissingAlternativeOrUserPropertiesConfigured.NameConfigured @ConditionalOnProperty (spring.security.user.name) did not find property 'name'; NestedCondition on UserDetailsServiceAutoConfiguration.MissingAlternativeOrUserPropertiesConfigured.MissingAlternative @ConditionalOnMissingClass did not find unwanted classes 'org.springframework.security.oauth2.client.registration.ClientRegistrationRepository', 'org.springframework.security.oauth2.server.resource.introspection.OpaqueTokenIntrospector', 'org.springframework.security.saml2.provider.service.registration.RelyingPartyRegistrationRepository' (UserDetailsServiceAutoConfiguration.MissingAlternativeOrUserPropertiesConfigured)

   WebClientAutoConfiguration:
      Did not match:
         - @ConditionalOnClass did not find required class 'org.springframework.web.reactive.function.client.WebClient' (OnClassCondition)

   WebFluxAutoConfiguration:
      Did not match:
         - @ConditionalOnClass did not find required class 'org.springframework.web.reactive.config.WebFluxConfigurer' (OnClassCondition)

   WebMvcAutoConfiguration#hiddenHttpMethodFilter:
      Did not match:
         - @ConditionalOnProperty (spring.mvc.hiddenmethod.filter.enabled) did not find property 'enabled' (OnPropertyCondition)

   WebMvcAutoConfiguration.ProblemDetailsErrorHandlingConfiguration:
      Did not match:
         - @ConditionalOnProperty (spring.mvc.problemdetails.enabled=true) did not find property 'enabled' (OnPropertyCondition)

   WebMvcAutoConfiguration.ResourceChainCustomizerConfiguration:
      Did not match:
         - @ConditionalOnEnabledResourceChain did not find class org.webjars.WebJarAssetLocator (OnEnabledResourceChainCondition)

   WebMvcAutoConfiguration.WebMvcAutoConfigurationAdapter#beanNameViewResolver:
      Did not match:
         - @ConditionalOnMissingBean (types: org.springframework.web.servlet.view.BeanNameViewResolver; SearchStrategy: all) found beans of type 'org.springframework.web.servlet.view.BeanNameViewResolver' beanNameViewResolver (OnBeanCondition)

   WebServiceTemplateAutoConfiguration:
      Did not match:
         - @ConditionalOnClass did not find required class 'org.springframework.oxm.Marshaller' (OnClassCondition)

   WebServicesAutoConfiguration:
      Did not match:
         - @ConditionalOnClass did not find required class 'org.springframework.ws.transport.http.MessageDispatcherServlet' (OnClassCondition)

   WebSessionIdResolverAutoConfiguration:
      Did not match:
         - @ConditionalOnClass did not find required class 'reactor.core.publisher.Mono' (OnClassCondition)

   WebSocketMessagingAutoConfiguration:
      Did not match:
         - @ConditionalOnClass did not find required class 'org.springframework.web.socket.config.annotation.WebSocketMessageBrokerConfigurer' (OnClassCondition)

   WebSocketReactiveAutoConfiguration:
      Did not match:
         - @ConditionalOnWebApplication did not find reactive web application classes (OnWebApplicationCondition)

   WebSocketServletAutoConfiguration.JettyWebSocketConfiguration:
      Did not match:
         - @ConditionalOnClass did not find required class 'org.eclipse.jetty.ee10.websocket.jakarta.server.config.JakartaWebSocketServletContainerInitializer' (OnClassCondition)

   WebSocketServletAutoConfiguration.UndertowWebSocketConfiguration:
      Did not match:
         - @ConditionalOnClass did not find required class 'io.undertow.websockets.jsr.Bootstrap' (OnClassCondition)

   XADataSourceAutoConfiguration:
      Did not match:
         - @ConditionalOnBean (types: org.springframework.boot.jdbc.XADataSourceWrapper; SearchStrategy: all) did not find any beans of type org.springframework.boot.jdbc.XADataSourceWrapper (OnBeanCondition)
      Matched:
         - @ConditionalOnClass found required classes 'javax.sql.DataSource', 'jakarta.transaction.TransactionManager', 'org.springframework.jdbc.datasource.embedded.EmbeddedDatabaseType' (OnClassCondition)


Exclusions:
-----------

    None


Unconditional classes:
----------------------

    org.springframework.boot.autoconfigure.context.ConfigurationPropertiesAutoConfiguration

    org.springframework.boot.autoconfigure.ssl.SslAutoConfiguration

    org.springframework.boot.autoconfigure.context.PropertyPlaceholderAutoConfiguration

    org.springframework.boot.autoconfigure.context.LifecycleAutoConfiguration

    org.springframework.boot.autoconfigure.availability.ApplicationAvailabilityAutoConfiguration

    org.springframework.boot.autoconfigure.info.ProjectInfoAutoConfiguration



2026-04-12T10:03:53.551+07:00  INFO 8612 --- [ulos] [           main] com.enterprise.ulos.UlosApplication      : Started UlosApplication in 13.452 seconds (process running for 14.035)
2026-04-12T10:03:53.551+07:00 DEBUG 8612 --- [ulos] [           main] o.s.b.a.ApplicationAvailabilityBean      : Application availability state LivenessState changed to CORRECT
2026-04-12T10:03:53.703+07:00 DEBUG 8612 --- [ulos] [           main] org.hibernate.SQL                        : select awe1_0.id,awe1_0.application_id,awe1_0.application_type,awe1_0.collaterals_json,awe1_0.compliance_json,awe1_0.created_at,awe1_0.current_stage,awe1_0.customer_id,awe1_0.drawdown_conditions_json,awe1_0.facilities_json,awe1_0.financials_json,awe1_0.global_tc_json,awe1_0.linked_collateral_check_ref,awe1_0.linked_slik_check_ref,awe1_0.links_json,awe1_0.process_instance_id,awe1_0.proposed_exposure,awe1_0.remarks,awe1_0.segment_code,awe1_0.setup_json,awe1_0.slik_json,awe1_0.submitted_at,awe1_0.tbo_docs_json,awe1_0.tbo_json,awe1_0.updated_at,awe1_0.workflow_status from los_application awe1_0 where awe1_0.application_id=?
2026-04-12T10:03:53.718+07:00 DEBUG 8612 --- [ulos] [           main] org.hibernate.SQL                        : select bme1_0.id,bme1_0.active_flag,bme1_0.bpmn_xml,bme1_0.change_summary,bme1_0.created_at,bme1_0.deployed_by,bme1_0.deployment_id,bme1_0.process_definition_id,bme1_0.process_key,bme1_0.process_name,bme1_0.resource_name,bme1_0.updated_at,bme1_0.version_no from bpmn_model bme1_0 where bme1_0.process_key=? order by bme1_0.version_no desc limit ?
2026-04-12T10:03:53.741+07:00 DEBUG 8612 --- [ulos] [           main] org.hibernate.SQL                        : select bme1_0.id,bme1_0.active_flag,bme1_0.bpmn_xml,bme1_0.change_summary,bme1_0.created_at,bme1_0.deployed_by,bme1_0.deployment_id,bme1_0.process_definition_id,bme1_0.process_key,bme1_0.process_name,bme1_0.resource_name,bme1_0.updated_at,bme1_0.version_no from bpmn_model bme1_0 where bme1_0.process_key=? order by bme1_0.version_no desc limit ?
2026-04-12T10:03:53.762+07:00 DEBUG 8612 --- [ulos] [           main] org.hibernate.SQL                        : select count(*) from app_user aue1_0
2026-04-12T10:03:53.767+07:00 DEBUG 8612 --- [ulos] [           main] org.hibernate.SQL                        : select count(*) from customer_portfolio cpe1_0 where cpe1_0.cif_number=?
2026-04-12T10:03:53.767+07:00 DEBUG 8612 --- [ulos] [           main] org.hibernate.SQL                        : select count(*) from credit_application cae1_0 where cae1_0.application_id=?
2026-04-12T10:03:53.789+07:00 DEBUG 8612 --- [ulos] [           main] org.hibernate.SQL                        : select cae1_0.application_id,cae1_0.application_date,cae1_0.application_type,cae1_0.available_limit,cae1_0.bi_sector_code,cae1_0.branch_name,cae1_0.cbc_name,cae1_0.collateral_coverage,cae1_0.core_capital_bank,cae1_0.created_at,cae1_0.created_by,cae1_0.current_approval_tier,cae1_0.current_ratio,cae1_0.customer_cif,cae1_0.debt_to_equity_ratio,cae1_0.esg_green_status,cae1_0.existing_exposure_group,cae1_0.group_relationship_status,cae1_0.industry_outlook,cae1_0.justification_note,cae1_0.max_lending_limit_percentage,cae1_0.process_instance_id,cae1_0.proposed_exposure,cae1_0.region_name,cae1_0.rm_username,cae1_0.sub_sector_description,cae1_0.updated_at,cae1_0.workflow_status from credit_application cae1_0 where cae1_0.application_id=?
2026-04-12T10:03:53.801+07:00 DEBUG 8612 --- [ulos] [           main] org.hibernate.SQL                        : select bme1_0.id,bme1_0.active_flag,bme1_0.bpmn_xml,bme1_0.change_summary,bme1_0.created_at,bme1_0.deployed_by,bme1_0.deployment_id,bme1_0.process_definition_id,bme1_0.process_key,bme1_0.process_name,bme1_0.resource_name,bme1_0.updated_at,bme1_0.version_no from bpmn_model bme1_0 where bme1_0.process_key=? order by bme1_0.version_no desc limit ?
2026-04-12T10:03:53.801+07:00 DEBUG 8612 --- [ulos] [           main] org.hibernate.SQL                        : select bme1_0.id,bme1_0.active_flag,bme1_0.bpmn_xml,bme1_0.change_summary,bme1_0.created_at,bme1_0.deployed_by,bme1_0.deployment_id,bme1_0.process_definition_id,bme1_0.process_key,bme1_0.process_name,bme1_0.resource_name,bme1_0.updated_at,bme1_0.version_no from bpmn_model bme1_0 where bme1_0.process_key=? order by bme1_0.version_no desc limit ?
2026-04-12T10:03:53.801+07:00 DEBUG 8612 --- [ulos] [           main] o.s.b.a.ApplicationAvailabilityBean      : Application availability state ReadinessState changed to ACCEPTING_TRAFFIC
2026-04-12T10:04:08.041+07:00  INFO 8612 --- [ulos] [nio-8080-exec-2] o.a.c.c.C.[Tomcat].[localhost].[/]       : Initializing Spring DispatcherServlet 'dispatcherServlet'
2026-04-12T10:04:08.041+07:00  INFO 8612 --- [ulos] [nio-8080-exec-2] o.s.web.servlet.DispatcherServlet        : Initializing Servlet 'dispatcherServlet'
2026-04-12T10:04:08.041+07:00 DEBUG 8612 --- [ulos] [nio-8080-exec-2] o.s.web.servlet.DispatcherServlet        : Detected StandardServletMultipartResolver
2026-04-12T10:04:08.041+07:00 DEBUG 8612 --- [ulos] [nio-8080-exec-2] o.s.web.servlet.DispatcherServlet        : Detected AcceptHeaderLocaleResolver
2026-04-12T10:04:08.041+07:00 DEBUG 8612 --- [ulos] [nio-8080-exec-2] o.s.web.servlet.DispatcherServlet        : Detected FixedThemeResolver
2026-04-12T10:04:08.041+07:00 DEBUG 8612 --- [ulos] [nio-8080-exec-2] o.s.web.servlet.DispatcherServlet        : Detected org.springframework.web.servlet.view.DefaultRequestToViewNameTranslator@4c2aa4db
2026-04-12T10:04:08.041+07:00 DEBUG 8612 --- [ulos] [nio-8080-exec-2] o.s.web.servlet.DispatcherServlet        : Detected org.springframework.web.servlet.support.SessionFlashMapManager@44e666df
2026-04-12T10:04:08.041+07:00 DEBUG 8612 --- [ulos] [nio-8080-exec-2] o.s.web.servlet.DispatcherServlet        : enableLoggingRequestDetails='false': request parameters and headers will be masked to prevent unsafe logging of potentially sensitive data
2026-04-12T10:04:08.041+07:00  INFO 8612 --- [ulos] [nio-8080-exec-2] o.s.web.servlet.DispatcherServlet        : Completed initialization in 0 ms
2026-04-12T10:04:08.089+07:00 DEBUG 8612 --- [ulos] [nio-8080-exec-2] org.hibernate.SQL                        : select ate1_0.id,ate1_0.created_at,ate1_0.expires_at,ate1_0.issued_at,ate1_0.last_accessed_at,ate1_0.revoked_flag,ate1_0.token_value,ate1_0.updated_at,ate1_0.user_id from los_auth_token ate1_0 where ate1_0.token_value=? and not(ate1_0.revoked_flag)
2026-04-12T10:04:08.090+07:00 DEBUG 8612 --- [ulos] [nio-8080-exec-2] org.hibernate.SQL                        : select ue1_0.id,ue1_0.active_flag,ue1_0.created_at,ue1_0.email,ue1_0.full_name,ue1_0.last_login_at,ue1_0.password_hash,r1_0.user_id,r1_1.id,r1_1.active_flag,r1_1.created_at,r1_1.description,r1_1.role_code,r1_1.role_name,r1_1.updated_at,ue1_0.updated_at,ue1_0.username from los_user ue1_0 left join los_user_role r1_0 on ue1_0.id=r1_0.user_id left join los_role r1_1 on r1_1.id=r1_0.role_id where ue1_0.id=?
2026-04-12T10:04:08.124+07:00 DEBUG 8612 --- [ulos] [nio-8080-exec-2] org.hibernate.SQL                        : update los_auth_token set created_at=?,expires_at=?,issued_at=?,last_accessed_at=?,revoked_flag=?,token_value=?,updated_at=?,user_id=? where id=?
2026-04-12T10:04:08.152+07:00 DEBUG 8612 --- [ulos] [nio-8080-exec-2] o.s.web.servlet.DispatcherServlet        : GET "/api/prechecks/source/latest-application?type=SLIK&customerCif=1231123", parameters={masked}
2026-04-12T10:04:08.154+07:00 DEBUG 8612 --- [ulos] [nio-8080-exec-2] s.w.s.m.m.a.RequestMappingHandlerMapping : Mapped to com.enterprise.ulos.los.controller.PrecheckController#latestSource(String, String)
2026-04-12T10:04:08.159+07:00 DEBUG 8612 --- [ulos] [nio-8080-exec-2] org.hibernate.SQL                        : select ate1_0.id,ate1_0.created_at,ate1_0.expires_at,ate1_0.issued_at,ate1_0.last_accessed_at,ate1_0.revoked_flag,ate1_0.token_value,ate1_0.updated_at,ate1_0.user_id from los_auth_token ate1_0 where ate1_0.token_value=? and not(ate1_0.revoked_flag)
2026-04-12T10:04:08.160+07:00 DEBUG 8612 --- [ulos] [nio-8080-exec-2] org.hibernate.SQL                        : select ue1_0.id,ue1_0.active_flag,ue1_0.created_at,ue1_0.email,ue1_0.full_name,ue1_0.last_login_at,ue1_0.password_hash,r1_0.user_id,r1_1.id,r1_1.active_flag,r1_1.created_at,r1_1.description,r1_1.role_code,r1_1.role_name,r1_1.updated_at,ue1_0.updated_at,ue1_0.username from los_user ue1_0 left join los_user_role r1_0 on ue1_0.id=r1_0.user_id left join los_role r1_1 on r1_1.id=r1_0.role_id where ue1_0.id=?
2026-04-12T10:04:08.163+07:00 DEBUG 8612 --- [ulos] [nio-8080-exec-2] org.hibernate.SQL                        : update los_auth_token set created_at=?,expires_at=?,issued_at=?,last_accessed_at=?,revoked_flag=?,token_value=?,updated_at=?,user_id=? where id=?
2026-04-12T10:04:08.198+07:00 DEBUG 8612 --- [ulos] [nio-8080-exec-2] org.hibernate.SQL                        : select ce1_0.id,ce1_0.cif_number,ce1_0.company_name,ce1_0.company_type,ce1_0.created_at,ce1_0.legal_name,ce1_0.location,ce1_0.profile_json,ce1_0.registration_date,ce1_0.sector,ce1_0.status,ce1_0.tax_id,ce1_0.updated_at from los_customer ce1_0 where ce1_0.cif_number=?
2026-04-12T10:04:08.202+07:00 DEBUG 8612 --- [ulos] [nio-8080-exec-2] org.hibernate.SQL                        : select awe1_0.id,awe1_0.application_id,awe1_0.application_type,awe1_0.collaterals_json,awe1_0.compliance_json,awe1_0.created_at,awe1_0.current_stage,awe1_0.customer_id,awe1_0.drawdown_conditions_json,awe1_0.facilities_json,awe1_0.financials_json,awe1_0.global_tc_json,awe1_0.linked_collateral_check_ref,awe1_0.linked_slik_check_ref,awe1_0.links_json,awe1_0.process_instance_id,awe1_0.proposed_exposure,awe1_0.remarks,awe1_0.segment_code,awe1_0.setup_json,awe1_0.slik_json,awe1_0.submitted_at,awe1_0.tbo_docs_json,awe1_0.tbo_json,awe1_0.updated_at,awe1_0.workflow_status from los_application awe1_0 left join los_customer c1_0 on c1_0.id=awe1_0.customer_id where c1_0.cif_number=? order by awe1_0.updated_at desc limit ?
2026-04-12T10:04:08.230+07:00 DEBUG 8612 --- [ulos] [nio-8080-exec-2] m.m.a.RequestResponseBodyMethodProcessor : Using 'application/json', given [*/*] and supported [application/json, application/*+json]
2026-04-12T10:04:08.236+07:00 DEBUG 8612 --- [ulos] [nio-8080-exec-2] m.m.a.RequestResponseBodyMethodProcessor : Writing [LatestApplicationSourceResponse[applicationId=PORTFOLIO-1231123, updatedAt=2026-04-12T09:36:30.42543 (truncated)...]
2026-04-12T10:04:08.249+07:00 DEBUG 8612 --- [ulos] [nio-8080-exec-2] o.s.web.servlet.DispatcherServlet        : Completed 200 OK
2026-04-12T10:04:14.505+07:00 DEBUG 8612 --- [ulos] [nio-8080-exec-4] org.hibernate.SQL                        : select ate1_0.id,ate1_0.created_at,ate1_0.expires_at,ate1_0.issued_at,ate1_0.last_accessed_at,ate1_0.revoked_flag,ate1_0.token_value,ate1_0.updated_at,ate1_0.user_id from los_auth_token ate1_0 where ate1_0.token_value=? and not(ate1_0.revoked_flag)
2026-04-12T10:04:14.505+07:00 DEBUG 8612 --- [ulos] [nio-8080-exec-4] org.hibernate.SQL                        : select ue1_0.id,ue1_0.active_flag,ue1_0.created_at,ue1_0.email,ue1_0.full_name,ue1_0.last_login_at,ue1_0.password_hash,r1_0.user_id,r1_1.id,r1_1.active_flag,r1_1.created_at,r1_1.description,r1_1.role_code,r1_1.role_name,r1_1.updated_at,ue1_0.updated_at,ue1_0.username from los_user ue1_0 left join los_user_role r1_0 on ue1_0.id=r1_0.user_id left join los_role r1_1 on r1_1.id=r1_0.role_id where ue1_0.id=?
2026-04-12T10:04:14.505+07:00 DEBUG 8612 --- [ulos] [nio-8080-exec-4] org.hibernate.SQL                        : update los_auth_token set created_at=?,expires_at=?,issued_at=?,last_accessed_at=?,revoked_flag=?,token_value=?,updated_at=?,user_id=? where id=?
2026-04-12T10:04:14.528+07:00 DEBUG 8612 --- [ulos] [nio-8080-exec-4] o.s.web.servlet.DispatcherServlet        : GET "/api/prechecks/source/latest-application?type=COLLATERAL&customerCif=1231123", parameters={masked}
2026-04-12T10:04:14.528+07:00 DEBUG 8612 --- [ulos] [nio-8080-exec-4] s.w.s.m.m.a.RequestMappingHandlerMapping : Mapped to com.enterprise.ulos.los.controller.PrecheckController#latestSource(String, String)
2026-04-12T10:04:14.531+07:00 DEBUG 8612 --- [ulos] [nio-8080-exec-4] org.hibernate.SQL                        : select ate1_0.id,ate1_0.created_at,ate1_0.expires_at,ate1_0.issued_at,ate1_0.last_accessed_at,ate1_0.revoked_flag,ate1_0.token_value,ate1_0.updated_at,ate1_0.user_id from los_auth_token ate1_0 where ate1_0.token_value=? and not(ate1_0.revoked_flag)
2026-04-12T10:04:14.533+07:00 DEBUG 8612 --- [ulos] [nio-8080-exec-4] org.hibernate.SQL                        : select ue1_0.id,ue1_0.active_flag,ue1_0.created_at,ue1_0.email,ue1_0.full_name,ue1_0.last_login_at,ue1_0.password_hash,r1_0.user_id,r1_1.id,r1_1.active_flag,r1_1.created_at,r1_1.description,r1_1.role_code,r1_1.role_name,r1_1.updated_at,ue1_0.updated_at,ue1_0.username from los_user ue1_0 left join los_user_role r1_0 on ue1_0.id=r1_0.user_id left join los_role r1_1 on r1_1.id=r1_0.role_id where ue1_0.id=?
2026-04-12T10:04:14.539+07:00 DEBUG 8612 --- [ulos] [nio-8080-exec-4] org.hibernate.SQL                        : update los_auth_token set created_at=?,expires_at=?,issued_at=?,last_accessed_at=?,revoked_flag=?,token_value=?,updated_at=?,user_id=? where id=?
2026-04-12T10:04:14.551+07:00 DEBUG 8612 --- [ulos] [nio-8080-exec-4] org.hibernate.SQL                        : select ce1_0.id,ce1_0.cif_number,ce1_0.company_name,ce1_0.company_type,ce1_0.created_at,ce1_0.legal_name,ce1_0.location,ce1_0.profile_json,ce1_0.registration_date,ce1_0.sector,ce1_0.status,ce1_0.tax_id,ce1_0.updated_at from los_customer ce1_0 where ce1_0.cif_number=?
2026-04-12T10:04:14.556+07:00 DEBUG 8612 --- [ulos] [nio-8080-exec-4] org.hibernate.SQL                        : select awe1_0.id,awe1_0.application_id,awe1_0.application_type,awe1_0.collaterals_json,awe1_0.compliance_json,awe1_0.created_at,awe1_0.current_stage,awe1_0.customer_id,awe1_0.drawdown_conditions_json,awe1_0.facilities_json,awe1_0.financials_json,awe1_0.global_tc_json,awe1_0.linked_collateral_check_ref,awe1_0.linked_slik_check_ref,awe1_0.links_json,awe1_0.process_instance_id,awe1_0.proposed_exposure,awe1_0.remarks,awe1_0.segment_code,awe1_0.setup_json,awe1_0.slik_json,awe1_0.submitted_at,awe1_0.tbo_docs_json,awe1_0.tbo_json,awe1_0.updated_at,awe1_0.workflow_status from los_application awe1_0 left join los_customer c1_0 on c1_0.id=awe1_0.customer_id where c1_0.cif_number=? order by awe1_0.updated_at desc limit ?
2026-04-12T10:04:14.560+07:00 DEBUG 8612 --- [ulos] [nio-8080-exec-4] m.m.a.RequestResponseBodyMethodProcessor : Using 'application/json', given [*/*] and supported [application/json, application/*+json]
2026-04-12T10:04:14.560+07:00 DEBUG 8612 --- [ulos] [nio-8080-exec-4] m.m.a.RequestResponseBodyMethodProcessor : Writing [LatestApplicationSourceResponse[applicationId=null, updatedAt=null, items=[]]]
2026-04-12T10:04:14.561+07:00 DEBUG 8612 --- [ulos] [nio-8080-exec-4] o.s.web.servlet.DispatcherServlet        : Completed 200 OK
2026-04-12T10:06:03.683+07:00 DEBUG 8612 --- [ulos] [nio-8080-exec-5] org.hibernate.SQL                        : select ate1_0.id,ate1_0.created_at,ate1_0.expires_at,ate1_0.issued_at,ate1_0.last_accessed_at,ate1_0.revoked_flag,ate1_0.token_value,ate1_0.updated_at,ate1_0.user_id from los_auth_token ate1_0 where ate1_0.token_value=? and not(ate1_0.revoked_flag)
2026-04-12T10:06:03.683+07:00 DEBUG 8612 --- [ulos] [nio-8080-exec-5] org.hibernate.SQL                        : select ue1_0.id,ue1_0.active_flag,ue1_0.created_at,ue1_0.email,ue1_0.full_name,ue1_0.last_login_at,ue1_0.password_hash,r1_0.user_id,r1_1.id,r1_1.active_flag,r1_1.created_at,r1_1.description,r1_1.role_code,r1_1.role_name,r1_1.updated_at,ue1_0.updated_at,ue1_0.username from los_user ue1_0 left join los_user_role r1_0 on ue1_0.id=r1_0.user_id left join los_role r1_1 on r1_1.id=r1_0.role_id where ue1_0.id=?
2026-04-12T10:06:03.683+07:00 DEBUG 8612 --- [ulos] [nio-8080-exec-5] org.hibernate.SQL                        : update los_auth_token set created_at=?,expires_at=?,issued_at=?,last_accessed_at=?,revoked_flag=?,token_value=?,updated_at=?,user_id=? where id=?
2026-04-12T10:06:03.700+07:00 DEBUG 8612 --- [ulos] [nio-8080-exec-5] o.s.web.servlet.DispatcherServlet        : GET "/api/auth/me", parameters={}
2026-04-12T10:06:03.700+07:00 DEBUG 8612 --- [ulos] [nio-8080-exec-5] s.w.s.m.m.a.RequestMappingHandlerMapping : Mapped to com.enterprise.ulos.los.controller.AuthController#me(String, String)
2026-04-12T10:06:03.700+07:00 DEBUG 8612 --- [ulos] [nio-8080-exec-5] org.hibernate.SQL                        : select ate1_0.id,ate1_0.created_at,ate1_0.expires_at,ate1_0.issued_at,ate1_0.last_accessed_at,ate1_0.revoked_flag,ate1_0.token_value,ate1_0.updated_at,ate1_0.user_id from los_auth_token ate1_0 where ate1_0.token_value=? and not(ate1_0.revoked_flag)
2026-04-12T10:06:03.700+07:00 DEBUG 8612 --- [ulos] [nio-8080-exec-5] org.hibernate.SQL                        : select ue1_0.id,ue1_0.active_flag,ue1_0.created_at,ue1_0.email,ue1_0.full_name,ue1_0.last_login_at,ue1_0.password_hash,r1_0.user_id,r1_1.id,r1_1.active_flag,r1_1.created_at,r1_1.description,r1_1.role_code,r1_1.role_name,r1_1.updated_at,ue1_0.updated_at,ue1_0.username from los_user ue1_0 left join los_user_role r1_0 on ue1_0.id=r1_0.user_id left join los_role r1_1 on r1_1.id=r1_0.role_id where ue1_0.id=?
2026-04-12T10:06:03.716+07:00 DEBUG 8612 --- [ulos] [nio-8080-exec-5] org.hibernate.SQL                        : update los_auth_token set created_at=?,expires_at=?,issued_at=?,last_accessed_at=?,revoked_flag=?,token_value=?,updated_at=?,user_id=? where id=?
2026-04-12T10:06:03.733+07:00 DEBUG 8612 --- [ulos] [nio-8080-exec-5] org.hibernate.SQL                        : select ate1_0.id,ate1_0.created_at,ate1_0.expires_at,ate1_0.issued_at,ate1_0.last_accessed_at,ate1_0.revoked_flag,ate1_0.token_value,ate1_0.updated_at,ate1_0.user_id from los_auth_token ate1_0 where ate1_0.token_value=? and not(ate1_0.revoked_flag)
2026-04-12T10:06:03.733+07:00 DEBUG 8612 --- [ulos] [nio-8080-exec-5] org.hibernate.SQL                        : select ue1_0.id,ue1_0.active_flag,ue1_0.created_at,ue1_0.email,ue1_0.full_name,ue1_0.last_login_at,ue1_0.password_hash,r1_0.user_id,r1_1.id,r1_1.active_flag,r1_1.created_at,r1_1.description,r1_1.role_code,r1_1.role_name,r1_1.updated_at,ue1_0.updated_at,ue1_0.username from los_user ue1_0 left join los_user_role r1_0 on ue1_0.id=r1_0.user_id left join los_role r1_1 on r1_1.id=r1_0.role_id where ue1_0.id=?
2026-04-12T10:06:03.733+07:00 DEBUG 8612 --- [ulos] [nio-8080-exec-5] m.m.a.RequestResponseBodyMethodProcessor : Using 'application/json', given [*/*] and supported [application/json, application/*+json]
2026-04-12T10:06:03.750+07:00 DEBUG 8612 --- [ulos] [nio-8080-exec-5] m.m.a.RequestResponseBodyMethodProcessor : Writing [UserProfileResponse[userId=1, username=admin, fullName=System Administrator, email=admin@ulos.local, (truncated)...]
2026-04-12T10:06:03.750+07:00 DEBUG 8612 --- [ulos] [nio-8080-exec-5] o.s.web.servlet.DispatcherServlet        : Completed 200 OK
2026-04-12T10:06:03.783+07:00 DEBUG 8612 --- [ulos] [nio-8080-exec-8] org.hibernate.SQL                        : select ate1_0.id,ate1_0.created_at,ate1_0.expires_at,ate1_0.issued_at,ate1_0.last_accessed_at,ate1_0.revoked_flag,ate1_0.token_value,ate1_0.updated_at,ate1_0.user_id from los_auth_token ate1_0 where ate1_0.token_value=? and not(ate1_0.revoked_flag)
2026-04-12T10:06:03.800+07:00 DEBUG 8612 --- [ulos] [nio-8080-exec-8] org.hibernate.SQL                        : select ue1_0.id,ue1_0.active_flag,ue1_0.created_at,ue1_0.email,ue1_0.full_name,ue1_0.last_login_at,ue1_0.password_hash,r1_0.user_id,r1_1.id,r1_1.active_flag,r1_1.created_at,r1_1.description,r1_1.role_code,r1_1.role_name,r1_1.updated_at,ue1_0.updated_at,ue1_0.username from los_user ue1_0 left join los_user_role r1_0 on ue1_0.id=r1_0.user_id left join los_role r1_1 on r1_1.id=r1_0.role_id where ue1_0.id=?
2026-04-12T10:06:03.800+07:00 DEBUG 8612 --- [ulos] [nio-8080-exec-8] org.hibernate.SQL                        : update los_auth_token set created_at=?,expires_at=?,issued_at=?,last_accessed_at=?,revoked_flag=?,token_value=?,updated_at=?,user_id=? where id=?
2026-04-12T10:06:03.800+07:00 DEBUG 8612 --- [ulos] [nio-8080-exec-8] o.s.web.servlet.DispatcherServlet        : GET "/api/auth/me", parameters={}
2026-04-12T10:06:03.800+07:00 DEBUG 8612 --- [ulos] [nio-8080-exec-8] s.w.s.m.m.a.RequestMappingHandlerMapping : Mapped to com.enterprise.ulos.los.controller.AuthController#me(String, String)
2026-04-12T10:06:03.816+07:00 DEBUG 8612 --- [ulos] [nio-8080-exec-8] org.hibernate.SQL                        : select ate1_0.id,ate1_0.created_at,ate1_0.expires_at,ate1_0.issued_at,ate1_0.last_accessed_at,ate1_0.revoked_flag,ate1_0.token_value,ate1_0.updated_at,ate1_0.user_id from los_auth_token ate1_0 where ate1_0.token_value=? and not(ate1_0.revoked_flag)
2026-04-12T10:06:03.816+07:00 DEBUG 8612 --- [ulos] [nio-8080-exec-8] org.hibernate.SQL                        : select ue1_0.id,ue1_0.active_flag,ue1_0.created_at,ue1_0.email,ue1_0.full_name,ue1_0.last_login_at,ue1_0.password_hash,r1_0.user_id,r1_1.id,r1_1.active_flag,r1_1.created_at,r1_1.description,r1_1.role_code,r1_1.role_name,r1_1.updated_at,ue1_0.updated_at,ue1_0.username from los_user ue1_0 left join los_user_role r1_0 on ue1_0.id=r1_0.user_id left join los_role r1_1 on r1_1.id=r1_0.role_id where ue1_0.id=?
2026-04-12T10:06:03.816+07:00 DEBUG 8612 --- [ulos] [nio-8080-exec-8] org.hibernate.SQL                        : update los_auth_token set created_at=?,expires_at=?,issued_at=?,last_accessed_at=?,revoked_flag=?,token_value=?,updated_at=?,user_id=? where id=?
2026-04-12T10:06:03.835+07:00 DEBUG 8612 --- [ulos] [nio-8080-exec-8] org.hibernate.SQL                        : select ate1_0.id,ate1_0.created_at,ate1_0.expires_at,ate1_0.issued_at,ate1_0.last_accessed_at,ate1_0.revoked_flag,ate1_0.token_value,ate1_0.updated_at,ate1_0.user_id from los_auth_token ate1_0 where ate1_0.token_value=? and not(ate1_0.revoked_flag)
2026-04-12T10:06:03.835+07:00 DEBUG 8612 --- [ulos] [nio-8080-exec-8] org.hibernate.SQL                        : select ue1_0.id,ue1_0.active_flag,ue1_0.created_at,ue1_0.email,ue1_0.full_name,ue1_0.last_login_at,ue1_0.password_hash,r1_0.user_id,r1_1.id,r1_1.active_flag,r1_1.created_at,r1_1.description,r1_1.role_code,r1_1.role_name,r1_1.updated_at,ue1_0.updated_at,ue1_0.username from los_user ue1_0 left join los_user_role r1_0 on ue1_0.id=r1_0.user_id left join los_role r1_1 on r1_1.id=r1_0.role_id where ue1_0.id=?
2026-04-12T10:06:03.835+07:00 DEBUG 8612 --- [ulos] [nio-8080-exec-8] m.m.a.RequestResponseBodyMethodProcessor : Using 'application/json', given [*/*] and supported [application/json, application/*+json]
2026-04-12T10:06:03.835+07:00 DEBUG 8612 --- [ulos] [nio-8080-exec-8] m.m.a.RequestResponseBodyMethodProcessor : Writing [UserProfileResponse[userId=1, username=admin, fullName=System Administrator, email=admin@ulos.local, (truncated)...]
2026-04-12T10:06:03.835+07:00 DEBUG 8612 --- [ulos] [nio-8080-exec-8] o.s.web.servlet.DispatcherServlet        : Completed 200 OK
2026-04-12T10:06:06.806+07:00 DEBUG 8612 --- [ulos] [nio-8080-exec-6] org.hibernate.SQL                        : select ate1_0.id,ate1_0.created_at,ate1_0.expires_at,ate1_0.issued_at,ate1_0.last_accessed_at,ate1_0.revoked_flag,ate1_0.token_value,ate1_0.updated_at,ate1_0.user_id from los_auth_token ate1_0 where ate1_0.token_value=? and not(ate1_0.revoked_flag)
2026-04-12T10:06:06.808+07:00 DEBUG 8612 --- [ulos] [nio-8080-exec-6] org.hibernate.SQL                        : select ue1_0.id,ue1_0.active_flag,ue1_0.created_at,ue1_0.email,ue1_0.full_name,ue1_0.last_login_at,ue1_0.password_hash,r1_0.user_id,r1_1.id,r1_1.active_flag,r1_1.created_at,r1_1.description,r1_1.role_code,r1_1.role_name,r1_1.updated_at,ue1_0.updated_at,ue1_0.username from los_user ue1_0 left join los_user_role r1_0 on ue1_0.id=r1_0.user_id left join los_role r1_1 on r1_1.id=r1_0.role_id where ue1_0.id=?
2026-04-12T10:06:06.812+07:00 DEBUG 8612 --- [ulos] [nio-8080-exec-6] org.hibernate.SQL                        : update los_auth_token set created_at=?,expires_at=?,issued_at=?,last_accessed_at=?,revoked_flag=?,token_value=?,updated_at=?,user_id=? where id=?
2026-04-12T10:06:06.814+07:00 DEBUG 8612 --- [ulos] [nio-8080-exec-6] o.s.web.servlet.DispatcherServlet        : GET "/api/customers/page?page=0&size=20", parameters={masked}
2026-04-12T10:06:06.814+07:00 DEBUG 8612 --- [ulos] [nio-8080-exec-6] s.w.s.m.m.a.RequestMappingHandlerMapping : Mapped to com.enterprise.ulos.los.controller.CustomerPortfolioController#listPage(String, int, int)
2026-04-12T10:06:06.814+07:00 DEBUG 8612 --- [ulos] [nio-8080-exec-6] org.hibernate.SQL                        : select ate1_0.id,ate1_0.created_at,ate1_0.expires_at,ate1_0.issued_at,ate1_0.last_accessed_at,ate1_0.revoked_flag,ate1_0.token_value,ate1_0.updated_at,ate1_0.user_id from los_auth_token ate1_0 where ate1_0.token_value=? and not(ate1_0.revoked_flag)
2026-04-12T10:06:06.831+07:00 DEBUG 8612 --- [ulos] [nio-8080-exec-6] org.hibernate.SQL                        : select ue1_0.id,ue1_0.active_flag,ue1_0.created_at,ue1_0.email,ue1_0.full_name,ue1_0.last_login_at,ue1_0.password_hash,r1_0.user_id,r1_1.id,r1_1.active_flag,r1_1.created_at,r1_1.description,r1_1.role_code,r1_1.role_name,r1_1.updated_at,ue1_0.updated_at,ue1_0.username from los_user ue1_0 left join los_user_role r1_0 on ue1_0.id=r1_0.user_id left join los_role r1_1 on r1_1.id=r1_0.role_id where ue1_0.id=?
2026-04-12T10:06:06.831+07:00 DEBUG 8612 --- [ulos] [nio-8080-exec-6] org.hibernate.SQL                        : update los_auth_token set created_at=?,expires_at=?,issued_at=?,last_accessed_at=?,revoked_flag=?,token_value=?,updated_at=?,user_id=? where id=?
2026-04-12T10:06:06.897+07:00 DEBUG 8612 --- [ulos] [nio-8080-exec-6] org.hibernate.SQL                        : select ce1_0.id,ce1_0.cif_number,ce1_0.company_name,ce1_0.company_type,ce1_0.created_at,ce1_0.legal_name,ce1_0.location,ce1_0.profile_json,ce1_0.registration_date,ce1_0.sector,ce1_0.status,ce1_0.tax_id,ce1_0.updated_at from los_customer ce1_0 where (? is null or ?='' or lower(ce1_0.cif_number) like lower(concat('%',?,'%')) escape '' or lower(ce1_0.company_name) like lower(concat('%',?,'%')) escape '' or lower(coalesce(ce1_0.sector,'')) like lower(concat('%',?,'%')) escape '' or lower(coalesce(ce1_0.location,'')) like lower(concat('%',?,'%')) escape '' or lower(coalesce(ce1_0.status,'')) like lower(concat('%',?,'%')) escape '') order by ce1_0.updated_at desc limit ?
2026-04-12T10:06:06.913+07:00 DEBUG 8612 --- [ulos] [nio-8080-exec-6] m.m.a.RequestResponseBodyMethodProcessor : Using 'application/json', given [*/*] and supported [application/json, application/*+json]
2026-04-12T10:06:06.913+07:00 DEBUG 8612 --- [ulos] [nio-8080-exec-6] m.m.a.RequestResponseBodyMethodProcessor : Writing [CustomerSummaryPageResponse[items=[CustomerSummaryResponse[cifNumber=DEB-9920-X1, companyName=Global (truncated)...]
2026-04-12T10:06:06.929+07:00 DEBUG 8612 --- [ulos] [nio-8080-exec-6] o.s.web.servlet.DispatcherServlet        : Completed 200 OK
2026-04-12T10:06:06.931+07:00 DEBUG 8612 --- [ulos] [nio-8080-exec-7] org.hibernate.SQL                        : select ate1_0.id,ate1_0.created_at,ate1_0.expires_at,ate1_0.issued_at,ate1_0.last_accessed_at,ate1_0.revoked_flag,ate1_0.token_value,ate1_0.updated_at,ate1_0.user_id from los_auth_token ate1_0 where ate1_0.token_value=? and not(ate1_0.revoked_flag)
2026-04-12T10:06:06.931+07:00 DEBUG 8612 --- [ulos] [nio-8080-exec-7] org.hibernate.SQL                        : select ue1_0.id,ue1_0.active_flag,ue1_0.created_at,ue1_0.email,ue1_0.full_name,ue1_0.last_login_at,ue1_0.password_hash,r1_0.user_id,r1_1.id,r1_1.active_flag,r1_1.created_at,r1_1.description,r1_1.role_code,r1_1.role_name,r1_1.updated_at,ue1_0.updated_at,ue1_0.username from los_user ue1_0 left join los_user_role r1_0 on ue1_0.id=r1_0.user_id left join los_role r1_1 on r1_1.id=r1_0.role_id where ue1_0.id=?
2026-04-12T10:06:06.931+07:00 DEBUG 8612 --- [ulos] [nio-8080-exec-7] org.hibernate.SQL                        : update los_auth_token set created_at=?,expires_at=?,issued_at=?,last_accessed_at=?,revoked_flag=?,token_value=?,updated_at=?,user_id=? where id=?
2026-04-12T10:06:06.947+07:00 DEBUG 8612 --- [ulos] [nio-8080-exec-7] o.s.web.servlet.DispatcherServlet        : GET "/api/customers/page?page=0&size=20", parameters={masked}
2026-04-12T10:06:06.947+07:00 DEBUG 8612 --- [ulos] [nio-8080-exec-7] s.w.s.m.m.a.RequestMappingHandlerMapping : Mapped to com.enterprise.ulos.los.controller.CustomerPortfolioController#listPage(String, int, int)
2026-04-12T10:06:06.963+07:00 DEBUG 8612 --- [ulos] [nio-8080-exec-7] org.hibernate.SQL                        : select ate1_0.id,ate1_0.created_at,ate1_0.expires_at,ate1_0.issued_at,ate1_0.last_accessed_at,ate1_0.revoked_flag,ate1_0.token_value,ate1_0.updated_at,ate1_0.user_id from los_auth_token ate1_0 where ate1_0.token_value=? and not(ate1_0.revoked_flag)
2026-04-12T10:06:06.963+07:00 DEBUG 8612 --- [ulos] [nio-8080-exec-7] org.hibernate.SQL                        : select ue1_0.id,ue1_0.active_flag,ue1_0.created_at,ue1_0.email,ue1_0.full_name,ue1_0.last_login_at,ue1_0.password_hash,r1_0.user_id,r1_1.id,r1_1.active_flag,r1_1.created_at,r1_1.description,r1_1.role_code,r1_1.role_name,r1_1.updated_at,ue1_0.updated_at,ue1_0.username from los_user ue1_0 left join los_user_role r1_0 on ue1_0.id=r1_0.user_id left join los_role r1_1 on r1_1.id=r1_0.role_id where ue1_0.id=?
2026-04-12T10:06:06.963+07:00 DEBUG 8612 --- [ulos] [nio-8080-exec-7] org.hibernate.SQL                        : update los_auth_token set created_at=?,expires_at=?,issued_at=?,last_accessed_at=?,revoked_flag=?,token_value=?,updated_at=?,user_id=? where id=?
2026-04-12T10:06:06.980+07:00 DEBUG 8612 --- [ulos] [nio-8080-exec-7] org.hibernate.SQL                        : select ce1_0.id,ce1_0.cif_number,ce1_0.company_name,ce1_0.company_type,ce1_0.created_at,ce1_0.legal_name,ce1_0.location,ce1_0.profile_json,ce1_0.registration_date,ce1_0.sector,ce1_0.status,ce1_0.tax_id,ce1_0.updated_at from los_customer ce1_0 where (? is null or ?='' or lower(ce1_0.cif_number) like lower(concat('%',?,'%')) escape '' or lower(ce1_0.company_name) like lower(concat('%',?,'%')) escape '' or lower(coalesce(ce1_0.sector,'')) like lower(concat('%',?,'%')) escape '' or lower(coalesce(ce1_0.location,'')) like lower(concat('%',?,'%')) escape '' or lower(coalesce(ce1_0.status,'')) like lower(concat('%',?,'%')) escape '') order by ce1_0.updated_at desc limit ?
2026-04-12T10:06:06.980+07:00 DEBUG 8612 --- [ulos] [nio-8080-exec-7] m.m.a.RequestResponseBodyMethodProcessor : Using 'application/json', given [*/*] and supported [application/json, application/*+json]
2026-04-12T10:06:06.980+07:00 DEBUG 8612 --- [ulos] [nio-8080-exec-7] m.m.a.RequestResponseBodyMethodProcessor : Writing [CustomerSummaryPageResponse[items=[CustomerSummaryResponse[cifNumber=DEB-9920-X1, companyName=Global (truncated)...]
2026-04-12T10:06:06.980+07:00 DEBUG 8612 --- [ulos] [nio-8080-exec-7] o.s.web.servlet.DispatcherServlet        : Completed 200 OK
2026-04-12T10:06:22.367+07:00 DEBUG 8612 --- [ulos] [nio-8080-exec-9] org.hibernate.SQL                        : select ate1_0.id,ate1_0.created_at,ate1_0.expires_at,ate1_0.issued_at,ate1_0.last_accessed_at,ate1_0.revoked_flag,ate1_0.token_value,ate1_0.updated_at,ate1_0.user_id from los_auth_token ate1_0 where ate1_0.token_value=? and not(ate1_0.revoked_flag)
2026-04-12T10:06:22.370+07:00 DEBUG 8612 --- [ulos] [nio-8080-exec-9] org.hibernate.SQL                        : select ue1_0.id,ue1_0.active_flag,ue1_0.created_at,ue1_0.email,ue1_0.full_name,ue1_0.last_login_at,ue1_0.password_hash,r1_0.user_id,r1_1.id,r1_1.active_flag,r1_1.created_at,r1_1.description,r1_1.role_code,r1_1.role_name,r1_1.updated_at,ue1_0.updated_at,ue1_0.username from los_user ue1_0 left join los_user_role r1_0 on ue1_0.id=r1_0.user_id left join los_role r1_1 on r1_1.id=r1_0.role_id where ue1_0.id=?
2026-04-12T10:06:22.374+07:00 DEBUG 8612 --- [ulos] [nio-8080-exec-9] org.hibernate.SQL                        : update los_auth_token set created_at=?,expires_at=?,issued_at=?,last_accessed_at=?,revoked_flag=?,token_value=?,updated_at=?,user_id=? where id=?
2026-04-12T10:06:22.420+07:00 DEBUG 8612 --- [ulos] [nio-8080-exec-9] o.s.web.servlet.DispatcherServlet        : GET "/api/master/portfolio-lookups?masterType=application_purpose&includeInactive=true", parameters={masked}
2026-04-12T10:06:22.420+07:00 DEBUG 8612 --- [ulos] [nio-8080-exec-9] s.w.s.m.m.a.RequestMappingHandlerMapping : Mapped to com.enterprise.ulos.los.controller.MasterDataController#portfolioLookups(String, boolean)
2026-04-12T10:06:22.440+07:00 DEBUG 8612 --- [ulos] [nio-8080-exec-9] org.hibernate.SQL                        : select mple1_0.id,mple1_0.active_flag,mple1_0.created_at,mple1_0.description,mple1_0.extra_json,mple1_0.item_code,mple1_0.item_name,mple1_0.legacy_code,mple1_0.master_type,mple1_0.sort_order,mple1_0.updated_at from los_master_portfolio_lookup mple1_0 where upper(mple1_0.master_type)=upper(?) order by mple1_0.sort_order,mple1_0.item_name
2026-04-12T10:06:22.440+07:00 DEBUG 8612 --- [ulos] [nio-8080-exec-9] m.m.a.RequestResponseBodyMethodProcessor : Using 'application/json', given [*/*] and supported [application/json, application/*+json]
2026-04-12T10:06:22.454+07:00 DEBUG 8612 --- [ulos] [nio-8080-exec-9] m.m.a.RequestResponseBodyMethodProcessor : Writing [[PortfolioLookupResponse[masterType=application_purpose, code=NEW, name=New, legacyCode=NEW, sortOrd (truncated)...]
2026-04-12T10:06:22.470+07:00 DEBUG 8612 --- [ulos] [io-8080-exec-10] org.hibernate.SQL                        : select ate1_0.id,ate1_0.created_at,ate1_0.expires_at,ate1_0.issued_at,ate1_0.last_accessed_at,ate1_0.revoked_flag,ate1_0.token_value,ate1_0.updated_at,ate1_0.user_id from los_auth_token ate1_0 where ate1_0.token_value=? and not(ate1_0.revoked_flag)
2026-04-12T10:06:22.470+07:00 DEBUG 8612 --- [ulos] [nio-8080-exec-2] org.hibernate.SQL                        : select ate1_0.id,ate1_0.created_at,ate1_0.expires_at,ate1_0.issued_at,ate1_0.last_accessed_at,ate1_0.revoked_flag,ate1_0.token_value,ate1_0.updated_at,ate1_0.user_id from los_auth_token ate1_0 where ate1_0.token_value=? and not(ate1_0.revoked_flag)
2026-04-12T10:06:22.470+07:00 DEBUG 8612 --- [ulos] [nio-8080-exec-9] o.s.web.servlet.DispatcherServlet        : Completed 200 OK
2026-04-12T10:06:22.470+07:00 DEBUG 8612 --- [ulos] [nio-8080-exec-2] org.hibernate.SQL                        : select ue1_0.id,ue1_0.active_flag,ue1_0.created_at,ue1_0.email,ue1_0.full_name,ue1_0.last_login_at,ue1_0.password_hash,r1_0.user_id,r1_1.id,r1_1.active_flag,r1_1.created_at,r1_1.description,r1_1.role_code,r1_1.role_name,r1_1.updated_at,ue1_0.updated_at,ue1_0.username from los_user ue1_0 left join los_user_role r1_0 on ue1_0.id=r1_0.user_id left join los_role r1_1 on r1_1.id=r1_0.role_id where ue1_0.id=?
2026-04-12T10:06:22.480+07:00 DEBUG 8612 --- [ulos] [io-8080-exec-10] org.hibernate.SQL                        : select ue1_0.id,ue1_0.active_flag,ue1_0.created_at,ue1_0.email,ue1_0.full_name,ue1_0.last_login_at,ue1_0.password_hash,r1_0.user_id,r1_1.id,r1_1.active_flag,r1_1.created_at,r1_1.description,r1_1.role_code,r1_1.role_name,r1_1.updated_at,ue1_0.updated_at,ue1_0.username from los_user ue1_0 left join los_user_role r1_0 on ue1_0.id=r1_0.user_id left join los_role r1_1 on r1_1.id=r1_0.role_id where ue1_0.id=?
2026-04-12T10:06:22.487+07:00 DEBUG 8612 --- [ulos] [io-8080-exec-10] org.hibernate.SQL                        : update los_auth_token set created_at=?,expires_at=?,issued_at=?,last_accessed_at=?,revoked_flag=?,token_value=?,updated_at=?,user_id=? where id=?
2026-04-12T10:06:22.487+07:00 DEBUG 8612 --- [ulos] [nio-8080-exec-2] org.hibernate.SQL                        : update los_auth_token set created_at=?,expires_at=?,issued_at=?,last_accessed_at=?,revoked_flag=?,token_value=?,updated_at=?,user_id=? where id=?
2026-04-12T10:06:22.504+07:00 DEBUG 8612 --- [ulos] [io-8080-exec-10] o.s.web.servlet.DispatcherServlet        : GET "/api/prechecks?type=SLIK&customerCif=DEB-9920-X1&page=0&size=100", parameters={masked}
2026-04-12T10:06:22.504+07:00 DEBUG 8612 --- [ulos] [io-8080-exec-10] s.w.s.m.m.a.RequestMappingHandlerMapping : Mapped to com.enterprise.ulos.los.controller.PrecheckController#list(String, String, String, int, int)
2026-04-12T10:06:22.504+07:00 DEBUG 8612 --- [ulos] [io-8080-exec-10] org.hibernate.SQL                        : select ate1_0.id,ate1_0.created_at,ate1_0.expires_at,ate1_0.issued_at,ate1_0.last_accessed_at,ate1_0.revoked_flag,ate1_0.token_value,ate1_0.updated_at,ate1_0.user_id from los_auth_token ate1_0 where ate1_0.token_value=? and not(ate1_0.revoked_flag)
2026-04-12T10:06:22.504+07:00 DEBUG 8612 --- [ulos] [io-8080-exec-10] org.hibernate.SQL                        : select ue1_0.id,ue1_0.active_flag,ue1_0.created_at,ue1_0.email,ue1_0.full_name,ue1_0.last_login_at,ue1_0.password_hash,r1_0.user_id,r1_1.id,r1_1.active_flag,r1_1.created_at,r1_1.description,r1_1.role_code,r1_1.role_name,r1_1.updated_at,ue1_0.updated_at,ue1_0.username from los_user ue1_0 left join los_user_role r1_0 on ue1_0.id=r1_0.user_id left join los_role r1_1 on r1_1.id=r1_0.role_id where ue1_0.id=?
2026-04-12T10:06:22.504+07:00 DEBUG 8612 --- [ulos] [io-8080-exec-10] org.hibernate.SQL                        : update los_auth_token set created_at=?,expires_at=?,issued_at=?,last_accessed_at=?,revoked_flag=?,token_value=?,updated_at=?,user_id=? where id=?
2026-04-12T10:06:22.504+07:00 DEBUG 8612 --- [ulos] [nio-8080-exec-2] o.s.web.servlet.DispatcherServlet        : GET "/api/prechecks?type=COLLATERAL&customerCif=DEB-9920-X1&page=0&size=100", parameters={masked}
2026-04-12T10:06:22.504+07:00 DEBUG 8612 --- [ulos] [nio-8080-exec-2] s.w.s.m.m.a.RequestMappingHandlerMapping : Mapped to com.enterprise.ulos.los.controller.PrecheckController#list(String, String, String, int, int)
2026-04-12T10:06:22.521+07:00 DEBUG 8612 --- [ulos] [nio-8080-exec-2] org.hibernate.SQL                        : select ate1_0.id,ate1_0.created_at,ate1_0.expires_at,ate1_0.issued_at,ate1_0.last_accessed_at,ate1_0.revoked_flag,ate1_0.token_value,ate1_0.updated_at,ate1_0.user_id from los_auth_token ate1_0 where ate1_0.token_value=? and not(ate1_0.revoked_flag)
2026-04-12T10:06:22.523+07:00 DEBUG 8612 --- [ulos] [nio-8080-exec-2] org.hibernate.SQL                        : select ue1_0.id,ue1_0.active_flag,ue1_0.created_at,ue1_0.email,ue1_0.full_name,ue1_0.last_login_at,ue1_0.password_hash,r1_0.user_id,r1_1.id,r1_1.active_flag,r1_1.created_at,r1_1.description,r1_1.role_code,r1_1.role_name,r1_1.updated_at,ue1_0.updated_at,ue1_0.username from los_user ue1_0 left join los_user_role r1_0 on ue1_0.id=r1_0.user_id left join los_role r1_1 on r1_1.id=r1_0.role_id where ue1_0.id=?
2026-04-12T10:06:22.526+07:00 DEBUG 8612 --- [ulos] [nio-8080-exec-2] org.hibernate.SQL                        : update los_auth_token set created_at=?,expires_at=?,issued_at=?,last_accessed_at=?,revoked_flag=?,token_value=?,updated_at=?,user_id=? where id=?
2026-04-12T10:06:22.540+07:00 DEBUG 8612 --- [ulos] [io-8080-exec-10] org.hibernate.SQL                        : select pse1_0.id,pse1_0.check_ref,pse1_0.check_type,pse1_0.completed_at,pse1_0.created_at,pse1_0.customer_id,pse1_0.linked_application_id,pse1_0.notes,pse1_0.requested_at,pse1_0.result_json,pse1_0.result_summary,pse1_0.status,pse1_0.updated_at from los_precheck_session pse1_0 join los_customer c1_0 on c1_0.id=pse1_0.customer_id where (? is null or ?='' or upper(pse1_0.check_type)=upper(?)) and (? is null or ?='' or lower(c1_0.cif_number)=lower(?)) and (? is null or ?='' or lower(pse1_0.check_ref) like lower(concat('%',?,'%')) escape '' or lower(c1_0.cif_number) like lower(concat('%',?,'%')) escape '' or lower(c1_0.company_name) like lower(concat('%',?,'%')) escape '' or lower(coalesce(pse1_0.status,'')) like lower(concat('%',?,'%')) escape '' or lower(coalesce(pse1_0.result_summary,'')) like lower(concat('%',?,'%')) escape '') order by pse1_0.updated_at desc limit ?
2026-04-12T10:06:22.548+07:00 DEBUG 8612 --- [ulos] [nio-8080-exec-2] org.hibernate.SQL                        : select pse1_0.id,pse1_0.check_ref,pse1_0.check_type,pse1_0.completed_at,pse1_0.created_at,pse1_0.customer_id,pse1_0.linked_application_id,pse1_0.notes,pse1_0.requested_at,pse1_0.result_json,pse1_0.result_summary,pse1_0.status,pse1_0.updated_at from los_precheck_session pse1_0 join los_customer c1_0 on c1_0.id=pse1_0.customer_id where (? is null or ?='' or upper(pse1_0.check_type)=upper(?)) and (? is null or ?='' or lower(c1_0.cif_number)=lower(?)) and (? is null or ?='' or lower(pse1_0.check_ref) like lower(concat('%',?,'%')) escape '' or lower(c1_0.cif_number) like lower(concat('%',?,'%')) escape '' or lower(c1_0.company_name) like lower(concat('%',?,'%')) escape '' or lower(coalesce(pse1_0.status,'')) like lower(concat('%',?,'%')) escape '' or lower(coalesce(pse1_0.result_summary,'')) like lower(concat('%',?,'%')) escape '') order by pse1_0.updated_at desc limit ?
2026-04-12T10:06:22.550+07:00 DEBUG 8612 --- [ulos] [io-8080-exec-10] m.m.a.RequestResponseBodyMethodProcessor : Using 'application/json', given [*/*] and supported [application/json, application/*+json]
2026-04-12T10:06:22.551+07:00 DEBUG 8612 --- [ulos] [io-8080-exec-10] m.m.a.RequestResponseBodyMethodProcessor : Writing [PrecheckPageResponse[items=[], totalElements=0, totalPages=0, page=0, size=100]]
2026-04-12T10:06:22.554+07:00 DEBUG 8612 --- [ulos] [nio-8080-exec-2] m.m.a.RequestResponseBodyMethodProcessor : Using 'application/json', given [*/*] and supported [application/json, application/*+json]
2026-04-12T10:06:22.554+07:00 DEBUG 8612 --- [ulos] [io-8080-exec-10] o.s.web.servlet.DispatcherServlet        : Completed 200 OK
2026-04-12T10:06:22.554+07:00 DEBUG 8612 --- [ulos] [nio-8080-exec-2] m.m.a.RequestResponseBodyMethodProcessor : Writing [PrecheckPageResponse[items=[], totalElements=0, totalPages=0, page=0, size=100]]
2026-04-12T10:06:22.556+07:00 DEBUG 8612 --- [ulos] [nio-8080-exec-2] o.s.web.servlet.DispatcherServlet        : Completed 200 OK
2026-04-12T10:06:22.570+07:00 DEBUG 8612 --- [ulos] [nio-8080-exec-1] org.hibernate.SQL                        : select ate1_0.id,ate1_0.created_at,ate1_0.expires_at,ate1_0.issued_at,ate1_0.last_accessed_at,ate1_0.revoked_flag,ate1_0.token_value,ate1_0.updated_at,ate1_0.user_id from los_auth_token ate1_0 where ate1_0.token_value=? and not(ate1_0.revoked_flag)
2026-04-12T10:06:22.570+07:00 DEBUG 8612 --- [ulos] [nio-8080-exec-1] org.hibernate.SQL                        : select ue1_0.id,ue1_0.active_flag,ue1_0.created_at,ue1_0.email,ue1_0.full_name,ue1_0.last_login_at,ue1_0.password_hash,r1_0.user_id,r1_1.id,r1_1.active_flag,r1_1.created_at,r1_1.description,r1_1.role_code,r1_1.role_name,r1_1.updated_at,ue1_0.updated_at,ue1_0.username from los_user ue1_0 left join los_user_role r1_0 on ue1_0.id=r1_0.user_id left join los_role r1_1 on r1_1.id=r1_0.role_id where ue1_0.id=?
2026-04-12T10:06:22.587+07:00 DEBUG 8612 --- [ulos] [nio-8080-exec-1] org.hibernate.SQL                        : update los_auth_token set created_at=?,expires_at=?,issued_at=?,last_accessed_at=?,revoked_flag=?,token_value=?,updated_at=?,user_id=? where id=?
2026-04-12T10:06:22.589+07:00 DEBUG 8612 --- [ulos] [nio-8080-exec-4] org.hibernate.SQL                        : select ate1_0.id,ate1_0.created_at,ate1_0.expires_at,ate1_0.issued_at,ate1_0.last_accessed_at,ate1_0.revoked_flag,ate1_0.token_value,ate1_0.updated_at,ate1_0.user_id from los_auth_token ate1_0 where ate1_0.token_value=? and not(ate1_0.revoked_flag)
2026-04-12T10:06:22.592+07:00 DEBUG 8612 --- [ulos] [nio-8080-exec-4] org.hibernate.SQL                        : select ue1_0.id,ue1_0.active_flag,ue1_0.created_at,ue1_0.email,ue1_0.full_name,ue1_0.last_login_at,ue1_0.password_hash,r1_0.user_id,r1_1.id,r1_1.active_flag,r1_1.created_at,r1_1.description,r1_1.role_code,r1_1.role_name,r1_1.updated_at,ue1_0.updated_at,ue1_0.username from los_user ue1_0 left join los_user_role r1_0 on ue1_0.id=r1_0.user_id left join los_role r1_1 on r1_1.id=r1_0.role_id where ue1_0.id=?
2026-04-12T10:06:22.595+07:00 DEBUG 8612 --- [ulos] [nio-8080-exec-4] org.hibernate.SQL                        : update los_auth_token set created_at=?,expires_at=?,issued_at=?,last_accessed_at=?,revoked_flag=?,token_value=?,updated_at=?,user_id=? where id=?
2026-04-12T10:06:22.601+07:00 DEBUG 8612 --- [ulos] [nio-8080-exec-1] o.s.web.servlet.DispatcherServlet        : GET "/api/prechecks?type=SLIK&customerCif=DEB-9920-X1&page=0&size=100", parameters={masked}
2026-04-12T10:06:22.601+07:00 DEBUG 8612 --- [ulos] [nio-8080-exec-1] s.w.s.m.m.a.RequestMappingHandlerMapping : Mapped to com.enterprise.ulos.los.controller.PrecheckController#list(String, String, String, int, int)
2026-04-12T10:06:22.604+07:00 DEBUG 8612 --- [ulos] [nio-8080-exec-1] org.hibernate.SQL                        : select ate1_0.id,ate1_0.created_at,ate1_0.expires_at,ate1_0.issued_at,ate1_0.last_accessed_at,ate1_0.revoked_flag,ate1_0.token_value,ate1_0.updated_at,ate1_0.user_id from los_auth_token ate1_0 where ate1_0.token_value=? and not(ate1_0.revoked_flag)
2026-04-12T10:06:22.606+07:00 DEBUG 8612 --- [ulos] [nio-8080-exec-1] org.hibernate.SQL                        : select ue1_0.id,ue1_0.active_flag,ue1_0.created_at,ue1_0.email,ue1_0.full_name,ue1_0.last_login_at,ue1_0.password_hash,r1_0.user_id,r1_1.id,r1_1.active_flag,r1_1.created_at,r1_1.description,r1_1.role_code,r1_1.role_name,r1_1.updated_at,ue1_0.updated_at,ue1_0.username from los_user ue1_0 left join los_user_role r1_0 on ue1_0.id=r1_0.user_id left join los_role r1_1 on r1_1.id=r1_0.role_id where ue1_0.id=?
2026-04-12T10:06:22.609+07:00 DEBUG 8612 --- [ulos] [nio-8080-exec-4] o.s.web.servlet.DispatcherServlet        : GET "/api/prechecks?type=COLLATERAL&customerCif=DEB-9920-X1&page=0&size=100", parameters={masked}
2026-04-12T10:06:22.609+07:00 DEBUG 8612 --- [ulos] [nio-8080-exec-1] org.hibernate.SQL                        : update los_auth_token set created_at=?,expires_at=?,issued_at=?,last_accessed_at=?,revoked_flag=?,token_value=?,updated_at=?,user_id=? where id=?
2026-04-12T10:06:22.609+07:00 DEBUG 8612 --- [ulos] [nio-8080-exec-4] s.w.s.m.m.a.RequestMappingHandlerMapping : Mapped to com.enterprise.ulos.los.controller.PrecheckController#list(String, String, String, int, int)
2026-04-12T10:06:22.612+07:00 DEBUG 8612 --- [ulos] [nio-8080-exec-4] org.hibernate.SQL                        : select ate1_0.id,ate1_0.created_at,ate1_0.expires_at,ate1_0.issued_at,ate1_0.last_accessed_at,ate1_0.revoked_flag,ate1_0.token_value,ate1_0.updated_at,ate1_0.user_id from los_auth_token ate1_0 where ate1_0.token_value=? and not(ate1_0.revoked_flag)
2026-04-12T10:06:22.614+07:00 DEBUG 8612 --- [ulos] [nio-8080-exec-4] org.hibernate.SQL                        : select ue1_0.id,ue1_0.active_flag,ue1_0.created_at,ue1_0.email,ue1_0.full_name,ue1_0.last_login_at,ue1_0.password_hash,r1_0.user_id,r1_1.id,r1_1.active_flag,r1_1.created_at,r1_1.description,r1_1.role_code,r1_1.role_name,r1_1.updated_at,ue1_0.updated_at,ue1_0.username from los_user ue1_0 left join los_user_role r1_0 on ue1_0.id=r1_0.user_id left join los_role r1_1 on r1_1.id=r1_0.role_id where ue1_0.id=?
2026-04-12T10:06:22.617+07:00 DEBUG 8612 --- [ulos] [nio-8080-exec-4] org.hibernate.SQL                        : update los_auth_token set created_at=?,expires_at=?,issued_at=?,last_accessed_at=?,revoked_flag=?,token_value=?,updated_at=?,user_id=? where id=?
2026-04-12T10:06:22.623+07:00 DEBUG 8612 --- [ulos] [nio-8080-exec-1] org.hibernate.SQL                        : select pse1_0.id,pse1_0.check_ref,pse1_0.check_type,pse1_0.completed_at,pse1_0.created_at,pse1_0.customer_id,pse1_0.linked_application_id,pse1_0.notes,pse1_0.requested_at,pse1_0.result_json,pse1_0.result_summary,pse1_0.status,pse1_0.updated_at from los_precheck_session pse1_0 join los_customer c1_0 on c1_0.id=pse1_0.customer_id where (? is null or ?='' or upper(pse1_0.check_type)=upper(?)) and (? is null or ?='' or lower(c1_0.cif_number)=lower(?)) and (? is null or ?='' or lower(pse1_0.check_ref) like lower(concat('%',?,'%')) escape '' or lower(c1_0.cif_number) like lower(concat('%',?,'%')) escape '' or lower(c1_0.company_name) like lower(concat('%',?,'%')) escape '' or lower(coalesce(pse1_0.status,'')) like lower(concat('%',?,'%')) escape '' or lower(coalesce(pse1_0.result_summary,'')) like lower(concat('%',?,'%')) escape '') order by pse1_0.updated_at desc limit ?
2026-04-12T10:06:22.626+07:00 DEBUG 8612 --- [ulos] [nio-8080-exec-1] m.m.a.RequestResponseBodyMethodProcessor : Using 'application/json', given [*/*] and supported [application/json, application/*+json]
2026-04-12T10:06:22.626+07:00 DEBUG 8612 --- [ulos] [nio-8080-exec-1] m.m.a.RequestResponseBodyMethodProcessor : Writing [PrecheckPageResponse[items=[], totalElements=0, totalPages=0, page=0, size=100]]
2026-04-12T10:06:22.627+07:00 DEBUG 8612 --- [ulos] [nio-8080-exec-1] o.s.web.servlet.DispatcherServlet        : Completed 200 OK
2026-04-12T10:06:22.637+07:00 DEBUG 8612 --- [ulos] [nio-8080-exec-4] org.hibernate.SQL                        : select pse1_0.id,pse1_0.check_ref,pse1_0.check_type,pse1_0.completed_at,pse1_0.created_at,pse1_0.customer_id,pse1_0.linked_application_id,pse1_0.notes,pse1_0.requested_at,pse1_0.result_json,pse1_0.result_summary,pse1_0.status,pse1_0.updated_at from los_precheck_session pse1_0 join los_customer c1_0 on c1_0.id=pse1_0.customer_id where (? is null or ?='' or upper(pse1_0.check_type)=upper(?)) and (? is null or ?='' or lower(c1_0.cif_number)=lower(?)) and (? is null or ?='' or lower(pse1_0.check_ref) like lower(concat('%',?,'%')) escape '' or lower(c1_0.cif_number) like lower(concat('%',?,'%')) escape '' or lower(c1_0.company_name) like lower(concat('%',?,'%')) escape '' or lower(coalesce(pse1_0.status,'')) like lower(concat('%',?,'%')) escape '' or lower(coalesce(pse1_0.result_summary,'')) like lower(concat('%',?,'%')) escape '') order by pse1_0.updated_at desc limit ?
2026-04-12T10:06:22.639+07:00 DEBUG 8612 --- [ulos] [nio-8080-exec-4] m.m.a.RequestResponseBodyMethodProcessor : Using 'application/json', given [*/*] and supported [application/json, application/*+json]
2026-04-12T10:06:22.639+07:00 DEBUG 8612 --- [ulos] [nio-8080-exec-4] m.m.a.RequestResponseBodyMethodProcessor : Writing [PrecheckPageResponse[items=[], totalElements=0, totalPages=0, page=0, size=100]]
2026-04-12T10:06:22.640+07:00 DEBUG 8612 --- [ulos] [nio-8080-exec-4] o.s.web.servlet.DispatcherServlet        : Completed 200 OK
2026-04-12T10:06:24.980+07:00 DEBUG 8612 --- [ulos] [nio-8080-exec-3] org.hibernate.SQL                        : select ate1_0.id,ate1_0.created_at,ate1_0.expires_at,ate1_0.issued_at,ate1_0.last_accessed_at,ate1_0.revoked_flag,ate1_0.token_value,ate1_0.updated_at,ate1_0.user_id from los_auth_token ate1_0 where ate1_0.token_value=? and not(ate1_0.revoked_flag)
2026-04-12T10:06:24.982+07:00 DEBUG 8612 --- [ulos] [nio-8080-exec-3] org.hibernate.SQL                        : select ue1_0.id,ue1_0.active_flag,ue1_0.created_at,ue1_0.email,ue1_0.full_name,ue1_0.last_login_at,ue1_0.password_hash,r1_0.user_id,r1_1.id,r1_1.active_flag,r1_1.created_at,r1_1.description,r1_1.role_code,r1_1.role_name,r1_1.updated_at,ue1_0.updated_at,ue1_0.username from los_user ue1_0 left join los_user_role r1_0 on ue1_0.id=r1_0.user_id left join los_role r1_1 on r1_1.id=r1_0.role_id where ue1_0.id=?
2026-04-12T10:06:24.985+07:00 DEBUG 8612 --- [ulos] [nio-8080-exec-3] org.hibernate.SQL                        : update los_auth_token set created_at=?,expires_at=?,issued_at=?,last_accessed_at=?,revoked_flag=?,token_value=?,updated_at=?,user_id=? where id=?
2026-04-12T10:06:24.999+07:00 DEBUG 8612 --- [ulos] [nio-8080-exec-3] o.s.web.servlet.DispatcherServlet        : GET "/api/customers/page?page=0&size=20", parameters={masked}
2026-04-12T10:06:24.999+07:00 DEBUG 8612 --- [ulos] [nio-8080-exec-3] s.w.s.m.m.a.RequestMappingHandlerMapping : Mapped to com.enterprise.ulos.los.controller.CustomerPortfolioController#listPage(String, int, int)
2026-04-12T10:06:25.002+07:00 DEBUG 8612 --- [ulos] [nio-8080-exec-3] org.hibernate.SQL                        : select ate1_0.id,ate1_0.created_at,ate1_0.expires_at,ate1_0.issued_at,ate1_0.last_accessed_at,ate1_0.revoked_flag,ate1_0.token_value,ate1_0.updated_at,ate1_0.user_id from los_auth_token ate1_0 where ate1_0.token_value=? and not(ate1_0.revoked_flag)
2026-04-12T10:06:25.007+07:00 DEBUG 8612 --- [ulos] [nio-8080-exec-3] org.hibernate.SQL                        : select ue1_0.id,ue1_0.active_flag,ue1_0.created_at,ue1_0.email,ue1_0.full_name,ue1_0.last_login_at,ue1_0.password_hash,r1_0.user_id,r1_1.id,r1_1.active_flag,r1_1.created_at,r1_1.description,r1_1.role_code,r1_1.role_name,r1_1.updated_at,ue1_0.updated_at,ue1_0.username from los_user ue1_0 left join los_user_role r1_0 on ue1_0.id=r1_0.user_id left join los_role r1_1 on r1_1.id=r1_0.role_id where ue1_0.id=?
2026-04-12T10:06:25.010+07:00 DEBUG 8612 --- [ulos] [nio-8080-exec-3] org.hibernate.SQL                        : update los_auth_token set created_at=?,expires_at=?,issued_at=?,last_accessed_at=?,revoked_flag=?,token_value=?,updated_at=?,user_id=? where id=?
2026-04-12T10:06:25.023+07:00 DEBUG 8612 --- [ulos] [nio-8080-exec-3] org.hibernate.SQL                        : select ce1_0.id,ce1_0.cif_number,ce1_0.company_name,ce1_0.company_type,ce1_0.created_at,ce1_0.legal_name,ce1_0.location,ce1_0.profile_json,ce1_0.registration_date,ce1_0.sector,ce1_0.status,ce1_0.tax_id,ce1_0.updated_at from los_customer ce1_0 where (? is null or ?='' or lower(ce1_0.cif_number) like lower(concat('%',?,'%')) escape '' or lower(ce1_0.company_name) like lower(concat('%',?,'%')) escape '' or lower(coalesce(ce1_0.sector,'')) like lower(concat('%',?,'%')) escape '' or lower(coalesce(ce1_0.location,'')) like lower(concat('%',?,'%')) escape '' or lower(coalesce(ce1_0.status,'')) like lower(concat('%',?,'%')) escape '') order by ce1_0.updated_at desc limit ?
2026-04-12T10:06:25.027+07:00 DEBUG 8612 --- [ulos] [nio-8080-exec-3] m.m.a.RequestResponseBodyMethodProcessor : Using 'application/json', given [*/*] and supported [application/json, application/*+json]
2026-04-12T10:06:25.027+07:00 DEBUG 8612 --- [ulos] [nio-8080-exec-3] m.m.a.RequestResponseBodyMethodProcessor : Writing [CustomerSummaryPageResponse[items=[CustomerSummaryResponse[cifNumber=DEB-9920-X1, companyName=Global (truncated)...]
2026-04-12T10:06:25.028+07:00 DEBUG 8612 --- [ulos] [nio-8080-exec-3] o.s.web.servlet.DispatcherServlet        : Completed 200 OK
2026-04-12T10:06:25.044+07:00 DEBUG 8612 --- [ulos] [nio-8080-exec-5] org.hibernate.SQL                        : select ate1_0.id,ate1_0.created_at,ate1_0.expires_at,ate1_0.issued_at,ate1_0.last_accessed_at,ate1_0.revoked_flag,ate1_0.token_value,ate1_0.updated_at,ate1_0.user_id from los_auth_token ate1_0 where ate1_0.token_value=? and not(ate1_0.revoked_flag)
2026-04-12T10:06:25.046+07:00 DEBUG 8612 --- [ulos] [nio-8080-exec-5] org.hibernate.SQL                        : select ue1_0.id,ue1_0.active_flag,ue1_0.created_at,ue1_0.email,ue1_0.full_name,ue1_0.last_login_at,ue1_0.password_hash,r1_0.user_id,r1_1.id,r1_1.active_flag,r1_1.created_at,r1_1.description,r1_1.role_code,r1_1.role_name,r1_1.updated_at,ue1_0.updated_at,ue1_0.username from los_user ue1_0 left join los_user_role r1_0 on ue1_0.id=r1_0.user_id left join los_role r1_1 on r1_1.id=r1_0.role_id where ue1_0.id=?
2026-04-12T10:06:25.047+07:00 DEBUG 8612 --- [ulos] [nio-8080-exec-5] org.hibernate.SQL                        : update los_auth_token set created_at=?,expires_at=?,issued_at=?,last_accessed_at=?,revoked_flag=?,token_value=?,updated_at=?,user_id=? where id=?
2026-04-12T10:06:25.066+07:00 DEBUG 8612 --- [ulos] [nio-8080-exec-5] o.s.web.servlet.DispatcherServlet        : GET "/api/customers/page?page=0&size=20", parameters={masked}
2026-04-12T10:06:25.067+07:00 DEBUG 8612 --- [ulos] [nio-8080-exec-5] s.w.s.m.m.a.RequestMappingHandlerMapping : Mapped to com.enterprise.ulos.los.controller.CustomerPortfolioController#listPage(String, int, int)
2026-04-12T10:06:25.068+07:00 DEBUG 8612 --- [ulos] [nio-8080-exec-5] org.hibernate.SQL                        : select ate1_0.id,ate1_0.created_at,ate1_0.expires_at,ate1_0.issued_at,ate1_0.last_accessed_at,ate1_0.revoked_flag,ate1_0.token_value,ate1_0.updated_at,ate1_0.user_id from los_auth_token ate1_0 where ate1_0.token_value=? and not(ate1_0.revoked_flag)
2026-04-12T10:06:25.068+07:00 DEBUG 8612 --- [ulos] [nio-8080-exec-5] org.hibernate.SQL                        : select ue1_0.id,ue1_0.active_flag,ue1_0.created_at,ue1_0.email,ue1_0.full_name,ue1_0.last_login_at,ue1_0.password_hash,r1_0.user_id,r1_1.id,r1_1.active_flag,r1_1.created_at,r1_1.description,r1_1.role_code,r1_1.role_name,r1_1.updated_at,ue1_0.updated_at,ue1_0.username from los_user ue1_0 left join los_user_role r1_0 on ue1_0.id=r1_0.user_id left join los_role r1_1 on r1_1.id=r1_0.role_id where ue1_0.id=?
2026-04-12T10:06:25.068+07:00 DEBUG 8612 --- [ulos] [nio-8080-exec-5] org.hibernate.SQL                        : update los_auth_token set created_at=?,expires_at=?,issued_at=?,last_accessed_at=?,revoked_flag=?,token_value=?,updated_at=?,user_id=? where id=?
2026-04-12T10:06:25.084+07:00 DEBUG 8612 --- [ulos] [nio-8080-exec-5] org.hibernate.SQL                        : select ce1_0.id,ce1_0.cif_number,ce1_0.company_name,ce1_0.company_type,ce1_0.created_at,ce1_0.legal_name,ce1_0.location,ce1_0.profile_json,ce1_0.registration_date,ce1_0.sector,ce1_0.status,ce1_0.tax_id,ce1_0.updated_at from los_customer ce1_0 where (? is null or ?='' or lower(ce1_0.cif_number) like lower(concat('%',?,'%')) escape '' or lower(ce1_0.company_name) like lower(concat('%',?,'%')) escape '' or lower(coalesce(ce1_0.sector,'')) like lower(concat('%',?,'%')) escape '' or lower(coalesce(ce1_0.location,'')) like lower(concat('%',?,'%')) escape '' or lower(coalesce(ce1_0.status,'')) like lower(concat('%',?,'%')) escape '') order by ce1_0.updated_at desc limit ?
2026-04-12T10:06:25.084+07:00 DEBUG 8612 --- [ulos] [nio-8080-exec-5] m.m.a.RequestResponseBodyMethodProcessor : Using 'application/json', given [*/*] and supported [application/json, application/*+json]
2026-04-12T10:06:25.084+07:00 DEBUG 8612 --- [ulos] [nio-8080-exec-5] m.m.a.RequestResponseBodyMethodProcessor : Writing [CustomerSummaryPageResponse[items=[CustomerSummaryResponse[cifNumber=DEB-9920-X1, companyName=Global (truncated)...]
2026-04-12T10:06:25.099+07:00 DEBUG 8612 --- [ulos] [nio-8080-exec-5] o.s.web.servlet.DispatcherServlet        : Completed 200 OK
2026-04-12T10:07:04.923+07:00 DEBUG 8612 --- [ulos] [nio-8080-exec-8] org.hibernate.SQL                        : select ate1_0.id,ate1_0.created_at,ate1_0.expires_at,ate1_0.issued_at,ate1_0.last_accessed_at,ate1_0.revoked_flag,ate1_0.token_value,ate1_0.updated_at,ate1_0.user_id from los_auth_token ate1_0 where ate1_0.token_value=? and not(ate1_0.revoked_flag)
2026-04-12T10:07:04.924+07:00 DEBUG 8612 --- [ulos] [nio-8080-exec-6] org.hibernate.SQL                        : select ate1_0.id,ate1_0.created_at,ate1_0.expires_at,ate1_0.issued_at,ate1_0.last_accessed_at,ate1_0.revoked_flag,ate1_0.token_value,ate1_0.updated_at,ate1_0.user_id from los_auth_token ate1_0 where ate1_0.token_value=? and not(ate1_0.revoked_flag)
2026-04-12T10:07:04.925+07:00 DEBUG 8612 --- [ulos] [nio-8080-exec-8] org.hibernate.SQL                        : select ue1_0.id,ue1_0.active_flag,ue1_0.created_at,ue1_0.email,ue1_0.full_name,ue1_0.last_login_at,ue1_0.password_hash,r1_0.user_id,r1_1.id,r1_1.active_flag,r1_1.created_at,r1_1.description,r1_1.role_code,r1_1.role_name,r1_1.updated_at,ue1_0.updated_at,ue1_0.username from los_user ue1_0 left join los_user_role r1_0 on ue1_0.id=r1_0.user_id left join los_role r1_1 on r1_1.id=r1_0.role_id where ue1_0.id=?
2026-04-12T10:07:04.927+07:00 DEBUG 8612 --- [ulos] [nio-8080-exec-6] org.hibernate.SQL                        : select ue1_0.id,ue1_0.active_flag,ue1_0.created_at,ue1_0.email,ue1_0.full_name,ue1_0.last_login_at,ue1_0.password_hash,r1_0.user_id,r1_1.id,r1_1.active_flag,r1_1.created_at,r1_1.description,r1_1.role_code,r1_1.role_name,r1_1.updated_at,ue1_0.updated_at,ue1_0.username from los_user ue1_0 left join los_user_role r1_0 on ue1_0.id=r1_0.user_id left join los_role r1_1 on r1_1.id=r1_0.role_id where ue1_0.id=?
2026-04-12T10:07:04.927+07:00 DEBUG 8612 --- [ulos] [nio-8080-exec-8] org.hibernate.SQL                        : update los_auth_token set created_at=?,expires_at=?,issued_at=?,last_accessed_at=?,revoked_flag=?,token_value=?,updated_at=?,user_id=? where id=?
2026-04-12T10:07:04.927+07:00 DEBUG 8612 --- [ulos] [nio-8080-exec-6] org.hibernate.SQL                        : update los_auth_token set created_at=?,expires_at=?,issued_at=?,last_accessed_at=?,revoked_flag=?,token_value=?,updated_at=?,user_id=? where id=?
2026-04-12T10:07:05.026+07:00 DEBUG 8612 --- [ulos] [nio-8080-exec-6] o.s.web.servlet.DispatcherServlet        : GET "/api/prechecks?type=SLIK&page=0&size=10", parameters={masked}
2026-04-12T10:07:05.026+07:00 DEBUG 8612 --- [ulos] [nio-8080-exec-6] s.w.s.m.m.a.RequestMappingHandlerMapping : Mapped to com.enterprise.ulos.los.controller.PrecheckController#list(String, String, String, int, int)
2026-04-12T10:07:05.026+07:00 DEBUG 8612 --- [ulos] [nio-8080-exec-8] o.s.web.servlet.DispatcherServlet        : GET "/api/customers", parameters={}
2026-04-12T10:07:05.026+07:00 DEBUG 8612 --- [ulos] [nio-8080-exec-8] s.w.s.m.m.a.RequestMappingHandlerMapping : Mapped to com.enterprise.ulos.los.controller.CustomerPortfolioController#list()
2026-04-12T10:07:05.026+07:00 DEBUG 8612 --- [ulos] [nio-8080-exec-6] org.hibernate.SQL                        : select ate1_0.id,ate1_0.created_at,ate1_0.expires_at,ate1_0.issued_at,ate1_0.last_accessed_at,ate1_0.revoked_flag,ate1_0.token_value,ate1_0.updated_at,ate1_0.user_id from los_auth_token ate1_0 where ate1_0.token_value=? and not(ate1_0.revoked_flag)
2026-04-12T10:07:05.026+07:00 DEBUG 8612 --- [ulos] [nio-8080-exec-8] org.hibernate.SQL                        : select ate1_0.id,ate1_0.created_at,ate1_0.expires_at,ate1_0.issued_at,ate1_0.last_accessed_at,ate1_0.revoked_flag,ate1_0.token_value,ate1_0.updated_at,ate1_0.user_id from los_auth_token ate1_0 where ate1_0.token_value=? and not(ate1_0.revoked_flag)
2026-04-12T10:07:05.026+07:00 DEBUG 8612 --- [ulos] [nio-8080-exec-6] org.hibernate.SQL                        : select ue1_0.id,ue1_0.active_flag,ue1_0.created_at,ue1_0.email,ue1_0.full_name,ue1_0.last_login_at,ue1_0.password_hash,r1_0.user_id,r1_1.id,r1_1.active_flag,r1_1.created_at,r1_1.description,r1_1.role_code,r1_1.role_name,r1_1.updated_at,ue1_0.updated_at,ue1_0.username from los_user ue1_0 left join los_user_role r1_0 on ue1_0.id=r1_0.user_id left join los_role r1_1 on r1_1.id=r1_0.role_id where ue1_0.id=?
2026-04-12T10:07:05.026+07:00 DEBUG 8612 --- [ulos] [nio-8080-exec-8] org.hibernate.SQL                        : select ue1_0.id,ue1_0.active_flag,ue1_0.created_at,ue1_0.email,ue1_0.full_name,ue1_0.last_login_at,ue1_0.password_hash,r1_0.user_id,r1_1.id,r1_1.active_flag,r1_1.created_at,r1_1.description,r1_1.role_code,r1_1.role_name,r1_1.updated_at,ue1_0.updated_at,ue1_0.username from los_user ue1_0 left join los_user_role r1_0 on ue1_0.id=r1_0.user_id left join los_role r1_1 on r1_1.id=r1_0.role_id where ue1_0.id=?
2026-04-12T10:07:05.044+07:00 DEBUG 8612 --- [ulos] [nio-8080-exec-6] org.hibernate.SQL                        : update los_auth_token set created_at=?,expires_at=?,issued_at=?,last_accessed_at=?,revoked_flag=?,token_value=?,updated_at=?,user_id=? where id=?
2026-04-12T10:07:05.044+07:00 DEBUG 8612 --- [ulos] [nio-8080-exec-8] org.hibernate.SQL                        : update los_auth_token set created_at=?,expires_at=?,issued_at=?,last_accessed_at=?,revoked_flag=?,token_value=?,updated_at=?,user_id=? where id=?
2026-04-12T10:07:05.115+07:00 DEBUG 8612 --- [ulos] [nio-8080-exec-6] org.hibernate.SQL                        : select pse1_0.id,pse1_0.check_ref,pse1_0.check_type,pse1_0.completed_at,pse1_0.created_at,pse1_0.customer_id,pse1_0.linked_application_id,pse1_0.notes,pse1_0.requested_at,pse1_0.result_json,pse1_0.result_summary,pse1_0.status,pse1_0.updated_at from los_precheck_session pse1_0 join los_customer c1_0 on c1_0.id=pse1_0.customer_id where (? is null or ?='' or upper(pse1_0.check_type)=upper(?)) and (? is null or ?='' or lower(c1_0.cif_number)=lower(?)) and (? is null or ?='' or lower(pse1_0.check_ref) like lower(concat('%',?,'%')) escape '' or lower(c1_0.cif_number) like lower(concat('%',?,'%')) escape '' or lower(c1_0.company_name) like lower(concat('%',?,'%')) escape '' or lower(coalesce(pse1_0.status,'')) like lower(concat('%',?,'%')) escape '' or lower(coalesce(pse1_0.result_summary,'')) like lower(concat('%',?,'%')) escape '') order by pse1_0.updated_at desc limit ?
2026-04-12T10:07:05.118+07:00 DEBUG 8612 --- [ulos] [nio-8080-exec-6] m.m.a.RequestResponseBodyMethodProcessor : Using 'application/json', given [*/*] and supported [application/json, application/*+json]
2026-04-12T10:07:05.119+07:00 DEBUG 8612 --- [ulos] [nio-8080-exec-6] m.m.a.RequestResponseBodyMethodProcessor : Writing [PrecheckPageResponse[items=[], totalElements=0, totalPages=0, page=0, size=10]]
2026-04-12T10:07:05.120+07:00 DEBUG 8612 --- [ulos] [nio-8080-exec-6] o.s.web.servlet.DispatcherServlet        : Completed 200 OK
2026-04-12T10:07:05.131+07:00 DEBUG 8612 --- [ulos] [nio-8080-exec-8] org.hibernate.SQL                        : select ce1_0.id,ce1_0.cif_number,ce1_0.company_name,ce1_0.company_type,ce1_0.created_at,ce1_0.legal_name,ce1_0.location,ce1_0.profile_json,ce1_0.registration_date,ce1_0.sector,ce1_0.status,ce1_0.tax_id,ce1_0.updated_at from los_customer ce1_0
2026-04-12T10:07:05.137+07:00 DEBUG 8612 --- [ulos] [nio-8080-exec-8] m.m.a.RequestResponseBodyMethodProcessor : Using 'application/json', given [*/*] and supported [application/json, application/*+json]
2026-04-12T10:07:05.137+07:00 DEBUG 8612 --- [ulos] [nio-8080-exec-8] m.m.a.RequestResponseBodyMethodProcessor : Writing [[CustomerSummaryResponse[cifNumber=DEB-9920-X1, companyName=Global Logistics Systems Corp., sector=n (truncated)...]
2026-04-12T10:07:05.139+07:00 DEBUG 8612 --- [ulos] [nio-8080-exec-8] o.s.web.servlet.DispatcherServlet        : Completed 200 OK
2026-04-12T10:07:05.139+07:00 DEBUG 8612 --- [ulos] [nio-8080-exec-7] org.hibernate.SQL                        : select ate1_0.id,ate1_0.created_at,ate1_0.expires_at,ate1_0.issued_at,ate1_0.last_accessed_at,ate1_0.revoked_flag,ate1_0.token_value,ate1_0.updated_at,ate1_0.user_id from los_auth_token ate1_0 where ate1_0.token_value=? and not(ate1_0.revoked_flag)
2026-04-12T10:07:05.141+07:00 DEBUG 8612 --- [ulos] [nio-8080-exec-7] org.hibernate.SQL                        : select ue1_0.id,ue1_0.active_flag,ue1_0.created_at,ue1_0.email,ue1_0.full_name,ue1_0.last_login_at,ue1_0.password_hash,r1_0.user_id,r1_1.id,r1_1.active_flag,r1_1.created_at,r1_1.description,r1_1.role_code,r1_1.role_name,r1_1.updated_at,ue1_0.updated_at,ue1_0.username from los_user ue1_0 left join los_user_role r1_0 on ue1_0.id=r1_0.user_id left join los_role r1_1 on r1_1.id=r1_0.role_id where ue1_0.id=?
2026-04-12T10:07:05.145+07:00 DEBUG 8612 --- [ulos] [nio-8080-exec-7] org.hibernate.SQL                        : update los_auth_token set created_at=?,expires_at=?,issued_at=?,last_accessed_at=?,revoked_flag=?,token_value=?,updated_at=?,user_id=? where id=?
2026-04-12T10:07:05.147+07:00 DEBUG 8612 --- [ulos] [nio-8080-exec-9] org.hibernate.SQL                        : select ate1_0.id,ate1_0.created_at,ate1_0.expires_at,ate1_0.issued_at,ate1_0.last_accessed_at,ate1_0.revoked_flag,ate1_0.token_value,ate1_0.updated_at,ate1_0.user_id from los_auth_token ate1_0 where ate1_0.token_value=? and not(ate1_0.revoked_flag)
2026-04-12T10:07:05.147+07:00 DEBUG 8612 --- [ulos] [nio-8080-exec-7] o.s.web.servlet.DispatcherServlet        : GET "/api/prechecks?type=SLIK&page=0&size=10", parameters={masked}
2026-04-12T10:07:05.159+07:00 DEBUG 8612 --- [ulos] [nio-8080-exec-7] s.w.s.m.m.a.RequestMappingHandlerMapping : Mapped to com.enterprise.ulos.los.controller.PrecheckController#list(String, String, String, int, int)
2026-04-12T10:07:05.159+07:00 DEBUG 8612 --- [ulos] [nio-8080-exec-9] org.hibernate.SQL                        : select ue1_0.id,ue1_0.active_flag,ue1_0.created_at,ue1_0.email,ue1_0.full_name,ue1_0.last_login_at,ue1_0.password_hash,r1_0.user_id,r1_1.id,r1_1.active_flag,r1_1.created_at,r1_1.description,r1_1.role_code,r1_1.role_name,r1_1.updated_at,ue1_0.updated_at,ue1_0.username from los_user ue1_0 left join los_user_role r1_0 on ue1_0.id=r1_0.user_id left join los_role r1_1 on r1_1.id=r1_0.role_id where ue1_0.id=?
2026-04-12T10:07:05.162+07:00 DEBUG 8612 --- [ulos] [nio-8080-exec-7] org.hibernate.SQL                        : select ate1_0.id,ate1_0.created_at,ate1_0.expires_at,ate1_0.issued_at,ate1_0.last_accessed_at,ate1_0.revoked_flag,ate1_0.token_value,ate1_0.updated_at,ate1_0.user_id from los_auth_token ate1_0 where ate1_0.token_value=? and not(ate1_0.revoked_flag)
2026-04-12T10:07:05.163+07:00 DEBUG 8612 --- [ulos] [nio-8080-exec-9] org.hibernate.SQL                        : update los_auth_token set created_at=?,expires_at=?,issued_at=?,last_accessed_at=?,revoked_flag=?,token_value=?,updated_at=?,user_id=? where id=?
2026-04-12T10:07:05.164+07:00 DEBUG 8612 --- [ulos] [nio-8080-exec-7] org.hibernate.SQL                        : select ue1_0.id,ue1_0.active_flag,ue1_0.created_at,ue1_0.email,ue1_0.full_name,ue1_0.last_login_at,ue1_0.password_hash,r1_0.user_id,r1_1.id,r1_1.active_flag,r1_1.created_at,r1_1.description,r1_1.role_code,r1_1.role_name,r1_1.updated_at,ue1_0.updated_at,ue1_0.username from los_user ue1_0 left join los_user_role r1_0 on ue1_0.id=r1_0.user_id left join los_role r1_1 on r1_1.id=r1_0.role_id where ue1_0.id=?
2026-04-12T10:07:05.169+07:00 DEBUG 8612 --- [ulos] [nio-8080-exec-7] org.hibernate.SQL                        : update los_auth_token set created_at=?,expires_at=?,issued_at=?,last_accessed_at=?,revoked_flag=?,token_value=?,updated_at=?,user_id=? where id=?
2026-04-12T10:07:05.174+07:00 DEBUG 8612 --- [ulos] [nio-8080-exec-9] o.s.web.servlet.DispatcherServlet        : GET "/api/customers", parameters={}
2026-04-12T10:07:05.174+07:00 DEBUG 8612 --- [ulos] [nio-8080-exec-9] s.w.s.m.m.a.RequestMappingHandlerMapping : Mapped to com.enterprise.ulos.los.controller.CustomerPortfolioController#list()
2026-04-12T10:07:05.177+07:00 DEBUG 8612 --- [ulos] [nio-8080-exec-9] org.hibernate.SQL                        : select ate1_0.id,ate1_0.created_at,ate1_0.expires_at,ate1_0.issued_at,ate1_0.last_accessed_at,ate1_0.revoked_flag,ate1_0.token_value,ate1_0.updated_at,ate1_0.user_id from los_auth_token ate1_0 where ate1_0.token_value=? and not(ate1_0.revoked_flag)
2026-04-12T10:07:05.179+07:00 DEBUG 8612 --- [ulos] [nio-8080-exec-9] org.hibernate.SQL                        : select ue1_0.id,ue1_0.active_flag,ue1_0.created_at,ue1_0.email,ue1_0.full_name,ue1_0.last_login_at,ue1_0.password_hash,r1_0.user_id,r1_1.id,r1_1.active_flag,r1_1.created_at,r1_1.description,r1_1.role_code,r1_1.role_name,r1_1.updated_at,ue1_0.updated_at,ue1_0.username from los_user ue1_0 left join los_user_role r1_0 on ue1_0.id=r1_0.user_id left join los_role r1_1 on r1_1.id=r1_0.role_id where ue1_0.id=?
2026-04-12T10:07:05.182+07:00 DEBUG 8612 --- [ulos] [nio-8080-exec-9] org.hibernate.SQL                        : update los_auth_token set created_at=?,expires_at=?,issued_at=?,last_accessed_at=?,revoked_flag=?,token_value=?,updated_at=?,user_id=? where id=?
2026-04-12T10:07:05.186+07:00 DEBUG 8612 --- [ulos] [nio-8080-exec-7] org.hibernate.SQL                        : select pse1_0.id,pse1_0.check_ref,pse1_0.check_type,pse1_0.completed_at,pse1_0.created_at,pse1_0.customer_id,pse1_0.linked_application_id,pse1_0.notes,pse1_0.requested_at,pse1_0.result_json,pse1_0.result_summary,pse1_0.status,pse1_0.updated_at from los_precheck_session pse1_0 join los_customer c1_0 on c1_0.id=pse1_0.customer_id where (? is null or ?='' or upper(pse1_0.check_type)=upper(?)) and (? is null or ?='' or lower(c1_0.cif_number)=lower(?)) and (? is null or ?='' or lower(pse1_0.check_ref) like lower(concat('%',?,'%')) escape '' or lower(c1_0.cif_number) like lower(concat('%',?,'%')) escape '' or lower(c1_0.company_name) like lower(concat('%',?,'%')) escape '' or lower(coalesce(pse1_0.status,'')) like lower(concat('%',?,'%')) escape '' or lower(coalesce(pse1_0.result_summary,'')) like lower(concat('%',?,'%')) escape '') order by pse1_0.updated_at desc limit ?
2026-04-12T10:07:05.188+07:00 DEBUG 8612 --- [ulos] [nio-8080-exec-7] m.m.a.RequestResponseBodyMethodProcessor : Using 'application/json', given [*/*] and supported [application/json, application/*+json]
2026-04-12T10:07:05.189+07:00 DEBUG 8612 --- [ulos] [nio-8080-exec-7] m.m.a.RequestResponseBodyMethodProcessor : Writing [PrecheckPageResponse[items=[], totalElements=0, totalPages=0, page=0, size=10]]
2026-04-12T10:07:05.189+07:00 DEBUG 8612 --- [ulos] [nio-8080-exec-7] o.s.web.servlet.DispatcherServlet        : Completed 200 OK
2026-04-12T10:07:05.193+07:00 DEBUG 8612 --- [ulos] [nio-8080-exec-9] org.hibernate.SQL                        : select ce1_0.id,ce1_0.cif_number,ce1_0.company_name,ce1_0.company_type,ce1_0.created_at,ce1_0.legal_name,ce1_0.location,ce1_0.profile_json,ce1_0.registration_date,ce1_0.sector,ce1_0.status,ce1_0.tax_id,ce1_0.updated_at from los_customer ce1_0
2026-04-12T10:07:05.198+07:00 DEBUG 8612 --- [ulos] [nio-8080-exec-9] m.m.a.RequestResponseBodyMethodProcessor : Using 'application/json', given [*/*] and supported [application/json, application/*+json]
2026-04-12T10:07:05.199+07:00 DEBUG 8612 --- [ulos] [nio-8080-exec-9] m.m.a.RequestResponseBodyMethodProcessor : Writing [[CustomerSummaryResponse[cifNumber=DEB-9920-X1, companyName=Global Logistics Systems Corp., sector=n (truncated)...]
2026-04-12T10:07:05.201+07:00 DEBUG 8612 --- [ulos] [nio-8080-exec-9] o.s.web.servlet.DispatcherServlet        : Completed 200 OK
2026-04-12T10:10:36.294+07:00 DEBUG 8612 --- [ulos] [nio-8080-exec-4] org.hibernate.SQL                        : select ate1_0.id,ate1_0.created_at,ate1_0.expires_at,ate1_0.issued_at,ate1_0.last_accessed_at,ate1_0.revoked_flag,ate1_0.token_value,ate1_0.updated_at,ate1_0.user_id from los_auth_token ate1_0 where ate1_0.token_value=? and not(ate1_0.revoked_flag)
2026-04-12T10:10:36.297+07:00 DEBUG 8612 --- [ulos] [nio-8080-exec-4] org.hibernate.SQL                        : select ue1_0.id,ue1_0.active_flag,ue1_0.created_at,ue1_0.email,ue1_0.full_name,ue1_0.last_login_at,ue1_0.password_hash,r1_0.user_id,r1_1.id,r1_1.active_flag,r1_1.created_at,r1_1.description,r1_1.role_code,r1_1.role_name,r1_1.updated_at,ue1_0.updated_at,ue1_0.username from los_user ue1_0 left join los_user_role r1_0 on ue1_0.id=r1_0.user_id left join los_role r1_1 on r1_1.id=r1_0.role_id where ue1_0.id=?
2026-04-12T10:10:36.300+07:00 DEBUG 8612 --- [ulos] [nio-8080-exec-4] org.hibernate.SQL                        : update los_auth_token set created_at=?,expires_at=?,issued_at=?,last_accessed_at=?,revoked_flag=?,token_value=?,updated_at=?,user_id=? where id=?
2026-04-12T10:10:36.321+07:00 DEBUG 8612 --- [ulos] [nio-8080-exec-4] o.s.web.servlet.DispatcherServlet        : GET "/api/customers/page?page=0&size=20", parameters={masked}
2026-04-12T10:10:36.321+07:00 DEBUG 8612 --- [ulos] [nio-8080-exec-4] s.w.s.m.m.a.RequestMappingHandlerMapping : Mapped to com.enterprise.ulos.los.controller.CustomerPortfolioController#listPage(String, int, int)
2026-04-12T10:10:36.325+07:00 DEBUG 8612 --- [ulos] [nio-8080-exec-4] org.hibernate.SQL                        : select ate1_0.id,ate1_0.created_at,ate1_0.expires_at,ate1_0.issued_at,ate1_0.last_accessed_at,ate1_0.revoked_flag,ate1_0.token_value,ate1_0.updated_at,ate1_0.user_id from los_auth_token ate1_0 where ate1_0.token_value=? and not(ate1_0.revoked_flag)
2026-04-12T10:10:36.329+07:00 DEBUG 8612 --- [ulos] [nio-8080-exec-4] org.hibernate.SQL                        : select ue1_0.id,ue1_0.active_flag,ue1_0.created_at,ue1_0.email,ue1_0.full_name,ue1_0.last_login_at,ue1_0.password_hash,r1_0.user_id,r1_1.id,r1_1.active_flag,r1_1.created_at,r1_1.description,r1_1.role_code,r1_1.role_name,r1_1.updated_at,ue1_0.updated_at,ue1_0.username from los_user ue1_0 left join los_user_role r1_0 on ue1_0.id=r1_0.user_id left join los_role r1_1 on r1_1.id=r1_0.role_id where ue1_0.id=?
2026-04-12T10:10:36.333+07:00 DEBUG 8612 --- [ulos] [nio-8080-exec-4] org.hibernate.SQL                        : update los_auth_token set created_at=?,expires_at=?,issued_at=?,last_accessed_at=?,revoked_flag=?,token_value=?,updated_at=?,user_id=? where id=?
2026-04-12T10:10:36.351+07:00 DEBUG 8612 --- [ulos] [nio-8080-exec-4] org.hibernate.SQL                        : select ce1_0.id,ce1_0.cif_number,ce1_0.company_name,ce1_0.company_type,ce1_0.created_at,ce1_0.legal_name,ce1_0.location,ce1_0.profile_json,ce1_0.registration_date,ce1_0.sector,ce1_0.status,ce1_0.tax_id,ce1_0.updated_at from los_customer ce1_0 where (? is null or ?='' or lower(ce1_0.cif_number) like lower(concat('%',?,'%')) escape '' or lower(ce1_0.company_name) like lower(concat('%',?,'%')) escape '' or lower(coalesce(ce1_0.sector,'')) like lower(concat('%',?,'%')) escape '' or lower(coalesce(ce1_0.location,'')) like lower(concat('%',?,'%')) escape '' or lower(coalesce(ce1_0.status,'')) like lower(concat('%',?,'%')) escape '') order by ce1_0.updated_at desc limit ?
2026-04-12T10:10:36.359+07:00 DEBUG 8612 --- [ulos] [nio-8080-exec-4] m.m.a.RequestResponseBodyMethodProcessor : Using 'application/json', given [*/*] and supported [application/json, application/*+json]
2026-04-12T10:10:36.361+07:00 DEBUG 8612 --- [ulos] [nio-8080-exec-4] m.m.a.RequestResponseBodyMethodProcessor : Writing [CustomerSummaryPageResponse[items=[CustomerSummaryResponse[cifNumber=DEB-9920-X1, companyName=Global (truncated)...]
2026-04-12T10:10:36.364+07:00 DEBUG 8612 --- [ulos] [nio-8080-exec-4] o.s.web.servlet.DispatcherServlet        : Completed 200 OK
2026-04-12T10:10:36.377+07:00 DEBUG 8612 --- [ulos] [nio-8080-exec-3] org.hibernate.SQL                        : select ate1_0.id,ate1_0.created_at,ate1_0.expires_at,ate1_0.issued_at,ate1_0.last_accessed_at,ate1_0.revoked_flag,ate1_0.token_value,ate1_0.updated_at,ate1_0.user_id from los_auth_token ate1_0 where ate1_0.token_value=? and not(ate1_0.revoked_flag)
2026-04-12T10:10:36.380+07:00 DEBUG 8612 --- [ulos] [nio-8080-exec-3] org.hibernate.SQL                        : select ue1_0.id,ue1_0.active_flag,ue1_0.created_at,ue1_0.email,ue1_0.full_name,ue1_0.last_login_at,ue1_0.password_hash,r1_0.user_id,r1_1.id,r1_1.active_flag,r1_1.created_at,r1_1.description,r1_1.role_code,r1_1.role_name,r1_1.updated_at,ue1_0.updated_at,ue1_0.username from los_user ue1_0 left join los_user_role r1_0 on ue1_0.id=r1_0.user_id left join los_role r1_1 on r1_1.id=r1_0.role_id where ue1_0.id=?
2026-04-12T10:10:36.382+07:00 DEBUG 8612 --- [ulos] [nio-8080-exec-3] org.hibernate.SQL                        : update los_auth_token set created_at=?,expires_at=?,issued_at=?,last_accessed_at=?,revoked_flag=?,token_value=?,updated_at=?,user_id=? where id=?
2026-04-12T10:10:36.396+07:00 DEBUG 8612 --- [ulos] [nio-8080-exec-3] o.s.web.servlet.DispatcherServlet        : GET "/api/customers/page?page=0&size=20", parameters={masked}
2026-04-12T10:10:36.397+07:00 DEBUG 8612 --- [ulos] [nio-8080-exec-3] s.w.s.m.m.a.RequestMappingHandlerMapping : Mapped to com.enterprise.ulos.los.controller.CustomerPortfolioController#listPage(String, int, int)
2026-04-12T10:10:36.400+07:00 DEBUG 8612 --- [ulos] [nio-8080-exec-3] org.hibernate.SQL                        : select ate1_0.id,ate1_0.created_at,ate1_0.expires_at,ate1_0.issued_at,ate1_0.last_accessed_at,ate1_0.revoked_flag,ate1_0.token_value,ate1_0.updated_at,ate1_0.user_id from los_auth_token ate1_0 where ate1_0.token_value=? and not(ate1_0.revoked_flag)
2026-04-12T10:10:36.402+07:00 DEBUG 8612 --- [ulos] [nio-8080-exec-3] org.hibernate.SQL                        : select ue1_0.id,ue1_0.active_flag,ue1_0.created_at,ue1_0.email,ue1_0.full_name,ue1_0.last_login_at,ue1_0.password_hash,r1_0.user_id,r1_1.id,r1_1.active_flag,r1_1.created_at,r1_1.description,r1_1.role_code,r1_1.role_name,r1_1.updated_at,ue1_0.updated_at,ue1_0.username from los_user ue1_0 left join los_user_role r1_0 on ue1_0.id=r1_0.user_id left join los_role r1_1 on r1_1.id=r1_0.role_id where ue1_0.id=?
2026-04-12T10:10:36.404+07:00 DEBUG 8612 --- [ulos] [nio-8080-exec-3] org.hibernate.SQL                        : update los_auth_token set created_at=?,expires_at=?,issued_at=?,last_accessed_at=?,revoked_flag=?,token_value=?,updated_at=?,user_id=? where id=?
2026-04-12T10:10:36.421+07:00 DEBUG 8612 --- [ulos] [nio-8080-exec-3] org.hibernate.SQL                        : select ce1_0.id,ce1_0.cif_number,ce1_0.company_name,ce1_0.company_type,ce1_0.created_at,ce1_0.legal_name,ce1_0.location,ce1_0.profile_json,ce1_0.registration_date,ce1_0.sector,ce1_0.status,ce1_0.tax_id,ce1_0.updated_at from los_customer ce1_0 where (? is null or ?='' or lower(ce1_0.cif_number) like lower(concat('%',?,'%')) escape '' or lower(ce1_0.company_name) like lower(concat('%',?,'%')) escape '' or lower(coalesce(ce1_0.sector,'')) like lower(concat('%',?,'%')) escape '' or lower(coalesce(ce1_0.location,'')) like lower(concat('%',?,'%')) escape '' or lower(coalesce(ce1_0.status,'')) like lower(concat('%',?,'%')) escape '') order by ce1_0.updated_at desc limit ?
2026-04-12T10:10:36.427+07:00 DEBUG 8612 --- [ulos] [nio-8080-exec-3] m.m.a.RequestResponseBodyMethodProcessor : Using 'application/json', given [*/*] and supported [application/json, application/*+json]
2026-04-12T10:10:36.427+07:00 DEBUG 8612 --- [ulos] [nio-8080-exec-3] m.m.a.RequestResponseBodyMethodProcessor : Writing [CustomerSummaryPageResponse[items=[CustomerSummaryResponse[cifNumber=DEB-9920-X1, companyName=Global (truncated)...]
2026-04-12T10:10:36.432+07:00 DEBUG 8612 --- [ulos] [nio-8080-exec-3] o.s.web.servlet.DispatcherServlet        : Completed 200 OK
2026-04-12T10:10:39.764+07:00 DEBUG 8612 --- [ulos] [nio-8080-exec-5] org.hibernate.SQL                        : select ate1_0.id,ate1_0.created_at,ate1_0.expires_at,ate1_0.issued_at,ate1_0.last_accessed_at,ate1_0.revoked_flag,ate1_0.token_value,ate1_0.updated_at,ate1_0.user_id from los_auth_token ate1_0 where ate1_0.token_value=? and not(ate1_0.revoked_flag)
2026-04-12T10:10:39.766+07:00 DEBUG 8612 --- [ulos] [nio-8080-exec-5] org.hibernate.SQL                        : select ue1_0.id,ue1_0.active_flag,ue1_0.created_at,ue1_0.email,ue1_0.full_name,ue1_0.last_login_at,ue1_0.password_hash,r1_0.user_id,r1_1.id,r1_1.active_flag,r1_1.created_at,r1_1.description,r1_1.role_code,r1_1.role_name,r1_1.updated_at,ue1_0.updated_at,ue1_0.username from los_user ue1_0 left join los_user_role r1_0 on ue1_0.id=r1_0.user_id left join los_role r1_1 on r1_1.id=r1_0.role_id where ue1_0.id=?
2026-04-12T10:10:39.770+07:00 DEBUG 8612 --- [ulos] [nio-8080-exec-5] org.hibernate.SQL                        : update los_auth_token set created_at=?,expires_at=?,issued_at=?,last_accessed_at=?,revoked_flag=?,token_value=?,updated_at=?,user_id=? where id=?
2026-04-12T10:10:39.778+07:00 DEBUG 8612 --- [ulos] [nio-8080-exec-6] org.hibernate.SQL                        : select ate1_0.id,ate1_0.created_at,ate1_0.expires_at,ate1_0.issued_at,ate1_0.last_accessed_at,ate1_0.revoked_flag,ate1_0.token_value,ate1_0.updated_at,ate1_0.user_id from los_auth_token ate1_0 where ate1_0.token_value=? and not(ate1_0.revoked_flag)
2026-04-12T10:10:39.780+07:00 DEBUG 8612 --- [ulos] [nio-8080-exec-6] org.hibernate.SQL                        : select ue1_0.id,ue1_0.active_flag,ue1_0.created_at,ue1_0.email,ue1_0.full_name,ue1_0.last_login_at,ue1_0.password_hash,r1_0.user_id,r1_1.id,r1_1.active_flag,r1_1.created_at,r1_1.description,r1_1.role_code,r1_1.role_name,r1_1.updated_at,ue1_0.updated_at,ue1_0.username from los_user ue1_0 left join los_user_role r1_0 on ue1_0.id=r1_0.user_id left join los_role r1_1 on r1_1.id=r1_0.role_id where ue1_0.id=?
2026-04-12T10:10:39.783+07:00 DEBUG 8612 --- [ulos] [nio-8080-exec-6] org.hibernate.SQL                        : update los_auth_token set created_at=?,expires_at=?,issued_at=?,last_accessed_at=?,revoked_flag=?,token_value=?,updated_at=?,user_id=? where id=?
2026-04-12T10:10:39.784+07:00 DEBUG 8612 --- [ulos] [nio-8080-exec-8] org.hibernate.SQL                        : select ate1_0.id,ate1_0.created_at,ate1_0.expires_at,ate1_0.issued_at,ate1_0.last_accessed_at,ate1_0.revoked_flag,ate1_0.token_value,ate1_0.updated_at,ate1_0.user_id from los_auth_token ate1_0 where ate1_0.token_value=? and not(ate1_0.revoked_flag)
2026-04-12T10:10:39.856+07:00 DEBUG 8612 --- [ulos] [nio-8080-exec-5] o.s.web.servlet.DispatcherServlet        : GET "/api/customers/DEB-9920-X1", parameters={}
2026-04-12T10:10:39.859+07:00 DEBUG 8612 --- [ulos] [nio-8080-exec-5] s.w.s.m.m.a.RequestMappingHandlerMapping : Mapped to com.enterprise.ulos.los.controller.CustomerPortfolioController#get(String)
2026-04-12T10:10:39.860+07:00 DEBUG 8612 --- [ulos] [nio-8080-exec-8] org.hibernate.SQL                        : select ue1_0.id,ue1_0.active_flag,ue1_0.created_at,ue1_0.email,ue1_0.full_name,ue1_0.last_login_at,ue1_0.password_hash,r1_0.user_id,r1_1.id,r1_1.active_flag,r1_1.created_at,r1_1.description,r1_1.role_code,r1_1.role_name,r1_1.updated_at,ue1_0.updated_at,ue1_0.username from los_user ue1_0 left join los_user_role r1_0 on ue1_0.id=r1_0.user_id left join los_role r1_1 on r1_1.id=r1_0.role_id where ue1_0.id=?
2026-04-12T10:10:39.864+07:00 DEBUG 8612 --- [ulos] [nio-8080-exec-5] org.hibernate.SQL                        : select ate1_0.id,ate1_0.created_at,ate1_0.expires_at,ate1_0.issued_at,ate1_0.last_accessed_at,ate1_0.revoked_flag,ate1_0.token_value,ate1_0.updated_at,ate1_0.user_id from los_auth_token ate1_0 where ate1_0.token_value=? and not(ate1_0.revoked_flag)
2026-04-12T10:10:39.865+07:00 DEBUG 8612 --- [ulos] [nio-8080-exec-5] org.hibernate.SQL                        : select ue1_0.id,ue1_0.active_flag,ue1_0.created_at,ue1_0.email,ue1_0.full_name,ue1_0.last_login_at,ue1_0.password_hash,r1_0.user_id,r1_1.id,r1_1.active_flag,r1_1.created_at,r1_1.description,r1_1.role_code,r1_1.role_name,r1_1.updated_at,ue1_0.updated_at,ue1_0.username from los_user ue1_0 left join los_user_role r1_0 on ue1_0.id=r1_0.user_id left join los_role r1_1 on r1_1.id=r1_0.role_id where ue1_0.id=?
2026-04-12T10:10:39.868+07:00 DEBUG 8612 --- [ulos] [nio-8080-exec-5] org.hibernate.SQL                        : update los_auth_token set created_at=?,expires_at=?,issued_at=?,last_accessed_at=?,revoked_flag=?,token_value=?,updated_at=?,user_id=? where id=?
2026-04-12T10:10:39.894+07:00 DEBUG 8612 --- [ulos] [nio-8080-exec-6] o.s.web.servlet.DispatcherServlet        : GET "/api/prechecks?type=SLIK&customerCif=DEB-9920-X1&page=0&size=5", parameters={masked}
2026-04-12T10:10:39.895+07:00 DEBUG 8612 --- [ulos] [nio-8080-exec-6] s.w.s.m.m.a.RequestMappingHandlerMapping : Mapped to com.enterprise.ulos.los.controller.PrecheckController#list(String, String, String, int, int)
2026-04-12T10:10:39.898+07:00 DEBUG 8612 --- [ulos] [nio-8080-exec-6] org.hibernate.SQL                        : select ate1_0.id,ate1_0.created_at,ate1_0.expires_at,ate1_0.issued_at,ate1_0.last_accessed_at,ate1_0.revoked_flag,ate1_0.token_value,ate1_0.updated_at,ate1_0.user_id from los_auth_token ate1_0 where ate1_0.token_value=? and not(ate1_0.revoked_flag)
2026-04-12T10:10:39.898+07:00 DEBUG 8612 --- [ulos] [nio-8080-exec-6] org.hibernate.SQL                        : select ue1_0.id,ue1_0.active_flag,ue1_0.created_at,ue1_0.email,ue1_0.full_name,ue1_0.last_login_at,ue1_0.password_hash,r1_0.user_id,r1_1.id,r1_1.active_flag,r1_1.created_at,r1_1.description,r1_1.role_code,r1_1.role_name,r1_1.updated_at,ue1_0.updated_at,ue1_0.username from los_user ue1_0 left join los_user_role r1_0 on ue1_0.id=r1_0.user_id left join los_role r1_1 on r1_1.id=r1_0.role_id where ue1_0.id=?
2026-04-12T10:10:39.898+07:00 DEBUG 8612 --- [ulos] [nio-8080-exec-6] org.hibernate.SQL                        : update los_auth_token set created_at=?,expires_at=?,issued_at=?,last_accessed_at=?,revoked_flag=?,token_value=?,updated_at=?,user_id=? where id=?
2026-04-12T10:10:39.943+07:00 DEBUG 8612 --- [ulos] [nio-8080-exec-5] org.hibernate.SQL                        : select ce1_0.id,ce1_0.cif_number,ce1_0.company_name,ce1_0.company_type,ce1_0.created_at,ce1_0.legal_name,ce1_0.location,ce1_0.profile_json,ce1_0.registration_date,ce1_0.sector,ce1_0.status,ce1_0.tax_id,ce1_0.updated_at from los_customer ce1_0 where ce1_0.cif_number=?
2026-04-12T10:10:39.948+07:00 DEBUG 8612 --- [ulos] [nio-8080-exec-8] org.hibernate.SQL                        : update los_auth_token set created_at=?,expires_at=?,issued_at=?,last_accessed_at=?,revoked_flag=?,token_value=?,updated_at=?,user_id=? where id=?
2026-04-12T10:10:39.958+07:00 DEBUG 8612 --- [ulos] [nio-8080-exec-5] m.m.a.RequestResponseBodyMethodProcessor : Using 'application/json', given [*/*] and supported [application/json, application/*+json]
2026-04-12T10:10:39.974+07:00 DEBUG 8612 --- [ulos] [nio-8080-exec-6] org.hibernate.SQL                        : select pse1_0.id,pse1_0.check_ref,pse1_0.check_type,pse1_0.completed_at,pse1_0.created_at,pse1_0.customer_id,pse1_0.linked_application_id,pse1_0.notes,pse1_0.requested_at,pse1_0.result_json,pse1_0.result_summary,pse1_0.status,pse1_0.updated_at from los_precheck_session pse1_0 join los_customer c1_0 on c1_0.id=pse1_0.customer_id where (? is null or ?='' or upper(pse1_0.check_type)=upper(?)) and (? is null or ?='' or lower(c1_0.cif_number)=lower(?)) and (? is null or ?='' or lower(pse1_0.check_ref) like lower(concat('%',?,'%')) escape '' or lower(c1_0.cif_number) like lower(concat('%',?,'%')) escape '' or lower(c1_0.company_name) like lower(concat('%',?,'%')) escape '' or lower(coalesce(pse1_0.status,'')) like lower(concat('%',?,'%')) escape '' or lower(coalesce(pse1_0.result_summary,'')) like lower(concat('%',?,'%')) escape '') order by pse1_0.updated_at desc limit ?
2026-04-12T10:10:39.977+07:00 DEBUG 8612 --- [ulos] [nio-8080-exec-5] m.m.a.RequestResponseBodyMethodProcessor : Writing [CustomerDetailResponse[id=1, cifNumber=DEB-9920-X1, companyName=Global Logistics Systems Corp., lega (truncated)...]
2026-04-12T10:10:39.979+07:00 DEBUG 8612 --- [ulos] [nio-8080-exec-5] o.s.web.servlet.DispatcherServlet        : Completed 200 OK
2026-04-12T10:10:39.981+07:00 DEBUG 8612 --- [ulos] [nio-8080-exec-6] m.m.a.RequestResponseBodyMethodProcessor : Using 'application/json', given [*/*] and supported [application/json, application/*+json]
2026-04-12T10:10:39.982+07:00 DEBUG 8612 --- [ulos] [nio-8080-exec-6] m.m.a.RequestResponseBodyMethodProcessor : Writing [PrecheckPageResponse[items=[], totalElements=0, totalPages=0, page=0, size=5]]
2026-04-12T10:10:39.982+07:00 DEBUG 8612 --- [ulos] [nio-8080-exec-6] o.s.web.servlet.DispatcherServlet        : Completed 200 OK
2026-04-12T10:10:39.994+07:00 DEBUG 8612 --- [ulos] [nio-8080-exec-8] o.s.web.servlet.DispatcherServlet        : GET "/api/prechecks?type=COLLATERAL&customerCif=DEB-9920-X1&page=0&size=5", parameters={masked}
2026-04-12T10:10:39.994+07:00 DEBUG 8612 --- [ulos] [nio-8080-exec-8] s.w.s.m.m.a.RequestMappingHandlerMapping : Mapped to com.enterprise.ulos.los.controller.PrecheckController#list(String, String, String, int, int)
2026-04-12T10:10:39.994+07:00 DEBUG 8612 --- [ulos] [nio-8080-exec-7] org.hibernate.SQL                        : select ate1_0.id,ate1_0.created_at,ate1_0.expires_at,ate1_0.issued_at,ate1_0.last_accessed_at,ate1_0.revoked_flag,ate1_0.token_value,ate1_0.updated_at,ate1_0.user_id from los_auth_token ate1_0 where ate1_0.token_value=? and not(ate1_0.revoked_flag)
2026-04-12T10:10:39.994+07:00 DEBUG 8612 --- [ulos] [nio-8080-exec-7] org.hibernate.SQL                        : select ue1_0.id,ue1_0.active_flag,ue1_0.created_at,ue1_0.email,ue1_0.full_name,ue1_0.last_login_at,ue1_0.password_hash,r1_0.user_id,r1_1.id,r1_1.active_flag,r1_1.created_at,r1_1.description,r1_1.role_code,r1_1.role_name,r1_1.updated_at,ue1_0.updated_at,ue1_0.username from los_user ue1_0 left join los_user_role r1_0 on ue1_0.id=r1_0.user_id left join los_role r1_1 on r1_1.id=r1_0.role_id where ue1_0.id=?
2026-04-12T10:10:39.994+07:00 DEBUG 8612 --- [ulos] [nio-8080-exec-8] org.hibernate.SQL                        : select ate1_0.id,ate1_0.created_at,ate1_0.expires_at,ate1_0.issued_at,ate1_0.last_accessed_at,ate1_0.revoked_flag,ate1_0.token_value,ate1_0.updated_at,ate1_0.user_id from los_auth_token ate1_0 where ate1_0.token_value=? and not(ate1_0.revoked_flag)
2026-04-12T10:10:40.054+07:00 DEBUG 8612 --- [ulos] [nio-8080-exec-9] org.hibernate.SQL                        : select ate1_0.id,ate1_0.created_at,ate1_0.expires_at,ate1_0.issued_at,ate1_0.last_accessed_at,ate1_0.revoked_flag,ate1_0.token_value,ate1_0.updated_at,ate1_0.user_id from los_auth_token ate1_0 where ate1_0.token_value=? and not(ate1_0.revoked_flag)
2026-04-12T10:10:40.058+07:00 DEBUG 8612 --- [ulos] [nio-8080-exec-9] org.hibernate.SQL                        : select ue1_0.id,ue1_0.active_flag,ue1_0.created_at,ue1_0.email,ue1_0.full_name,ue1_0.last_login_at,ue1_0.password_hash,r1_0.user_id,r1_1.id,r1_1.active_flag,r1_1.created_at,r1_1.description,r1_1.role_code,r1_1.role_name,r1_1.updated_at,ue1_0.updated_at,ue1_0.username from los_user ue1_0 left join los_user_role r1_0 on ue1_0.id=r1_0.user_id left join los_role r1_1 on r1_1.id=r1_0.role_id where ue1_0.id=?
2026-04-12T10:10:40.059+07:00 DEBUG 8612 --- [ulos] [nio-8080-exec-7] org.hibernate.SQL                        : update los_auth_token set created_at=?,expires_at=?,issued_at=?,last_accessed_at=?,revoked_flag=?,token_value=?,updated_at=?,user_id=? where id=?
2026-04-12T10:10:40.061+07:00 DEBUG 8612 --- [ulos] [nio-8080-exec-9] org.hibernate.SQL                        : update los_auth_token set created_at=?,expires_at=?,issued_at=?,last_accessed_at=?,revoked_flag=?,token_value=?,updated_at=?,user_id=? where id=?
2026-04-12T10:10:40.066+07:00 DEBUG 8612 --- [ulos] [nio-8080-exec-8] org.hibernate.SQL                        : select ue1_0.id,ue1_0.active_flag,ue1_0.created_at,ue1_0.email,ue1_0.full_name,ue1_0.last_login_at,ue1_0.password_hash,r1_0.user_id,r1_1.id,r1_1.active_flag,r1_1.created_at,r1_1.description,r1_1.role_code,r1_1.role_name,r1_1.updated_at,ue1_0.updated_at,ue1_0.username from los_user ue1_0 left join los_user_role r1_0 on ue1_0.id=r1_0.user_id left join los_role r1_1 on r1_1.id=r1_0.role_id where ue1_0.id=?
2026-04-12T10:10:40.066+07:00 DEBUG 8612 --- [ulos] [nio-8080-exec-8] org.hibernate.SQL                        : update los_auth_token set created_at=?,expires_at=?,issued_at=?,last_accessed_at=?,revoked_flag=?,token_value=?,updated_at=?,user_id=? where id=?
2026-04-12T10:10:40.080+07:00 DEBUG 8612 --- [ulos] [nio-8080-exec-7] o.s.web.servlet.DispatcherServlet        : GET "/api/customers/DEB-9920-X1", parameters={}
2026-04-12T10:10:40.081+07:00 DEBUG 8612 --- [ulos] [nio-8080-exec-7] s.w.s.m.m.a.RequestMappingHandlerMapping : Mapped to com.enterprise.ulos.los.controller.CustomerPortfolioController#get(String)
2026-04-12T10:10:40.084+07:00 DEBUG 8612 --- [ulos] [nio-8080-exec-7] org.hibernate.SQL                        : select ate1_0.id,ate1_0.created_at,ate1_0.expires_at,ate1_0.issued_at,ate1_0.last_accessed_at,ate1_0.revoked_flag,ate1_0.token_value,ate1_0.updated_at,ate1_0.user_id from los_auth_token ate1_0 where ate1_0.token_value=? and not(ate1_0.revoked_flag)
2026-04-12T10:10:40.086+07:00 DEBUG 8612 --- [ulos] [nio-8080-exec-7] org.hibernate.SQL                        : select ue1_0.id,ue1_0.active_flag,ue1_0.created_at,ue1_0.email,ue1_0.full_name,ue1_0.last_login_at,ue1_0.password_hash,r1_0.user_id,r1_1.id,r1_1.active_flag,r1_1.created_at,r1_1.description,r1_1.role_code,r1_1.role_name,r1_1.updated_at,ue1_0.updated_at,ue1_0.username from los_user ue1_0 left join los_user_role r1_0 on ue1_0.id=r1_0.user_id left join los_role r1_1 on r1_1.id=r1_0.role_id where ue1_0.id=?
2026-04-12T10:10:40.092+07:00 DEBUG 8612 --- [ulos] [nio-8080-exec-7] org.hibernate.SQL                        : update los_auth_token set created_at=?,expires_at=?,issued_at=?,last_accessed_at=?,revoked_flag=?,token_value=?,updated_at=?,user_id=? where id=?
2026-04-12T10:10:40.093+07:00 DEBUG 8612 --- [ulos] [nio-8080-exec-9] o.s.web.servlet.DispatcherServlet        : GET "/api/prechecks?type=SLIK&customerCif=DEB-9920-X1&page=0&size=5", parameters={masked}
2026-04-12T10:10:40.094+07:00 DEBUG 8612 --- [ulos] [nio-8080-exec-9] s.w.s.m.m.a.RequestMappingHandlerMapping : Mapped to com.enterprise.ulos.los.controller.PrecheckController#list(String, String, String, int, int)
2026-04-12T10:10:40.097+07:00 DEBUG 8612 --- [ulos] [nio-8080-exec-9] org.hibernate.SQL                        : select ate1_0.id,ate1_0.created_at,ate1_0.expires_at,ate1_0.issued_at,ate1_0.last_accessed_at,ate1_0.revoked_flag,ate1_0.token_value,ate1_0.updated_at,ate1_0.user_id from los_auth_token ate1_0 where ate1_0.token_value=? and not(ate1_0.revoked_flag)
2026-04-12T10:10:40.099+07:00 DEBUG 8612 --- [ulos] [nio-8080-exec-9] org.hibernate.SQL                        : select ue1_0.id,ue1_0.active_flag,ue1_0.created_at,ue1_0.email,ue1_0.full_name,ue1_0.last_login_at,ue1_0.password_hash,r1_0.user_id,r1_1.id,r1_1.active_flag,r1_1.created_at,r1_1.description,r1_1.role_code,r1_1.role_name,r1_1.updated_at,ue1_0.updated_at,ue1_0.username from los_user ue1_0 left join los_user_role r1_0 on ue1_0.id=r1_0.user_id left join los_role r1_1 on r1_1.id=r1_0.role_id where ue1_0.id=?
2026-04-12T10:10:40.103+07:00 DEBUG 8612 --- [ulos] [nio-8080-exec-9] org.hibernate.SQL                        : update los_auth_token set created_at=?,expires_at=?,issued_at=?,last_accessed_at=?,revoked_flag=?,token_value=?,updated_at=?,user_id=? where id=?
2026-04-12T10:10:40.108+07:00 DEBUG 8612 --- [ulos] [nio-8080-exec-8] org.hibernate.SQL                        : select pse1_0.id,pse1_0.check_ref,pse1_0.check_type,pse1_0.completed_at,pse1_0.created_at,pse1_0.customer_id,pse1_0.linked_application_id,pse1_0.notes,pse1_0.requested_at,pse1_0.result_json,pse1_0.result_summary,pse1_0.status,pse1_0.updated_at from los_precheck_session pse1_0 join los_customer c1_0 on c1_0.id=pse1_0.customer_id where (? is null or ?='' or upper(pse1_0.check_type)=upper(?)) and (? is null or ?='' or lower(c1_0.cif_number)=lower(?)) and (? is null or ?='' or lower(pse1_0.check_ref) like lower(concat('%',?,'%')) escape '' or lower(c1_0.cif_number) like lower(concat('%',?,'%')) escape '' or lower(c1_0.company_name) like lower(concat('%',?,'%')) escape '' or lower(coalesce(pse1_0.status,'')) like lower(concat('%',?,'%')) escape '' or lower(coalesce(pse1_0.result_summary,'')) like lower(concat('%',?,'%')) escape '') order by pse1_0.updated_at desc limit ?
2026-04-12T10:10:40.120+07:00 DEBUG 8612 --- [ulos] [nio-8080-exec-8] m.m.a.RequestResponseBodyMethodProcessor : Using 'application/json', given [*/*] and supported [application/json, application/*+json]
2026-04-12T10:10:40.120+07:00 DEBUG 8612 --- [ulos] [nio-8080-exec-7] org.hibernate.SQL                        : select ce1_0.id,ce1_0.cif_number,ce1_0.company_name,ce1_0.company_type,ce1_0.created_at,ce1_0.legal_name,ce1_0.location,ce1_0.profile_json,ce1_0.registration_date,ce1_0.sector,ce1_0.status,ce1_0.tax_id,ce1_0.updated_at from los_customer ce1_0 where ce1_0.cif_number=?
2026-04-12T10:10:40.120+07:00 DEBUG 8612 --- [ulos] [nio-8080-exec-8] m.m.a.RequestResponseBodyMethodProcessor : Writing [PrecheckPageResponse[items=[], totalElements=0, totalPages=0, page=0, size=5]]
2026-04-12T10:10:40.121+07:00 DEBUG 8612 --- [ulos] [nio-8080-exec-8] o.s.web.servlet.DispatcherServlet        : Completed 200 OK
2026-04-12T10:10:40.126+07:00 DEBUG 8612 --- [ulos] [nio-8080-exec-7] m.m.a.RequestResponseBodyMethodProcessor : Using 'application/json', given [*/*] and supported [application/json, application/*+json]
2026-04-12T10:10:40.127+07:00 DEBUG 8612 --- [ulos] [nio-8080-exec-7] m.m.a.RequestResponseBodyMethodProcessor : Writing [CustomerDetailResponse[id=1, cifNumber=DEB-9920-X1, companyName=Global Logistics Systems Corp., lega (truncated)...]
2026-04-12T10:10:40.129+07:00 DEBUG 8612 --- [ulos] [nio-8080-exec-7] o.s.web.servlet.DispatcherServlet        : Completed 200 OK
2026-04-12T10:10:40.135+07:00 DEBUG 8612 --- [ulos] [nio-8080-exec-9] org.hibernate.SQL                        : select pse1_0.id,pse1_0.check_ref,pse1_0.check_type,pse1_0.completed_at,pse1_0.created_at,pse1_0.customer_id,pse1_0.linked_application_id,pse1_0.notes,pse1_0.requested_at,pse1_0.result_json,pse1_0.result_summary,pse1_0.status,pse1_0.updated_at from los_precheck_session pse1_0 join los_customer c1_0 on c1_0.id=pse1_0.customer_id where (? is null or ?='' or upper(pse1_0.check_type)=upper(?)) and (? is null or ?='' or lower(c1_0.cif_number)=lower(?)) and (? is null or ?='' or lower(pse1_0.check_ref) like lower(concat('%',?,'%')) escape '' or lower(c1_0.cif_number) like lower(concat('%',?,'%')) escape '' or lower(c1_0.company_name) like lower(concat('%',?,'%')) escape '' or lower(coalesce(pse1_0.status,'')) like lower(concat('%',?,'%')) escape '' or lower(coalesce(pse1_0.result_summary,'')) like lower(concat('%',?,'%')) escape '') order by pse1_0.updated_at desc limit ?
2026-04-12T10:10:40.155+07:00 DEBUG 8612 --- [ulos] [nio-8080-exec-9] m.m.a.RequestResponseBodyMethodProcessor : Using 'application/json', given [*/*] and supported [application/json, application/*+json]
2026-04-12T10:10:40.159+07:00 DEBUG 8612 --- [ulos] [nio-8080-exec-9] m.m.a.RequestResponseBodyMethodProcessor : Writing [PrecheckPageResponse[items=[], totalElements=0, totalPages=0, page=0, size=5]]
2026-04-12T10:10:40.160+07:00 DEBUG 8612 --- [ulos] [nio-8080-exec-9] o.s.web.servlet.DispatcherServlet        : Completed 200 OK
2026-04-12T10:10:40.173+07:00 DEBUG 8612 --- [ulos] [io-8080-exec-10] org.hibernate.SQL                        : select ate1_0.id,ate1_0.created_at,ate1_0.expires_at,ate1_0.issued_at,ate1_0.last_accessed_at,ate1_0.revoked_flag,ate1_0.token_value,ate1_0.updated_at,ate1_0.user_id from los_auth_token ate1_0 where ate1_0.token_value=? and not(ate1_0.revoked_flag)
2026-04-12T10:10:40.175+07:00 DEBUG 8612 --- [ulos] [io-8080-exec-10] org.hibernate.SQL                        : select ue1_0.id,ue1_0.active_flag,ue1_0.created_at,ue1_0.email,ue1_0.full_name,ue1_0.last_login_at,ue1_0.password_hash,r1_0.user_id,r1_1.id,r1_1.active_flag,r1_1.created_at,r1_1.description,r1_1.role_code,r1_1.role_name,r1_1.updated_at,ue1_0.updated_at,ue1_0.username from los_user ue1_0 left join los_user_role r1_0 on ue1_0.id=r1_0.user_id left join los_role r1_1 on r1_1.id=r1_0.role_id where ue1_0.id=?
2026-04-12T10:10:40.178+07:00 DEBUG 8612 --- [ulos] [io-8080-exec-10] org.hibernate.SQL                        : update los_auth_token set created_at=?,expires_at=?,issued_at=?,last_accessed_at=?,revoked_flag=?,token_value=?,updated_at=?,user_id=? where id=?
2026-04-12T10:10:40.187+07:00 DEBUG 8612 --- [ulos] [io-8080-exec-10] o.s.web.servlet.DispatcherServlet        : GET "/api/prechecks?type=COLLATERAL&customerCif=DEB-9920-X1&page=0&size=5", parameters={masked}
2026-04-12T10:10:40.188+07:00 DEBUG 8612 --- [ulos] [io-8080-exec-10] s.w.s.m.m.a.RequestMappingHandlerMapping : Mapped to com.enterprise.ulos.los.controller.PrecheckController#list(String, String, String, int, int)
2026-04-12T10:10:40.190+07:00 DEBUG 8612 --- [ulos] [io-8080-exec-10] org.hibernate.SQL                        : select ate1_0.id,ate1_0.created_at,ate1_0.expires_at,ate1_0.issued_at,ate1_0.last_accessed_at,ate1_0.revoked_flag,ate1_0.token_value,ate1_0.updated_at,ate1_0.user_id from los_auth_token ate1_0 where ate1_0.token_value=? and not(ate1_0.revoked_flag)
2026-04-12T10:10:40.192+07:00 DEBUG 8612 --- [ulos] [io-8080-exec-10] org.hibernate.SQL                        : select ue1_0.id,ue1_0.active_flag,ue1_0.created_at,ue1_0.email,ue1_0.full_name,ue1_0.last_login_at,ue1_0.password_hash,r1_0.user_id,r1_1.id,r1_1.active_flag,r1_1.created_at,r1_1.description,r1_1.role_code,r1_1.role_name,r1_1.updated_at,ue1_0.updated_at,ue1_0.username from los_user ue1_0 left join los_user_role r1_0 on ue1_0.id=r1_0.user_id left join los_role r1_1 on r1_1.id=r1_0.role_id where ue1_0.id=?
2026-04-12T10:10:40.195+07:00 DEBUG 8612 --- [ulos] [io-8080-exec-10] org.hibernate.SQL                        : update los_auth_token set created_at=?,expires_at=?,issued_at=?,last_accessed_at=?,revoked_flag=?,token_value=?,updated_at=?,user_id=? where id=?
2026-04-12T10:10:40.209+07:00 DEBUG 8612 --- [ulos] [io-8080-exec-10] org.hibernate.SQL                        : select pse1_0.id,pse1_0.check_ref,pse1_0.check_type,pse1_0.completed_at,pse1_0.created_at,pse1_0.customer_id,pse1_0.linked_application_id,pse1_0.notes,pse1_0.requested_at,pse1_0.result_json,pse1_0.result_summary,pse1_0.status,pse1_0.updated_at from los_precheck_session pse1_0 join los_customer c1_0 on c1_0.id=pse1_0.customer_id where (? is null or ?='' or upper(pse1_0.check_type)=upper(?)) and (? is null or ?='' or lower(c1_0.cif_number)=lower(?)) and (? is null or ?='' or lower(pse1_0.check_ref) like lower(concat('%',?,'%')) escape '' or lower(c1_0.cif_number) like lower(concat('%',?,'%')) escape '' or lower(c1_0.company_name) like lower(concat('%',?,'%')) escape '' or lower(coalesce(pse1_0.status,'')) like lower(concat('%',?,'%')) escape '' or lower(coalesce(pse1_0.result_summary,'')) like lower(concat('%',?,'%')) escape '') order by pse1_0.updated_at desc limit ?
2026-04-12T10:10:40.211+07:00 DEBUG 8612 --- [ulos] [io-8080-exec-10] m.m.a.RequestResponseBodyMethodProcessor : Using 'application/json', given [*/*] and supported [application/json, application/*+json]
2026-04-12T10:10:40.212+07:00 DEBUG 8612 --- [ulos] [io-8080-exec-10] m.m.a.RequestResponseBodyMethodProcessor : Writing [PrecheckPageResponse[items=[], totalElements=0, totalPages=0, page=0, size=5]]
2026-04-12T10:10:40.213+07:00 DEBUG 8612 --- [ulos] [io-8080-exec-10] o.s.web.servlet.DispatcherServlet        : Completed 200 OK
2026-04-12T10:11:10.197+07:00 DEBUG 8612 --- [ulos] [nio-8080-exec-2] org.hibernate.SQL                        : select ate1_0.id,ate1_0.created_at,ate1_0.expires_at,ate1_0.issued_at,ate1_0.last_accessed_at,ate1_0.revoked_flag,ate1_0.token_value,ate1_0.updated_at,ate1_0.user_id from los_auth_token ate1_0 where ate1_0.token_value=? and not(ate1_0.revoked_flag)
2026-04-12T10:11:10.198+07:00 DEBUG 8612 --- [ulos] [nio-8080-exec-2] org.hibernate.SQL                        : select ue1_0.id,ue1_0.active_flag,ue1_0.created_at,ue1_0.email,ue1_0.full_name,ue1_0.last_login_at,ue1_0.password_hash,r1_0.user_id,r1_1.id,r1_1.active_flag,r1_1.created_at,r1_1.description,r1_1.role_code,r1_1.role_name,r1_1.updated_at,ue1_0.updated_at,ue1_0.username from los_user ue1_0 left join los_user_role r1_0 on ue1_0.id=r1_0.user_id left join los_role r1_1 on r1_1.id=r1_0.role_id where ue1_0.id=?
2026-04-12T10:11:10.201+07:00 DEBUG 8612 --- [ulos] [nio-8080-exec-2] org.hibernate.SQL                        : update los_auth_token set created_at=?,expires_at=?,issued_at=?,last_accessed_at=?,revoked_flag=?,token_value=?,updated_at=?,user_id=? where id=?
2026-04-12T10:11:10.236+07:00 DEBUG 8612 --- [ulos] [nio-8080-exec-2] o.s.web.servlet.DispatcherServlet        : GET "/api/customers/page?page=0&size=20", parameters={masked}
2026-04-12T10:11:10.239+07:00 DEBUG 8612 --- [ulos] [nio-8080-exec-2] s.w.s.m.m.a.RequestMappingHandlerMapping : Mapped to com.enterprise.ulos.los.controller.CustomerPortfolioController#listPage(String, int, int)
2026-04-12T10:11:10.242+07:00 DEBUG 8612 --- [ulos] [nio-8080-exec-2] org.hibernate.SQL                        : select ate1_0.id,ate1_0.created_at,ate1_0.expires_at,ate1_0.issued_at,ate1_0.last_accessed_at,ate1_0.revoked_flag,ate1_0.token_value,ate1_0.updated_at,ate1_0.user_id from los_auth_token ate1_0 where ate1_0.token_value=? and not(ate1_0.revoked_flag)
2026-04-12T10:11:10.244+07:00 DEBUG 8612 --- [ulos] [nio-8080-exec-2] org.hibernate.SQL                        : select ue1_0.id,ue1_0.active_flag,ue1_0.created_at,ue1_0.email,ue1_0.full_name,ue1_0.last_login_at,ue1_0.password_hash,r1_0.user_id,r1_1.id,r1_1.active_flag,r1_1.created_at,r1_1.description,r1_1.role_code,r1_1.role_name,r1_1.updated_at,ue1_0.updated_at,ue1_0.username from los_user ue1_0 left join los_user_role r1_0 on ue1_0.id=r1_0.user_id left join los_role r1_1 on r1_1.id=r1_0.role_id where ue1_0.id=?
2026-04-12T10:11:10.250+07:00 DEBUG 8612 --- [ulos] [nio-8080-exec-2] org.hibernate.SQL                        : update los_auth_token set created_at=?,expires_at=?,issued_at=?,last_accessed_at=?,revoked_flag=?,token_value=?,updated_at=?,user_id=? where id=?
2026-04-12T10:11:10.304+07:00 DEBUG 8612 --- [ulos] [nio-8080-exec-2] org.hibernate.SQL                        : select ce1_0.id,ce1_0.cif_number,ce1_0.company_name,ce1_0.company_type,ce1_0.created_at,ce1_0.legal_name,ce1_0.location,ce1_0.profile_json,ce1_0.registration_date,ce1_0.sector,ce1_0.status,ce1_0.tax_id,ce1_0.updated_at from los_customer ce1_0 where (? is null or ?='' or lower(ce1_0.cif_number) like lower(concat('%',?,'%')) escape '' or lower(ce1_0.company_name) like lower(concat('%',?,'%')) escape '' or lower(coalesce(ce1_0.sector,'')) like lower(concat('%',?,'%')) escape '' or lower(coalesce(ce1_0.location,'')) like lower(concat('%',?,'%')) escape '' or lower(coalesce(ce1_0.status,'')) like lower(concat('%',?,'%')) escape '') order by ce1_0.updated_at desc limit ?
2026-04-12T10:11:10.304+07:00 DEBUG 8612 --- [ulos] [nio-8080-exec-2] m.m.a.RequestResponseBodyMethodProcessor : Using 'application/json', given [*/*] and supported [application/json, application/*+json]
2026-04-12T10:11:10.319+07:00 DEBUG 8612 --- [ulos] [nio-8080-exec-2] m.m.a.RequestResponseBodyMethodProcessor : Writing [CustomerSummaryPageResponse[items=[CustomerSummaryResponse[cifNumber=DEB-9920-X1, companyName=Global (truncated)...]
2026-04-12T10:11:10.322+07:00 DEBUG 8612 --- [ulos] [nio-8080-exec-2] o.s.web.servlet.DispatcherServlet        : Completed 200 OK
2026-04-12T10:11:10.327+07:00 DEBUG 8612 --- [ulos] [nio-8080-exec-1] org.hibernate.SQL                        : select ate1_0.id,ate1_0.created_at,ate1_0.expires_at,ate1_0.issued_at,ate1_0.last_accessed_at,ate1_0.revoked_flag,ate1_0.token_value,ate1_0.updated_at,ate1_0.user_id from los_auth_token ate1_0 where ate1_0.token_value=? and not(ate1_0.revoked_flag)
2026-04-12T10:11:10.339+07:00 DEBUG 8612 --- [ulos] [nio-8080-exec-1] org.hibernate.SQL                        : select ue1_0.id,ue1_0.active_flag,ue1_0.created_at,ue1_0.email,ue1_0.full_name,ue1_0.last_login_at,ue1_0.password_hash,r1_0.user_id,r1_1.id,r1_1.active_flag,r1_1.created_at,r1_1.description,r1_1.role_code,r1_1.role_name,r1_1.updated_at,ue1_0.updated_at,ue1_0.username from los_user ue1_0 left join los_user_role r1_0 on ue1_0.id=r1_0.user_id left join los_role r1_1 on r1_1.id=r1_0.role_id where ue1_0.id=?
2026-04-12T10:11:10.343+07:00 DEBUG 8612 --- [ulos] [nio-8080-exec-1] org.hibernate.SQL                        : update los_auth_token set created_at=?,expires_at=?,issued_at=?,last_accessed_at=?,revoked_flag=?,token_value=?,updated_at=?,user_id=? where id=?
2026-04-12T10:11:10.352+07:00 DEBUG 8612 --- [ulos] [nio-8080-exec-1] o.s.web.servlet.DispatcherServlet        : GET "/api/customers/page?page=0&size=20", parameters={masked}
2026-04-12T10:11:10.352+07:00 DEBUG 8612 --- [ulos] [nio-8080-exec-1] s.w.s.m.m.a.RequestMappingHandlerMapping : Mapped to com.enterprise.ulos.los.controller.CustomerPortfolioController#listPage(String, int, int)
2026-04-12T10:11:10.355+07:00 DEBUG 8612 --- [ulos] [nio-8080-exec-1] org.hibernate.SQL                        : select ate1_0.id,ate1_0.created_at,ate1_0.expires_at,ate1_0.issued_at,ate1_0.last_accessed_at,ate1_0.revoked_flag,ate1_0.token_value,ate1_0.updated_at,ate1_0.user_id from los_auth_token ate1_0 where ate1_0.token_value=? and not(ate1_0.revoked_flag)
2026-04-12T10:11:10.358+07:00 DEBUG 8612 --- [ulos] [nio-8080-exec-1] org.hibernate.SQL                        : select ue1_0.id,ue1_0.active_flag,ue1_0.created_at,ue1_0.email,ue1_0.full_name,ue1_0.last_login_at,ue1_0.password_hash,r1_0.user_id,r1_1.id,r1_1.active_flag,r1_1.created_at,r1_1.description,r1_1.role_code,r1_1.role_name,r1_1.updated_at,ue1_0.updated_at,ue1_0.username from los_user ue1_0 left join los_user_role r1_0 on ue1_0.id=r1_0.user_id left join los_role r1_1 on r1_1.id=r1_0.role_id where ue1_0.id=?
2026-04-12T10:11:10.361+07:00 DEBUG 8612 --- [ulos] [nio-8080-exec-1] org.hibernate.SQL                        : update los_auth_token set created_at=?,expires_at=?,issued_at=?,last_accessed_at=?,revoked_flag=?,token_value=?,updated_at=?,user_id=? where id=?
2026-04-12T10:11:10.373+07:00 DEBUG 8612 --- [ulos] [nio-8080-exec-1] org.hibernate.SQL                        : select ce1_0.id,ce1_0.cif_number,ce1_0.company_name,ce1_0.company_type,ce1_0.created_at,ce1_0.legal_name,ce1_0.location,ce1_0.profile_json,ce1_0.registration_date,ce1_0.sector,ce1_0.status,ce1_0.tax_id,ce1_0.updated_at from los_customer ce1_0 where (? is null or ?='' or lower(ce1_0.cif_number) like lower(concat('%',?,'%')) escape '' or lower(ce1_0.company_name) like lower(concat('%',?,'%')) escape '' or lower(coalesce(ce1_0.sector,'')) like lower(concat('%',?,'%')) escape '' or lower(coalesce(ce1_0.location,'')) like lower(concat('%',?,'%')) escape '' or lower(coalesce(ce1_0.status,'')) like lower(concat('%',?,'%')) escape '') order by ce1_0.updated_at desc limit ?
2026-04-12T10:11:10.376+07:00 DEBUG 8612 --- [ulos] [nio-8080-exec-1] m.m.a.RequestResponseBodyMethodProcessor : Using 'application/json', given [*/*] and supported [application/json, application/*+json]
2026-04-12T10:11:10.377+07:00 DEBUG 8612 --- [ulos] [nio-8080-exec-1] m.m.a.RequestResponseBodyMethodProcessor : Writing [CustomerSummaryPageResponse[items=[CustomerSummaryResponse[cifNumber=DEB-9920-X1, companyName=Global (truncated)...]
2026-04-12T10:11:10.378+07:00 DEBUG 8612 --- [ulos] [nio-8080-exec-1] o.s.web.servlet.DispatcherServlet        : Completed 200 OK
2026-04-12T10:11:12.294+07:00 DEBUG 8612 --- [ulos] [nio-8080-exec-4] org.hibernate.SQL                        : select ate1_0.id,ate1_0.created_at,ate1_0.expires_at,ate1_0.issued_at,ate1_0.last_accessed_at,ate1_0.revoked_flag,ate1_0.token_value,ate1_0.updated_at,ate1_0.user_id from los_auth_token ate1_0 where ate1_0.token_value=? and not(ate1_0.revoked_flag)
2026-04-12T10:11:12.296+07:00 DEBUG 8612 --- [ulos] [nio-8080-exec-4] org.hibernate.SQL                        : select ue1_0.id,ue1_0.active_flag,ue1_0.created_at,ue1_0.email,ue1_0.full_name,ue1_0.last_login_at,ue1_0.password_hash,r1_0.user_id,r1_1.id,r1_1.active_flag,r1_1.created_at,r1_1.description,r1_1.role_code,r1_1.role_name,r1_1.updated_at,ue1_0.updated_at,ue1_0.username from los_user ue1_0 left join los_user_role r1_0 on ue1_0.id=r1_0.user_id left join los_role r1_1 on r1_1.id=r1_0.role_id where ue1_0.id=?
2026-04-12T10:11:12.298+07:00 DEBUG 8612 --- [ulos] [nio-8080-exec-3] org.hibernate.SQL                        : select ate1_0.id,ate1_0.created_at,ate1_0.expires_at,ate1_0.issued_at,ate1_0.last_accessed_at,ate1_0.revoked_flag,ate1_0.token_value,ate1_0.updated_at,ate1_0.user_id from los_auth_token ate1_0 where ate1_0.token_value=? and not(ate1_0.revoked_flag)
2026-04-12T10:11:12.298+07:00 DEBUG 8612 --- [ulos] [nio-8080-exec-4] org.hibernate.SQL                        : update los_auth_token set created_at=?,expires_at=?,issued_at=?,last_accessed_at=?,revoked_flag=?,token_value=?,updated_at=?,user_id=? where id=?
2026-04-12T10:11:12.302+07:00 DEBUG 8612 --- [ulos] [nio-8080-exec-3] org.hibernate.SQL                        : select ue1_0.id,ue1_0.active_flag,ue1_0.created_at,ue1_0.email,ue1_0.full_name,ue1_0.last_login_at,ue1_0.password_hash,r1_0.user_id,r1_1.id,r1_1.active_flag,r1_1.created_at,r1_1.description,r1_1.role_code,r1_1.role_name,r1_1.updated_at,ue1_0.updated_at,ue1_0.username from los_user ue1_0 left join los_user_role r1_0 on ue1_0.id=r1_0.user_id left join los_role r1_1 on r1_1.id=r1_0.role_id where ue1_0.id=?
2026-04-12T10:11:12.304+07:00 DEBUG 8612 --- [ulos] [nio-8080-exec-3] org.hibernate.SQL                        : update los_auth_token set created_at=?,expires_at=?,issued_at=?,last_accessed_at=?,revoked_flag=?,token_value=?,updated_at=?,user_id=? where id=?
2026-04-12T10:11:12.305+07:00 DEBUG 8612 --- [ulos] [nio-8080-exec-5] org.hibernate.SQL                        : select ate1_0.id,ate1_0.created_at,ate1_0.expires_at,ate1_0.issued_at,ate1_0.last_accessed_at,ate1_0.revoked_flag,ate1_0.token_value,ate1_0.updated_at,ate1_0.user_id from los_auth_token ate1_0 where ate1_0.token_value=? and not(ate1_0.revoked_flag)
2026-04-12T10:11:12.307+07:00 DEBUG 8612 --- [ulos] [nio-8080-exec-5] org.hibernate.SQL                        : select ue1_0.id,ue1_0.active_flag,ue1_0.created_at,ue1_0.email,ue1_0.full_name,ue1_0.last_login_at,ue1_0.password_hash,r1_0.user_id,r1_1.id,r1_1.active_flag,r1_1.created_at,r1_1.description,r1_1.role_code,r1_1.role_name,r1_1.updated_at,ue1_0.updated_at,ue1_0.username from los_user ue1_0 left join los_user_role r1_0 on ue1_0.id=r1_0.user_id left join los_role r1_1 on r1_1.id=r1_0.role_id where ue1_0.id=?
2026-04-12T10:11:12.309+07:00 DEBUG 8612 --- [ulos] [nio-8080-exec-5] org.hibernate.SQL                        : update los_auth_token set created_at=?,expires_at=?,issued_at=?,last_accessed_at=?,revoked_flag=?,token_value=?,updated_at=?,user_id=? where id=?
2026-04-12T10:11:12.349+07:00 DEBUG 8612 --- [ulos] [nio-8080-exec-4] o.s.web.servlet.DispatcherServlet        : GET "/api/customers/DEB-9920-X1", parameters={}
2026-04-12T10:11:12.351+07:00 DEBUG 8612 --- [ulos] [nio-8080-exec-4] s.w.s.m.m.a.RequestMappingHandlerMapping : Mapped to com.enterprise.ulos.los.controller.CustomerPortfolioController#get(String)
2026-04-12T10:11:12.354+07:00 DEBUG 8612 --- [ulos] [nio-8080-exec-4] org.hibernate.SQL                        : select ate1_0.id,ate1_0.created_at,ate1_0.expires_at,ate1_0.issued_at,ate1_0.last_accessed_at,ate1_0.revoked_flag,ate1_0.token_value,ate1_0.updated_at,ate1_0.user_id from los_auth_token ate1_0 where ate1_0.token_value=? and not(ate1_0.revoked_flag)
2026-04-12T10:11:12.355+07:00 DEBUG 8612 --- [ulos] [nio-8080-exec-4] org.hibernate.SQL                        : select ue1_0.id,ue1_0.active_flag,ue1_0.created_at,ue1_0.email,ue1_0.full_name,ue1_0.last_login_at,ue1_0.password_hash,r1_0.user_id,r1_1.id,r1_1.active_flag,r1_1.created_at,r1_1.description,r1_1.role_code,r1_1.role_name,r1_1.updated_at,ue1_0.updated_at,ue1_0.username from los_user ue1_0 left join los_user_role r1_0 on ue1_0.id=r1_0.user_id left join los_role r1_1 on r1_1.id=r1_0.role_id where ue1_0.id=?
2026-04-12T10:11:12.358+07:00 DEBUG 8612 --- [ulos] [nio-8080-exec-4] org.hibernate.SQL                        : update los_auth_token set created_at=?,expires_at=?,issued_at=?,last_accessed_at=?,revoked_flag=?,token_value=?,updated_at=?,user_id=? where id=?
2026-04-12T10:11:12.360+07:00 DEBUG 8612 --- [ulos] [nio-8080-exec-3] o.s.web.servlet.DispatcherServlet        : GET "/api/prechecks?type=SLIK&customerCif=DEB-9920-X1&page=0&size=5", parameters={masked}
2026-04-12T10:11:12.360+07:00 DEBUG 8612 --- [ulos] [nio-8080-exec-3] s.w.s.m.m.a.RequestMappingHandlerMapping : Mapped to com.enterprise.ulos.los.controller.PrecheckController#list(String, String, String, int, int)
2026-04-12T10:11:12.363+07:00 DEBUG 8612 --- [ulos] [nio-8080-exec-3] org.hibernate.SQL                        : select ate1_0.id,ate1_0.created_at,ate1_0.expires_at,ate1_0.issued_at,ate1_0.last_accessed_at,ate1_0.revoked_flag,ate1_0.token_value,ate1_0.updated_at,ate1_0.user_id from los_auth_token ate1_0 where ate1_0.token_value=? and not(ate1_0.revoked_flag)
2026-04-12T10:11:12.365+07:00 DEBUG 8612 --- [ulos] [nio-8080-exec-3] org.hibernate.SQL                        : select ue1_0.id,ue1_0.active_flag,ue1_0.created_at,ue1_0.email,ue1_0.full_name,ue1_0.last_login_at,ue1_0.password_hash,r1_0.user_id,r1_1.id,r1_1.active_flag,r1_1.created_at,r1_1.description,r1_1.role_code,r1_1.role_name,r1_1.updated_at,ue1_0.updated_at,ue1_0.username from los_user ue1_0 left join los_user_role r1_0 on ue1_0.id=r1_0.user_id left join los_role r1_1 on r1_1.id=r1_0.role_id where ue1_0.id=?
2026-04-12T10:11:12.367+07:00 DEBUG 8612 --- [ulos] [nio-8080-exec-3] org.hibernate.SQL                        : update los_auth_token set created_at=?,expires_at=?,issued_at=?,last_accessed_at=?,revoked_flag=?,token_value=?,updated_at=?,user_id=? where id=?
2026-04-12T10:11:12.369+07:00 DEBUG 8612 --- [ulos] [nio-8080-exec-5] o.s.web.servlet.DispatcherServlet        : GET "/api/prechecks?type=COLLATERAL&customerCif=DEB-9920-X1&page=0&size=5", parameters={masked}
2026-04-12T10:11:12.370+07:00 DEBUG 8612 --- [ulos] [nio-8080-exec-5] s.w.s.m.m.a.RequestMappingHandlerMapping : Mapped to com.enterprise.ulos.los.controller.PrecheckController#list(String, String, String, int, int)
2026-04-12T10:11:12.374+07:00 DEBUG 8612 --- [ulos] [nio-8080-exec-5] org.hibernate.SQL                        : select ate1_0.id,ate1_0.created_at,ate1_0.expires_at,ate1_0.issued_at,ate1_0.last_accessed_at,ate1_0.revoked_flag,ate1_0.token_value,ate1_0.updated_at,ate1_0.user_id from los_auth_token ate1_0 where ate1_0.token_value=? and not(ate1_0.revoked_flag)
2026-04-12T10:11:12.374+07:00 DEBUG 8612 --- [ulos] [nio-8080-exec-5] org.hibernate.SQL                        : select ue1_0.id,ue1_0.active_flag,ue1_0.created_at,ue1_0.email,ue1_0.full_name,ue1_0.last_login_at,ue1_0.password_hash,r1_0.user_id,r1_1.id,r1_1.active_flag,r1_1.created_at,r1_1.description,r1_1.role_code,r1_1.role_name,r1_1.updated_at,ue1_0.updated_at,ue1_0.username from los_user ue1_0 left join los_user_role r1_0 on ue1_0.id=r1_0.user_id left join los_role r1_1 on r1_1.id=r1_0.role_id where ue1_0.id=?
2026-04-12T10:11:12.374+07:00 DEBUG 8612 --- [ulos] [nio-8080-exec-5] org.hibernate.SQL                        : update los_auth_token set created_at=?,expires_at=?,issued_at=?,last_accessed_at=?,revoked_flag=?,token_value=?,updated_at=?,user_id=? where id=?
2026-04-12T10:11:12.391+07:00 DEBUG 8612 --- [ulos] [nio-8080-exec-4] org.hibernate.SQL                        : select ce1_0.id,ce1_0.cif_number,ce1_0.company_name,ce1_0.company_type,ce1_0.created_at,ce1_0.legal_name,ce1_0.location,ce1_0.profile_json,ce1_0.registration_date,ce1_0.sector,ce1_0.status,ce1_0.tax_id,ce1_0.updated_at from los_customer ce1_0 where ce1_0.cif_number=?
2026-04-12T10:11:12.396+07:00 DEBUG 8612 --- [ulos] [nio-8080-exec-4] m.m.a.RequestResponseBodyMethodProcessor : Using 'application/json', given [*/*] and supported [application/json, application/*+json]
2026-04-12T10:11:12.397+07:00 DEBUG 8612 --- [ulos] [nio-8080-exec-4] m.m.a.RequestResponseBodyMethodProcessor : Writing [CustomerDetailResponse[id=1, cifNumber=DEB-9920-X1, companyName=Global Logistics Systems Corp., lega (truncated)...]
2026-04-12T10:11:12.398+07:00 DEBUG 8612 --- [ulos] [nio-8080-exec-4] o.s.web.servlet.DispatcherServlet        : Completed 200 OK
2026-04-12T10:11:12.405+07:00 DEBUG 8612 --- [ulos] [nio-8080-exec-3] org.hibernate.SQL                        : select pse1_0.id,pse1_0.check_ref,pse1_0.check_type,pse1_0.completed_at,pse1_0.created_at,pse1_0.customer_id,pse1_0.linked_application_id,pse1_0.notes,pse1_0.requested_at,pse1_0.result_json,pse1_0.result_summary,pse1_0.status,pse1_0.updated_at from los_precheck_session pse1_0 join los_customer c1_0 on c1_0.id=pse1_0.customer_id where (? is null or ?='' or upper(pse1_0.check_type)=upper(?)) and (? is null or ?='' or lower(c1_0.cif_number)=lower(?)) and (? is null or ?='' or lower(pse1_0.check_ref) like lower(concat('%',?,'%')) escape '' or lower(c1_0.cif_number) like lower(concat('%',?,'%')) escape '' or lower(c1_0.company_name) like lower(concat('%',?,'%')) escape '' or lower(coalesce(pse1_0.status,'')) like lower(concat('%',?,'%')) escape '' or lower(coalesce(pse1_0.result_summary,'')) like lower(concat('%',?,'%')) escape '') order by pse1_0.updated_at desc limit ?
2026-04-12T10:11:12.408+07:00 DEBUG 8612 --- [ulos] [nio-8080-exec-3] m.m.a.RequestResponseBodyMethodProcessor : Using 'application/json', given [*/*] and supported [application/json, application/*+json]
2026-04-12T10:11:12.408+07:00 DEBUG 8612 --- [ulos] [nio-8080-exec-3] m.m.a.RequestResponseBodyMethodProcessor : Writing [PrecheckPageResponse[items=[], totalElements=0, totalPages=0, page=0, size=5]]
2026-04-12T10:11:12.409+07:00 DEBUG 8612 --- [ulos] [nio-8080-exec-3] o.s.web.servlet.DispatcherServlet        : Completed 200 OK
2026-04-12T10:11:12.423+07:00 DEBUG 8612 --- [ulos] [nio-8080-exec-6] org.hibernate.SQL                        : select ate1_0.id,ate1_0.created_at,ate1_0.expires_at,ate1_0.issued_at,ate1_0.last_accessed_at,ate1_0.revoked_flag,ate1_0.token_value,ate1_0.updated_at,ate1_0.user_id from los_auth_token ate1_0 where ate1_0.token_value=? and not(ate1_0.revoked_flag)
2026-04-12T10:11:12.425+07:00 DEBUG 8612 --- [ulos] [nio-8080-exec-6] org.hibernate.SQL                        : select ue1_0.id,ue1_0.active_flag,ue1_0.created_at,ue1_0.email,ue1_0.full_name,ue1_0.last_login_at,ue1_0.password_hash,r1_0.user_id,r1_1.id,r1_1.active_flag,r1_1.created_at,r1_1.description,r1_1.role_code,r1_1.role_name,r1_1.updated_at,ue1_0.updated_at,ue1_0.username from los_user ue1_0 left join los_user_role r1_0 on ue1_0.id=r1_0.user_id left join los_role r1_1 on r1_1.id=r1_0.role_id where ue1_0.id=?
2026-04-12T10:11:12.428+07:00 DEBUG 8612 --- [ulos] [nio-8080-exec-6] org.hibernate.SQL                        : update los_auth_token set created_at=?,expires_at=?,issued_at=?,last_accessed_at=?,revoked_flag=?,token_value=?,updated_at=?,user_id=? where id=?
2026-04-12T10:11:12.430+07:00 DEBUG 8612 --- [ulos] [nio-8080-exec-8] org.hibernate.SQL                        : select ate1_0.id,ate1_0.created_at,ate1_0.expires_at,ate1_0.issued_at,ate1_0.last_accessed_at,ate1_0.revoked_flag,ate1_0.token_value,ate1_0.updated_at,ate1_0.user_id from los_auth_token ate1_0 where ate1_0.token_value=? and not(ate1_0.revoked_flag)
2026-04-12T10:11:12.431+07:00 DEBUG 8612 --- [ulos] [nio-8080-exec-8] org.hibernate.SQL                        : select ue1_0.id,ue1_0.active_flag,ue1_0.created_at,ue1_0.email,ue1_0.full_name,ue1_0.last_login_at,ue1_0.password_hash,r1_0.user_id,r1_1.id,r1_1.active_flag,r1_1.created_at,r1_1.description,r1_1.role_code,r1_1.role_name,r1_1.updated_at,ue1_0.updated_at,ue1_0.username from los_user ue1_0 left join los_user_role r1_0 on ue1_0.id=r1_0.user_id left join los_role r1_1 on r1_1.id=r1_0.role_id where ue1_0.id=?
2026-04-12T10:11:12.434+07:00 DEBUG 8612 --- [ulos] [nio-8080-exec-8] org.hibernate.SQL                        : update los_auth_token set created_at=?,expires_at=?,issued_at=?,last_accessed_at=?,revoked_flag=?,token_value=?,updated_at=?,user_id=? where id=?
2026-04-12T10:11:12.443+07:00 DEBUG 8612 --- [ulos] [nio-8080-exec-5] org.hibernate.SQL                        : select pse1_0.id,pse1_0.check_ref,pse1_0.check_type,pse1_0.completed_at,pse1_0.created_at,pse1_0.customer_id,pse1_0.linked_application_id,pse1_0.notes,pse1_0.requested_at,pse1_0.result_json,pse1_0.result_summary,pse1_0.status,pse1_0.updated_at from los_precheck_session pse1_0 join los_customer c1_0 on c1_0.id=pse1_0.customer_id where (? is null or ?='' or upper(pse1_0.check_type)=upper(?)) and (? is null or ?='' or lower(c1_0.cif_number)=lower(?)) and (? is null or ?='' or lower(pse1_0.check_ref) like lower(concat('%',?,'%')) escape '' or lower(c1_0.cif_number) like lower(concat('%',?,'%')) escape '' or lower(c1_0.company_name) like lower(concat('%',?,'%')) escape '' or lower(coalesce(pse1_0.status,'')) like lower(concat('%',?,'%')) escape '' or lower(coalesce(pse1_0.result_summary,'')) like lower(concat('%',?,'%')) escape '') order by pse1_0.updated_at desc limit ?
2026-04-12T10:11:12.446+07:00 DEBUG 8612 --- [ulos] [nio-8080-exec-5] m.m.a.RequestResponseBodyMethodProcessor : Using 'application/json', given [*/*] and supported [application/json, application/*+json]
2026-04-12T10:11:12.447+07:00 DEBUG 8612 --- [ulos] [nio-8080-exec-5] m.m.a.RequestResponseBodyMethodProcessor : Writing [PrecheckPageResponse[items=[], totalElements=0, totalPages=0, page=0, size=5]]
2026-04-12T10:11:12.447+07:00 DEBUG 8612 --- [ulos] [nio-8080-exec-5] o.s.web.servlet.DispatcherServlet        : Completed 200 OK
2026-04-12T10:11:12.448+07:00 DEBUG 8612 --- [ulos] [nio-8080-exec-6] o.s.web.servlet.DispatcherServlet        : GET "/api/customers/DEB-9920-X1", parameters={}
2026-04-12T10:11:12.448+07:00 DEBUG 8612 --- [ulos] [nio-8080-exec-6] s.w.s.m.m.a.RequestMappingHandlerMapping : Mapped to com.enterprise.ulos.los.controller.CustomerPortfolioController#get(String)
2026-04-12T10:11:12.454+07:00 DEBUG 8612 --- [ulos] [nio-8080-exec-6] org.hibernate.SQL                        : select ate1_0.id,ate1_0.created_at,ate1_0.expires_at,ate1_0.issued_at,ate1_0.last_accessed_at,ate1_0.revoked_flag,ate1_0.token_value,ate1_0.updated_at,ate1_0.user_id from los_auth_token ate1_0 where ate1_0.token_value=? and not(ate1_0.revoked_flag)
2026-04-12T10:11:12.456+07:00 DEBUG 8612 --- [ulos] [nio-8080-exec-6] org.hibernate.SQL                        : select ue1_0.id,ue1_0.active_flag,ue1_0.created_at,ue1_0.email,ue1_0.full_name,ue1_0.last_login_at,ue1_0.password_hash,r1_0.user_id,r1_1.id,r1_1.active_flag,r1_1.created_at,r1_1.description,r1_1.role_code,r1_1.role_name,r1_1.updated_at,ue1_0.updated_at,ue1_0.username from los_user ue1_0 left join los_user_role r1_0 on ue1_0.id=r1_0.user_id left join los_role r1_1 on r1_1.id=r1_0.role_id where ue1_0.id=?
2026-04-12T10:11:12.459+07:00 DEBUG 8612 --- [ulos] [nio-8080-exec-6] org.hibernate.SQL                        : update los_auth_token set created_at=?,expires_at=?,issued_at=?,last_accessed_at=?,revoked_flag=?,token_value=?,updated_at=?,user_id=? where id=?
2026-04-12T10:11:12.471+07:00 DEBUG 8612 --- [ulos] [nio-8080-exec-8] o.s.web.servlet.DispatcherServlet        : GET "/api/prechecks?type=SLIK&customerCif=DEB-9920-X1&page=0&size=5", parameters={masked}
2026-04-12T10:11:12.471+07:00 DEBUG 8612 --- [ulos] [nio-8080-exec-8] s.w.s.m.m.a.RequestMappingHandlerMapping : Mapped to com.enterprise.ulos.los.controller.PrecheckController#list(String, String, String, int, int)
2026-04-12T10:11:12.474+07:00 DEBUG 8612 --- [ulos] [nio-8080-exec-8] org.hibernate.SQL                        : select ate1_0.id,ate1_0.created_at,ate1_0.expires_at,ate1_0.issued_at,ate1_0.last_accessed_at,ate1_0.revoked_flag,ate1_0.token_value,ate1_0.updated_at,ate1_0.user_id from los_auth_token ate1_0 where ate1_0.token_value=? and not(ate1_0.revoked_flag)
2026-04-12T10:11:12.476+07:00 DEBUG 8612 --- [ulos] [nio-8080-exec-8] org.hibernate.SQL                        : select ue1_0.id,ue1_0.active_flag,ue1_0.created_at,ue1_0.email,ue1_0.full_name,ue1_0.last_login_at,ue1_0.password_hash,r1_0.user_id,r1_1.id,r1_1.active_flag,r1_1.created_at,r1_1.description,r1_1.role_code,r1_1.role_name,r1_1.updated_at,ue1_0.updated_at,ue1_0.username from los_user ue1_0 left join los_user_role r1_0 on ue1_0.id=r1_0.user_id left join los_role r1_1 on r1_1.id=r1_0.role_id where ue1_0.id=?
2026-04-12T10:11:12.479+07:00 DEBUG 8612 --- [ulos] [nio-8080-exec-8] org.hibernate.SQL                        : update los_auth_token set created_at=?,expires_at=?,issued_at=?,last_accessed_at=?,revoked_flag=?,token_value=?,updated_at=?,user_id=? where id=?
2026-04-12T10:11:12.492+07:00 DEBUG 8612 --- [ulos] [nio-8080-exec-6] org.hibernate.SQL                        : select ce1_0.id,ce1_0.cif_number,ce1_0.company_name,ce1_0.company_type,ce1_0.created_at,ce1_0.legal_name,ce1_0.location,ce1_0.profile_json,ce1_0.registration_date,ce1_0.sector,ce1_0.status,ce1_0.tax_id,ce1_0.updated_at from los_customer ce1_0 where ce1_0.cif_number=?
2026-04-12T10:11:12.494+07:00 DEBUG 8612 --- [ulos] [nio-8080-exec-7] org.hibernate.SQL                        : select ate1_0.id,ate1_0.created_at,ate1_0.expires_at,ate1_0.issued_at,ate1_0.last_accessed_at,ate1_0.revoked_flag,ate1_0.token_value,ate1_0.updated_at,ate1_0.user_id from los_auth_token ate1_0 where ate1_0.token_value=? and not(ate1_0.revoked_flag)
2026-04-12T10:11:12.496+07:00 DEBUG 8612 --- [ulos] [nio-8080-exec-6] m.m.a.RequestResponseBodyMethodProcessor : Using 'application/json', given [*/*] and supported [application/json, application/*+json]
2026-04-12T10:11:12.496+07:00 DEBUG 8612 --- [ulos] [nio-8080-exec-6] m.m.a.RequestResponseBodyMethodProcessor : Writing [CustomerDetailResponse[id=1, cifNumber=DEB-9920-X1, companyName=Global Logistics Systems Corp., lega (truncated)...]
2026-04-12T10:11:12.496+07:00 DEBUG 8612 --- [ulos] [nio-8080-exec-7] org.hibernate.SQL                        : select ue1_0.id,ue1_0.active_flag,ue1_0.created_at,ue1_0.email,ue1_0.full_name,ue1_0.last_login_at,ue1_0.password_hash,r1_0.user_id,r1_1.id,r1_1.active_flag,r1_1.created_at,r1_1.description,r1_1.role_code,r1_1.role_name,r1_1.updated_at,ue1_0.updated_at,ue1_0.username from los_user ue1_0 left join los_user_role r1_0 on ue1_0.id=r1_0.user_id left join los_role r1_1 on r1_1.id=r1_0.role_id where ue1_0.id=?
2026-04-12T10:11:12.496+07:00 DEBUG 8612 --- [ulos] [nio-8080-exec-6] o.s.web.servlet.DispatcherServlet        : Completed 200 OK
2026-04-12T10:11:12.516+07:00 DEBUG 8612 --- [ulos] [nio-8080-exec-8] org.hibernate.SQL                        : select pse1_0.id,pse1_0.check_ref,pse1_0.check_type,pse1_0.completed_at,pse1_0.created_at,pse1_0.customer_id,pse1_0.linked_application_id,pse1_0.notes,pse1_0.requested_at,pse1_0.result_json,pse1_0.result_summary,pse1_0.status,pse1_0.updated_at from los_precheck_session pse1_0 join los_customer c1_0 on c1_0.id=pse1_0.customer_id where (? is null or ?='' or upper(pse1_0.check_type)=upper(?)) and (? is null or ?='' or lower(c1_0.cif_number)=lower(?)) and (? is null or ?='' or lower(pse1_0.check_ref) like lower(concat('%',?,'%')) escape '' or lower(c1_0.cif_number) like lower(concat('%',?,'%')) escape '' or lower(c1_0.company_name) like lower(concat('%',?,'%')) escape '' or lower(coalesce(pse1_0.status,'')) like lower(concat('%',?,'%')) escape '' or lower(coalesce(pse1_0.result_summary,'')) like lower(concat('%',?,'%')) escape '') order by pse1_0.updated_at desc limit ?
2026-04-12T10:11:12.521+07:00 DEBUG 8612 --- [ulos] [nio-8080-exec-8] m.m.a.RequestResponseBodyMethodProcessor : Using 'application/json', given [*/*] and supported [application/json, application/*+json]
2026-04-12T10:11:12.521+07:00 DEBUG 8612 --- [ulos] [nio-8080-exec-8] m.m.a.RequestResponseBodyMethodProcessor : Writing [PrecheckPageResponse[items=[], totalElements=0, totalPages=0, page=0, size=5]]
2026-04-12T10:11:12.522+07:00 DEBUG 8612 --- [ulos] [nio-8080-exec-8] o.s.web.servlet.DispatcherServlet        : Completed 200 OK
2026-04-12T10:11:12.527+07:00 DEBUG 8612 --- [ulos] [nio-8080-exec-7] org.hibernate.SQL                        : update los_auth_token set created_at=?,expires_at=?,issued_at=?,last_accessed_at=?,revoked_flag=?,token_value=?,updated_at=?,user_id=? where id=?
2026-04-12T10:11:12.617+07:00 DEBUG 8612 --- [ulos] [nio-8080-exec-7] o.s.web.servlet.DispatcherServlet        : GET "/api/prechecks?type=COLLATERAL&customerCif=DEB-9920-X1&page=0&size=5", parameters={masked}
2026-04-12T10:11:12.617+07:00 DEBUG 8612 --- [ulos] [nio-8080-exec-7] s.w.s.m.m.a.RequestMappingHandlerMapping : Mapped to com.enterprise.ulos.los.controller.PrecheckController#list(String, String, String, int, int)
2026-04-12T10:11:12.620+07:00 DEBUG 8612 --- [ulos] [nio-8080-exec-7] org.hibernate.SQL                        : select ate1_0.id,ate1_0.created_at,ate1_0.expires_at,ate1_0.issued_at,ate1_0.last_accessed_at,ate1_0.revoked_flag,ate1_0.token_value,ate1_0.updated_at,ate1_0.user_id from los_auth_token ate1_0 where ate1_0.token_value=? and not(ate1_0.revoked_flag)
2026-04-12T10:11:12.622+07:00 DEBUG 8612 --- [ulos] [nio-8080-exec-7] org.hibernate.SQL                        : select ue1_0.id,ue1_0.active_flag,ue1_0.created_at,ue1_0.email,ue1_0.full_name,ue1_0.last_login_at,ue1_0.password_hash,r1_0.user_id,r1_1.id,r1_1.active_flag,r1_1.created_at,r1_1.description,r1_1.role_code,r1_1.role_name,r1_1.updated_at,ue1_0.updated_at,ue1_0.username from los_user ue1_0 left join los_user_role r1_0 on ue1_0.id=r1_0.user_id left join los_role r1_1 on r1_1.id=r1_0.role_id where ue1_0.id=?
2026-04-12T10:11:12.625+07:00 DEBUG 8612 --- [ulos] [nio-8080-exec-7] org.hibernate.SQL                        : update los_auth_token set created_at=?,expires_at=?,issued_at=?,last_accessed_at=?,revoked_flag=?,token_value=?,updated_at=?,user_id=? where id=?
2026-04-12T10:11:12.641+07:00 DEBUG 8612 --- [ulos] [nio-8080-exec-7] org.hibernate.SQL                        : select pse1_0.id,pse1_0.check_ref,pse1_0.check_type,pse1_0.completed_at,pse1_0.created_at,pse1_0.customer_id,pse1_0.linked_application_id,pse1_0.notes,pse1_0.requested_at,pse1_0.result_json,pse1_0.result_summary,pse1_0.status,pse1_0.updated_at from los_precheck_session pse1_0 join los_customer c1_0 on c1_0.id=pse1_0.customer_id where (? is null or ?='' or upper(pse1_0.check_type)=upper(?)) and (? is null or ?='' or lower(c1_0.cif_number)=lower(?)) and (? is null or ?='' or lower(pse1_0.check_ref) like lower(concat('%',?,'%')) escape '' or lower(c1_0.cif_number) like lower(concat('%',?,'%')) escape '' or lower(c1_0.company_name) like lower(concat('%',?,'%')) escape '' or lower(coalesce(pse1_0.status,'')) like lower(concat('%',?,'%')) escape '' or lower(coalesce(pse1_0.result_summary,'')) like lower(concat('%',?,'%')) escape '') order by pse1_0.updated_at desc limit ?
2026-04-12T10:11:12.644+07:00 DEBUG 8612 --- [ulos] [nio-8080-exec-7] m.m.a.RequestResponseBodyMethodProcessor : Using 'application/json', given [*/*] and supported [application/json, application/*+json]
2026-04-12T10:11:12.644+07:00 DEBUG 8612 --- [ulos] [nio-8080-exec-7] m.m.a.RequestResponseBodyMethodProcessor : Writing [PrecheckPageResponse[items=[], totalElements=0, totalPages=0, page=0, size=5]]
2026-04-12T10:11:12.645+07:00 DEBUG 8612 --- [ulos] [nio-8080-exec-7] o.s.web.servlet.DispatcherServlet        : Completed 200 OK
2026-04-12T10:11:15.118+07:00 DEBUG 8612 --- [ulos] [nio-8080-exec-9] org.hibernate.SQL                        : select ate1_0.id,ate1_0.created_at,ate1_0.expires_at,ate1_0.issued_at,ate1_0.last_accessed_at,ate1_0.revoked_flag,ate1_0.token_value,ate1_0.updated_at,ate1_0.user_id from los_auth_token ate1_0 where ate1_0.token_value=? and not(ate1_0.revoked_flag)
2026-04-12T10:11:15.120+07:00 DEBUG 8612 --- [ulos] [nio-8080-exec-9] org.hibernate.SQL                        : select ue1_0.id,ue1_0.active_flag,ue1_0.created_at,ue1_0.email,ue1_0.full_name,ue1_0.last_login_at,ue1_0.password_hash,r1_0.user_id,r1_1.id,r1_1.active_flag,r1_1.created_at,r1_1.description,r1_1.role_code,r1_1.role_name,r1_1.updated_at,ue1_0.updated_at,ue1_0.username from los_user ue1_0 left join los_user_role r1_0 on ue1_0.id=r1_0.user_id left join los_role r1_1 on r1_1.id=r1_0.role_id where ue1_0.id=?
2026-04-12T10:11:15.122+07:00 DEBUG 8612 --- [ulos] [nio-8080-exec-9] org.hibernate.SQL                        : update los_auth_token set created_at=?,expires_at=?,issued_at=?,last_accessed_at=?,revoked_flag=?,token_value=?,updated_at=?,user_id=? where id=?
2026-04-12T10:11:15.131+07:00 DEBUG 8612 --- [ulos] [nio-8080-exec-9] o.s.web.servlet.DispatcherServlet        : GET "/api/master/portfolio-lookups?masterType=customer_type&includeInactive=true", parameters={masked}
2026-04-12T10:11:15.132+07:00 DEBUG 8612 --- [ulos] [nio-8080-exec-9] s.w.s.m.m.a.RequestMappingHandlerMapping : Mapped to com.enterprise.ulos.los.controller.MasterDataController#portfolioLookups(String, boolean)
2026-04-12T10:11:15.135+07:00 DEBUG 8612 --- [ulos] [nio-8080-exec-9] org.hibernate.SQL                        : select mple1_0.id,mple1_0.active_flag,mple1_0.created_at,mple1_0.description,mple1_0.extra_json,mple1_0.item_code,mple1_0.item_name,mple1_0.legacy_code,mple1_0.master_type,mple1_0.sort_order,mple1_0.updated_at from los_master_portfolio_lookup mple1_0 where upper(mple1_0.master_type)=upper(?) order by mple1_0.sort_order,mple1_0.item_name
2026-04-12T10:11:15.142+07:00 DEBUG 8612 --- [ulos] [nio-8080-exec-9] m.m.a.RequestResponseBodyMethodProcessor : Using 'application/json', given [*/*] and supported [application/json, application/*+json]
2026-04-12T10:11:15.142+07:00 DEBUG 8612 --- [ulos] [nio-8080-exec-9] m.m.a.RequestResponseBodyMethodProcessor : Writing [[PortfolioLookupResponse[masterType=customer_type, code=CORPORATE, name=Corporate, legacyCode=CORP,  (truncated)...]
2026-04-12T10:11:15.143+07:00 DEBUG 8612 --- [ulos] [nio-8080-exec-9] o.s.web.servlet.DispatcherServlet        : Completed 200 OK
2026-04-12T10:11:15.182+07:00 DEBUG 8612 --- [ulos] [io-8080-exec-10] org.hibernate.SQL                        : select ate1_0.id,ate1_0.created_at,ate1_0.expires_at,ate1_0.issued_at,ate1_0.last_accessed_at,ate1_0.revoked_flag,ate1_0.token_value,ate1_0.updated_at,ate1_0.user_id from los_auth_token ate1_0 where ate1_0.token_value=? and not(ate1_0.revoked_flag)
2026-04-12T10:11:15.185+07:00 DEBUG 8612 --- [ulos] [io-8080-exec-10] org.hibernate.SQL                        : select ue1_0.id,ue1_0.active_flag,ue1_0.created_at,ue1_0.email,ue1_0.full_name,ue1_0.last_login_at,ue1_0.password_hash,r1_0.user_id,r1_1.id,r1_1.active_flag,r1_1.created_at,r1_1.description,r1_1.role_code,r1_1.role_name,r1_1.updated_at,ue1_0.updated_at,ue1_0.username from los_user ue1_0 left join los_user_role r1_0 on ue1_0.id=r1_0.user_id left join los_role r1_1 on r1_1.id=r1_0.role_id where ue1_0.id=?
2026-04-12T10:11:15.187+07:00 DEBUG 8612 --- [ulos] [io-8080-exec-10] org.hibernate.SQL                        : update los_auth_token set created_at=?,expires_at=?,issued_at=?,last_accessed_at=?,revoked_flag=?,token_value=?,updated_at=?,user_id=? where id=?
2026-04-12T10:11:15.195+07:00 DEBUG 8612 --- [ulos] [nio-8080-exec-2] org.hibernate.SQL                        : select ate1_0.id,ate1_0.created_at,ate1_0.expires_at,ate1_0.issued_at,ate1_0.last_accessed_at,ate1_0.revoked_flag,ate1_0.token_value,ate1_0.updated_at,ate1_0.user_id from los_auth_token ate1_0 where ate1_0.token_value=? and not(ate1_0.revoked_flag)
2026-04-12T10:11:15.197+07:00 DEBUG 8612 --- [ulos] [nio-8080-exec-2] org.hibernate.SQL                        : select ue1_0.id,ue1_0.active_flag,ue1_0.created_at,ue1_0.email,ue1_0.full_name,ue1_0.last_login_at,ue1_0.password_hash,r1_0.user_id,r1_1.id,r1_1.active_flag,r1_1.created_at,r1_1.description,r1_1.role_code,r1_1.role_name,r1_1.updated_at,ue1_0.updated_at,ue1_0.username from los_user ue1_0 left join los_user_role r1_0 on ue1_0.id=r1_0.user_id left join los_role r1_1 on r1_1.id=r1_0.role_id where ue1_0.id=?
2026-04-12T10:11:15.199+07:00 DEBUG 8612 --- [ulos] [nio-8080-exec-2] org.hibernate.SQL                        : update los_auth_token set created_at=?,expires_at=?,issued_at=?,last_accessed_at=?,revoked_flag=?,token_value=?,updated_at=?,user_id=? where id=?
2026-04-12T10:11:15.205+07:00 DEBUG 8612 --- [ulos] [nio-8080-exec-1] org.hibernate.SQL                        : select ate1_0.id,ate1_0.created_at,ate1_0.expires_at,ate1_0.issued_at,ate1_0.last_accessed_at,ate1_0.revoked_flag,ate1_0.token_value,ate1_0.updated_at,ate1_0.user_id from los_auth_token ate1_0 where ate1_0.token_value=? and not(ate1_0.revoked_flag)
2026-04-12T10:11:15.207+07:00 DEBUG 8612 --- [ulos] [nio-8080-exec-1] org.hibernate.SQL                        : select ue1_0.id,ue1_0.active_flag,ue1_0.created_at,ue1_0.email,ue1_0.full_name,ue1_0.last_login_at,ue1_0.password_hash,r1_0.user_id,r1_1.id,r1_1.active_flag,r1_1.created_at,r1_1.description,r1_1.role_code,r1_1.role_name,r1_1.updated_at,ue1_0.updated_at,ue1_0.username from los_user ue1_0 left join los_user_role r1_0 on ue1_0.id=r1_0.user_id left join los_role r1_1 on r1_1.id=r1_0.role_id where ue1_0.id=?
2026-04-12T10:11:15.210+07:00 DEBUG 8612 --- [ulos] [nio-8080-exec-1] org.hibernate.SQL                        : update los_auth_token set created_at=?,expires_at=?,issued_at=?,last_accessed_at=?,revoked_flag=?,token_value=?,updated_at=?,user_id=? where id=?
2026-04-12T10:11:15.310+07:00 DEBUG 8612 --- [ulos] [nio-8080-exec-4] org.hibernate.SQL                        : select ate1_0.id,ate1_0.created_at,ate1_0.expires_at,ate1_0.issued_at,ate1_0.last_accessed_at,ate1_0.revoked_flag,ate1_0.token_value,ate1_0.updated_at,ate1_0.user_id from los_auth_token ate1_0 where ate1_0.token_value=? and not(ate1_0.revoked_flag)
2026-04-12T10:11:15.310+07:00 DEBUG 8612 --- [ulos] [nio-8080-exec-3] org.hibernate.SQL                        : select ate1_0.id,ate1_0.created_at,ate1_0.expires_at,ate1_0.issued_at,ate1_0.last_accessed_at,ate1_0.revoked_flag,ate1_0.token_value,ate1_0.updated_at,ate1_0.user_id from los_auth_token ate1_0 where ate1_0.token_value=? and not(ate1_0.revoked_flag)
2026-04-12T10:11:15.317+07:00 DEBUG 8612 --- [ulos] [nio-8080-exec-4] org.hibernate.SQL                        : select ue1_0.id,ue1_0.active_flag,ue1_0.created_at,ue1_0.email,ue1_0.full_name,ue1_0.last_login_at,ue1_0.password_hash,r1_0.user_id,r1_1.id,r1_1.active_flag,r1_1.created_at,r1_1.description,r1_1.role_code,r1_1.role_name,r1_1.updated_at,ue1_0.updated_at,ue1_0.username from los_user ue1_0 left join los_user_role r1_0 on ue1_0.id=r1_0.user_id left join los_role r1_1 on r1_1.id=r1_0.role_id where ue1_0.id=?
2026-04-12T10:11:15.325+07:00 DEBUG 8612 --- [ulos] [nio-8080-exec-4] org.hibernate.SQL                        : update los_auth_token set created_at=?,expires_at=?,issued_at=?,last_accessed_at=?,revoked_flag=?,token_value=?,updated_at=?,user_id=? where id=?
2026-04-12T10:11:15.332+07:00 DEBUG 8612 --- [ulos] [io-8080-exec-10] o.s.web.servlet.DispatcherServlet        : GET "/api/master/portfolio-lookups?masterType=owning_branch&includeInactive=true", parameters={masked}
2026-04-12T10:11:15.332+07:00 DEBUG 8612 --- [ulos] [io-8080-exec-10] s.w.s.m.m.a.RequestMappingHandlerMapping : Mapped to com.enterprise.ulos.los.controller.MasterDataController#portfolioLookups(String, boolean)
2026-04-12T10:11:15.336+07:00 DEBUG 8612 --- [ulos] [io-8080-exec-10] org.hibernate.SQL                        : select mple1_0.id,mple1_0.active_flag,mple1_0.created_at,mple1_0.description,mple1_0.extra_json,mple1_0.item_code,mple1_0.item_name,mple1_0.legacy_code,mple1_0.master_type,mple1_0.sort_order,mple1_0.updated_at from los_master_portfolio_lookup mple1_0 where upper(mple1_0.master_type)=upper(?) order by mple1_0.sort_order,mple1_0.item_name
2026-04-12T10:11:15.342+07:00 DEBUG 8612 --- [ulos] [io-8080-exec-10] m.m.a.RequestResponseBodyMethodProcessor : Using 'application/json', given [*/*] and supported [application/json, application/*+json]
2026-04-12T10:11:15.342+07:00 DEBUG 8612 --- [ulos] [io-8080-exec-10] m.m.a.RequestResponseBodyMethodProcessor : Writing [[PortfolioLookupResponse[masterType=owning_branch, code=MAIN_JKT, name=Main Branch - Jakarta sasa, l (truncated)...]
2026-04-12T10:11:15.346+07:00 DEBUG 8612 --- [ulos] [io-8080-exec-10] o.s.web.servlet.DispatcherServlet        : Completed 200 OK
2026-04-12T10:11:15.350+07:00 DEBUG 8612 --- [ulos] [nio-8080-exec-3] org.hibernate.SQL                        : select ue1_0.id,ue1_0.active_flag,ue1_0.created_at,ue1_0.email,ue1_0.full_name,ue1_0.last_login_at,ue1_0.password_hash,r1_0.user_id,r1_1.id,r1_1.active_flag,r1_1.created_at,r1_1.description,r1_1.role_code,r1_1.role_name,r1_1.updated_at,ue1_0.updated_at,ue1_0.username from los_user ue1_0 left join los_user_role r1_0 on ue1_0.id=r1_0.user_id left join los_role r1_1 on r1_1.id=r1_0.role_id where ue1_0.id=?
2026-04-12T10:11:15.352+07:00 DEBUG 8612 --- [ulos] [nio-8080-exec-2] o.s.web.servlet.DispatcherServlet        : GET "/api/master/portfolio-lookups?masterType=business_source&includeInactive=true", parameters={masked}
2026-04-12T10:11:15.353+07:00 DEBUG 8612 --- [ulos] [nio-8080-exec-2] s.w.s.m.m.a.RequestMappingHandlerMapping : Mapped to com.enterprise.ulos.los.controller.MasterDataController#portfolioLookups(String, boolean)
2026-04-12T10:11:15.356+07:00 DEBUG 8612 --- [ulos] [nio-8080-exec-2] org.hibernate.SQL                        : select mple1_0.id,mple1_0.active_flag,mple1_0.created_at,mple1_0.description,mple1_0.extra_json,mple1_0.item_code,mple1_0.item_name,mple1_0.legacy_code,mple1_0.master_type,mple1_0.sort_order,mple1_0.updated_at from los_master_portfolio_lookup mple1_0 where upper(mple1_0.master_type)=upper(?) order by mple1_0.sort_order,mple1_0.item_name
2026-04-12T10:11:15.363+07:00 DEBUG 8612 --- [ulos] [nio-8080-exec-2] m.m.a.RequestResponseBodyMethodProcessor : Using 'application/json', given [*/*] and supported [application/json, application/*+json]
2026-04-12T10:11:15.364+07:00 DEBUG 8612 --- [ulos] [nio-8080-exec-2] m.m.a.RequestResponseBodyMethodProcessor : Writing [[PortfolioLookupResponse[masterType=business_source, code=REFERRAL, name=Referral, legacyCode=REF, s (truncated)...]
2026-04-12T10:11:15.368+07:00 DEBUG 8612 --- [ulos] [nio-8080-exec-2] o.s.web.servlet.DispatcherServlet        : Completed 200 OK
2026-04-12T10:11:15.375+07:00 DEBUG 8612 --- [ulos] [nio-8080-exec-3] org.hibernate.SQL                        : update los_auth_token set created_at=?,expires_at=?,issued_at=?,last_accessed_at=?,revoked_flag=?,token_value=?,updated_at=?,user_id=? where id=?
2026-04-12T10:11:15.376+07:00 DEBUG 8612 --- [ulos] [nio-8080-exec-1] o.s.web.servlet.DispatcherServlet        : GET "/api/master/portfolio-lookups?masterType=id_type&includeInactive=true", parameters={masked}
2026-04-12T10:11:15.377+07:00 DEBUG 8612 --- [ulos] [nio-8080-exec-1] s.w.s.m.m.a.RequestMappingHandlerMapping : Mapped to com.enterprise.ulos.los.controller.MasterDataController#portfolioLookups(String, boolean)
2026-04-12T10:11:15.380+07:00 DEBUG 8612 --- [ulos] [nio-8080-exec-1] org.hibernate.SQL                        : select mple1_0.id,mple1_0.active_flag,mple1_0.created_at,mple1_0.description,mple1_0.extra_json,mple1_0.item_code,mple1_0.item_name,mple1_0.legacy_code,mple1_0.master_type,mple1_0.sort_order,mple1_0.updated_at from los_master_portfolio_lookup mple1_0 where upper(mple1_0.master_type)=upper(?) order by mple1_0.sort_order,mple1_0.item_name
2026-04-12T10:11:15.386+07:00 DEBUG 8612 --- [ulos] [nio-8080-exec-1] m.m.a.RequestResponseBodyMethodProcessor : Using 'application/json', given [*/*] and supported [application/json, application/*+json]
2026-04-12T10:11:15.386+07:00 DEBUG 8612 --- [ulos] [nio-8080-exec-1] m.m.a.RequestResponseBodyMethodProcessor : Writing [[PortfolioLookupResponse[masterType=id_type, code=NPWP, name=NPWP, legacyCode=NPWP, sortOrder=1, act (truncated)...]
2026-04-12T10:11:15.388+07:00 DEBUG 8612 --- [ulos] [nio-8080-exec-1] o.s.web.servlet.DispatcherServlet        : Completed 200 OK
2026-04-12T10:11:15.412+07:00 DEBUG 8612 --- [ulos] [nio-8080-exec-4] o.s.web.servlet.DispatcherServlet        : GET "/api/master/portfolio-lookups?masterType=company_type&includeInactive=true", parameters={masked}
2026-04-12T10:11:15.412+07:00 DEBUG 8612 --- [ulos] [nio-8080-exec-4] s.w.s.m.m.a.RequestMappingHandlerMapping : Mapped to com.enterprise.ulos.los.controller.MasterDataController#portfolioLookups(String, boolean)
2026-04-12T10:11:15.415+07:00 DEBUG 8612 --- [ulos] [nio-8080-exec-4] org.hibernate.SQL                        : select mple1_0.id,mple1_0.active_flag,mple1_0.created_at,mple1_0.description,mple1_0.extra_json,mple1_0.item_code,mple1_0.item_name,mple1_0.legacy_code,mple1_0.master_type,mple1_0.sort_order,mple1_0.updated_at from los_master_portfolio_lookup mple1_0 where upper(mple1_0.master_type)=upper(?) order by mple1_0.sort_order,mple1_0.item_name
2026-04-12T10:11:15.423+07:00 DEBUG 8612 --- [ulos] [nio-8080-exec-4] m.m.a.RequestResponseBodyMethodProcessor : Using 'application/json', given [*/*] and supported [application/json, application/*+json]
2026-04-12T10:11:15.424+07:00 DEBUG 8612 --- [ulos] [nio-8080-exec-4] m.m.a.RequestResponseBodyMethodProcessor : Writing [[PortfolioLookupResponse[masterType=company_type, code=FIRM, name=Firm, legacyCode=FIRM, sortOrder=3 (truncated)...]
2026-04-12T10:11:15.425+07:00 DEBUG 8612 --- [ulos] [nio-8080-exec-4] o.s.web.servlet.DispatcherServlet        : Completed 200 OK
2026-04-12T10:11:15.434+07:00 DEBUG 8612 --- [ulos] [nio-8080-exec-3] o.s.web.servlet.DispatcherServlet        : GET "/api/master/portfolio-lookups?masterType=country&includeInactive=true", parameters={masked}
2026-04-12T10:11:15.435+07:00 DEBUG 8612 --- [ulos] [nio-8080-exec-3] s.w.s.m.m.a.RequestMappingHandlerMapping : Mapped to com.enterprise.ulos.los.controller.MasterDataController#portfolioLookups(String, boolean)
2026-04-12T10:11:15.439+07:00 DEBUG 8612 --- [ulos] [nio-8080-exec-3] org.hibernate.SQL                        : select mple1_0.id,mple1_0.active_flag,mple1_0.created_at,mple1_0.description,mple1_0.extra_json,mple1_0.item_code,mple1_0.item_name,mple1_0.legacy_code,mple1_0.master_type,mple1_0.sort_order,mple1_0.updated_at from los_master_portfolio_lookup mple1_0 where upper(mple1_0.master_type)=upper(?) order by mple1_0.sort_order,mple1_0.item_name
2026-04-12T10:11:15.445+07:00 DEBUG 8612 --- [ulos] [nio-8080-exec-3] m.m.a.RequestResponseBodyMethodProcessor : Using 'application/json', given [*/*] and supported [application/json, application/*+json]
2026-04-12T10:11:15.445+07:00 DEBUG 8612 --- [ulos] [nio-8080-exec-3] m.m.a.RequestResponseBodyMethodProcessor : Writing [[PortfolioLookupResponse[masterType=country, code=ID, name=Indonesia, legacyCode=ID, sortOrder=1, ac (truncated)...]
2026-04-12T10:11:15.446+07:00 DEBUG 8612 --- [ulos] [nio-8080-exec-3] o.s.web.servlet.DispatcherServlet        : Completed 200 OK
2026-04-12T10:11:15.469+07:00 DEBUG 8612 --- [ulos] [nio-8080-exec-5] org.hibernate.SQL                        : select ate1_0.id,ate1_0.created_at,ate1_0.expires_at,ate1_0.issued_at,ate1_0.last_accessed_at,ate1_0.revoked_flag,ate1_0.token_value,ate1_0.updated_at,ate1_0.user_id from los_auth_token ate1_0 where ate1_0.token_value=? and not(ate1_0.revoked_flag)
2026-04-12T10:11:15.471+07:00 DEBUG 8612 --- [ulos] [nio-8080-exec-5] org.hibernate.SQL                        : select ue1_0.id,ue1_0.active_flag,ue1_0.created_at,ue1_0.email,ue1_0.full_name,ue1_0.last_login_at,ue1_0.password_hash,r1_0.user_id,r1_1.id,r1_1.active_flag,r1_1.created_at,r1_1.description,r1_1.role_code,r1_1.role_name,r1_1.updated_at,ue1_0.updated_at,ue1_0.username from los_user ue1_0 left join los_user_role r1_0 on ue1_0.id=r1_0.user_id left join los_role r1_1 on r1_1.id=r1_0.role_id where ue1_0.id=?
2026-04-12T10:11:15.473+07:00 DEBUG 8612 --- [ulos] [nio-8080-exec-5] org.hibernate.SQL                        : update los_auth_token set created_at=?,expires_at=?,issued_at=?,last_accessed_at=?,revoked_flag=?,token_value=?,updated_at=?,user_id=? where id=?
2026-04-12T10:11:15.480+07:00 DEBUG 8612 --- [ulos] [nio-8080-exec-6] org.hibernate.SQL                        : select ate1_0.id,ate1_0.created_at,ate1_0.expires_at,ate1_0.issued_at,ate1_0.last_accessed_at,ate1_0.revoked_flag,ate1_0.token_value,ate1_0.updated_at,ate1_0.user_id from los_auth_token ate1_0 where ate1_0.token_value=? and not(ate1_0.revoked_flag)
2026-04-12T10:11:15.481+07:00 DEBUG 8612 --- [ulos] [nio-8080-exec-6] org.hibernate.SQL                        : select ue1_0.id,ue1_0.active_flag,ue1_0.created_at,ue1_0.email,ue1_0.full_name,ue1_0.last_login_at,ue1_0.password_hash,r1_0.user_id,r1_1.id,r1_1.active_flag,r1_1.created_at,r1_1.description,r1_1.role_code,r1_1.role_name,r1_1.updated_at,ue1_0.updated_at,ue1_0.username from los_user ue1_0 left join los_user_role r1_0 on ue1_0.id=r1_0.user_id left join los_role r1_1 on r1_1.id=r1_0.role_id where ue1_0.id=?
2026-04-12T10:11:15.484+07:00 DEBUG 8612 --- [ulos] [nio-8080-exec-6] org.hibernate.SQL                        : update los_auth_token set created_at=?,expires_at=?,issued_at=?,last_accessed_at=?,revoked_flag=?,token_value=?,updated_at=?,user_id=? where id=?
2026-04-12T10:11:15.486+07:00 DEBUG 8612 --- [ulos] [nio-8080-exec-8] org.hibernate.SQL                        : select ate1_0.id,ate1_0.created_at,ate1_0.expires_at,ate1_0.issued_at,ate1_0.last_accessed_at,ate1_0.revoked_flag,ate1_0.token_value,ate1_0.updated_at,ate1_0.user_id from los_auth_token ate1_0 where ate1_0.token_value=? and not(ate1_0.revoked_flag)
2026-04-12T10:11:15.487+07:00 DEBUG 8612 --- [ulos] [nio-8080-exec-8] org.hibernate.SQL                        : select ue1_0.id,ue1_0.active_flag,ue1_0.created_at,ue1_0.email,ue1_0.full_name,ue1_0.last_login_at,ue1_0.password_hash,r1_0.user_id,r1_1.id,r1_1.active_flag,r1_1.created_at,r1_1.description,r1_1.role_code,r1_1.role_name,r1_1.updated_at,ue1_0.updated_at,ue1_0.username from los_user ue1_0 left join los_user_role r1_0 on ue1_0.id=r1_0.user_id left join los_role r1_1 on r1_1.id=r1_0.role_id where ue1_0.id=?
2026-04-12T10:11:15.488+07:00 DEBUG 8612 --- [ulos] [nio-8080-exec-5] o.s.web.servlet.DispatcherServlet        : GET "/api/master/portfolio-lookups?masterType=company_activity_type&includeInactive=true", parameters={masked}
2026-04-12T10:11:15.489+07:00 DEBUG 8612 --- [ulos] [nio-8080-exec-5] s.w.s.m.m.a.RequestMappingHandlerMapping : Mapped to com.enterprise.ulos.los.controller.MasterDataController#portfolioLookups(String, boolean)
2026-04-12T10:11:15.489+07:00 DEBUG 8612 --- [ulos] [nio-8080-exec-8] org.hibernate.SQL                        : update los_auth_token set created_at=?,expires_at=?,issued_at=?,last_accessed_at=?,revoked_flag=?,token_value=?,updated_at=?,user_id=? where id=?
2026-04-12T10:11:15.491+07:00 DEBUG 8612 --- [ulos] [nio-8080-exec-5] org.hibernate.SQL                        : select mple1_0.id,mple1_0.active_flag,mple1_0.created_at,mple1_0.description,mple1_0.extra_json,mple1_0.item_code,mple1_0.item_name,mple1_0.legacy_code,mple1_0.master_type,mple1_0.sort_order,mple1_0.updated_at from los_master_portfolio_lookup mple1_0 where upper(mple1_0.master_type)=upper(?) order by mple1_0.sort_order,mple1_0.item_name
2026-04-12T10:11:15.495+07:00 DEBUG 8612 --- [ulos] [nio-8080-exec-5] m.m.a.RequestResponseBodyMethodProcessor : Using 'application/json', given [*/*] and supported [application/json, application/*+json]
2026-04-12T10:11:15.496+07:00 DEBUG 8612 --- [ulos] [nio-8080-exec-5] m.m.a.RequestResponseBodyMethodProcessor : Writing [[PortfolioLookupResponse[masterType=company_activity_type, code=TRADING, name=Trading, legacyCode=TR (truncated)...]
2026-04-12T10:11:15.497+07:00 DEBUG 8612 --- [ulos] [nio-8080-exec-5] o.s.web.servlet.DispatcherServlet        : Completed 200 OK
2026-04-12T10:11:15.499+07:00 DEBUG 8612 --- [ulos] [nio-8080-exec-6] o.s.web.servlet.DispatcherServlet        : GET "/api/master/portfolio-lookups?masterType=debtor_type&includeInactive=true", parameters={masked}
2026-04-12T10:11:15.499+07:00 DEBUG 8612 --- [ulos] [nio-8080-exec-6] s.w.s.m.m.a.RequestMappingHandlerMapping : Mapped to com.enterprise.ulos.los.controller.MasterDataController#portfolioLookups(String, boolean)
2026-04-12T10:11:15.500+07:00 DEBUG 8612 --- [ulos] [nio-8080-exec-7] org.hibernate.SQL                        : select ate1_0.id,ate1_0.created_at,ate1_0.expires_at,ate1_0.issued_at,ate1_0.last_accessed_at,ate1_0.revoked_flag,ate1_0.token_value,ate1_0.updated_at,ate1_0.user_id from los_auth_token ate1_0 where ate1_0.token_value=? and not(ate1_0.revoked_flag)
2026-04-12T10:11:15.500+07:00 DEBUG 8612 --- [ulos] [nio-8080-exec-7] org.hibernate.SQL                        : select ue1_0.id,ue1_0.active_flag,ue1_0.created_at,ue1_0.email,ue1_0.full_name,ue1_0.last_login_at,ue1_0.password_hash,r1_0.user_id,r1_1.id,r1_1.active_flag,r1_1.created_at,r1_1.description,r1_1.role_code,r1_1.role_name,r1_1.updated_at,ue1_0.updated_at,ue1_0.username from los_user ue1_0 left join los_user_role r1_0 on ue1_0.id=r1_0.user_id left join los_role r1_1 on r1_1.id=r1_0.role_id where ue1_0.id=?
2026-04-12T10:11:15.502+07:00 DEBUG 8612 --- [ulos] [nio-8080-exec-6] org.hibernate.SQL                        : select mple1_0.id,mple1_0.active_flag,mple1_0.created_at,mple1_0.description,mple1_0.extra_json,mple1_0.item_code,mple1_0.item_name,mple1_0.legacy_code,mple1_0.master_type,mple1_0.sort_order,mple1_0.updated_at from los_master_portfolio_lookup mple1_0 where upper(mple1_0.master_type)=upper(?) order by mple1_0.sort_order,mple1_0.item_name
2026-04-12T10:11:15.503+07:00 DEBUG 8612 --- [ulos] [nio-8080-exec-7] org.hibernate.SQL                        : update los_auth_token set created_at=?,expires_at=?,issued_at=?,last_accessed_at=?,revoked_flag=?,token_value=?,updated_at=?,user_id=? where id=?
2026-04-12T10:11:15.505+07:00 DEBUG 8612 --- [ulos] [nio-8080-exec-6] m.m.a.RequestResponseBodyMethodProcessor : Using 'application/json', given [*/*] and supported [application/json, application/*+json]
2026-04-12T10:11:15.505+07:00 DEBUG 8612 --- [ulos] [nio-8080-exec-6] m.m.a.RequestResponseBodyMethodProcessor : Writing [[PortfolioLookupResponse[masterType=debtor_type, code=NEW, name=New, legacyCode=NEW, sortOrder=1, ac (truncated)...]
2026-04-12T10:11:15.506+07:00 DEBUG 8612 --- [ulos] [nio-8080-exec-6] o.s.web.servlet.DispatcherServlet        : Completed 200 OK
2026-04-12T10:11:15.512+07:00 DEBUG 8612 --- [ulos] [nio-8080-exec-8] o.s.web.servlet.DispatcherServlet        : GET "/api/master/portfolio-lookups?masterType=referral_source&includeInactive=true", parameters={masked}
2026-04-12T10:11:15.512+07:00 DEBUG 8612 --- [ulos] [nio-8080-exec-8] s.w.s.m.m.a.RequestMappingHandlerMapping : Mapped to com.enterprise.ulos.los.controller.MasterDataController#portfolioLookups(String, boolean)
2026-04-12T10:11:15.513+07:00 DEBUG 8612 --- [ulos] [nio-8080-exec-9] org.hibernate.SQL                        : select ate1_0.id,ate1_0.created_at,ate1_0.expires_at,ate1_0.issued_at,ate1_0.last_accessed_at,ate1_0.revoked_flag,ate1_0.token_value,ate1_0.updated_at,ate1_0.user_id from los_auth_token ate1_0 where ate1_0.token_value=? and not(ate1_0.revoked_flag)
2026-04-12T10:11:15.515+07:00 DEBUG 8612 --- [ulos] [nio-8080-exec-9] org.hibernate.SQL                        : select ue1_0.id,ue1_0.active_flag,ue1_0.created_at,ue1_0.email,ue1_0.full_name,ue1_0.last_login_at,ue1_0.password_hash,r1_0.user_id,r1_1.id,r1_1.active_flag,r1_1.created_at,r1_1.description,r1_1.role_code,r1_1.role_name,r1_1.updated_at,ue1_0.updated_at,ue1_0.username from los_user ue1_0 left join los_user_role r1_0 on ue1_0.id=r1_0.user_id left join los_role r1_1 on r1_1.id=r1_0.role_id where ue1_0.id=?
2026-04-12T10:11:15.516+07:00 DEBUG 8612 --- [ulos] [nio-8080-exec-8] org.hibernate.SQL                        : select mple1_0.id,mple1_0.active_flag,mple1_0.created_at,mple1_0.description,mple1_0.extra_json,mple1_0.item_code,mple1_0.item_name,mple1_0.legacy_code,mple1_0.master_type,mple1_0.sort_order,mple1_0.updated_at from los_master_portfolio_lookup mple1_0 where upper(mple1_0.master_type)=upper(?) order by mple1_0.sort_order,mple1_0.item_name
2026-04-12T10:11:15.517+07:00 DEBUG 8612 --- [ulos] [nio-8080-exec-9] org.hibernate.SQL                        : update los_auth_token set created_at=?,expires_at=?,issued_at=?,last_accessed_at=?,revoked_flag=?,token_value=?,updated_at=?,user_id=? where id=?
2026-04-12T10:11:15.519+07:00 DEBUG 8612 --- [ulos] [io-8080-exec-10] org.hibernate.SQL                        : select ate1_0.id,ate1_0.created_at,ate1_0.expires_at,ate1_0.issued_at,ate1_0.last_accessed_at,ate1_0.revoked_flag,ate1_0.token_value,ate1_0.updated_at,ate1_0.user_id from los_auth_token ate1_0 where ate1_0.token_value=? and not(ate1_0.revoked_flag)
2026-04-12T10:11:15.519+07:00 DEBUG 8612 --- [ulos] [nio-8080-exec-8] m.m.a.RequestResponseBodyMethodProcessor : Using 'application/json', given [*/*] and supported [application/json, application/*+json]
2026-04-12T10:11:15.520+07:00 DEBUG 8612 --- [ulos] [nio-8080-exec-8] m.m.a.RequestResponseBodyMethodProcessor : Writing [[PortfolioLookupResponse[masterType=referral_source, code=INTERNAL, name=Internal, legacyCode=INT, s (truncated)...]
2026-04-12T10:11:15.520+07:00 DEBUG 8612 --- [ulos] [nio-8080-exec-8] o.s.web.servlet.DispatcherServlet        : Completed 200 OK
2026-04-12T10:11:15.522+07:00 DEBUG 8612 --- [ulos] [io-8080-exec-10] org.hibernate.SQL                        : select ue1_0.id,ue1_0.active_flag,ue1_0.created_at,ue1_0.email,ue1_0.full_name,ue1_0.last_login_at,ue1_0.password_hash,r1_0.user_id,r1_1.id,r1_1.active_flag,r1_1.created_at,r1_1.description,r1_1.role_code,r1_1.role_name,r1_1.updated_at,ue1_0.updated_at,ue1_0.username from los_user ue1_0 left join los_user_role r1_0 on ue1_0.id=r1_0.user_id left join los_role r1_1 on r1_1.id=r1_0.role_id where ue1_0.id=?
2026-04-12T10:11:15.525+07:00 DEBUG 8612 --- [ulos] [io-8080-exec-10] org.hibernate.SQL                        : update los_auth_token set created_at=?,expires_at=?,issued_at=?,last_accessed_at=?,revoked_flag=?,token_value=?,updated_at=?,user_id=? where id=?
2026-04-12T10:11:15.532+07:00 DEBUG 8612 --- [ulos] [nio-8080-exec-7] o.s.web.servlet.DispatcherServlet        : GET "/api/master/portfolio-lookups?masterType=referral_region&includeInactive=true", parameters={masked}
2026-04-12T10:11:15.532+07:00 DEBUG 8612 --- [ulos] [nio-8080-exec-7] s.w.s.m.m.a.RequestMappingHandlerMapping : Mapped to com.enterprise.ulos.los.controller.MasterDataController#portfolioLookups(String, boolean)
2026-04-12T10:11:15.535+07:00 DEBUG 8612 --- [ulos] [nio-8080-exec-2] org.hibernate.SQL                        : select ate1_0.id,ate1_0.created_at,ate1_0.expires_at,ate1_0.issued_at,ate1_0.last_accessed_at,ate1_0.revoked_flag,ate1_0.token_value,ate1_0.updated_at,ate1_0.user_id from los_auth_token ate1_0 where ate1_0.token_value=? and not(ate1_0.revoked_flag)
2026-04-12T10:11:15.535+07:00 DEBUG 8612 --- [ulos] [nio-8080-exec-7] org.hibernate.SQL                        : select mple1_0.id,mple1_0.active_flag,mple1_0.created_at,mple1_0.description,mple1_0.extra_json,mple1_0.item_code,mple1_0.item_name,mple1_0.legacy_code,mple1_0.master_type,mple1_0.sort_order,mple1_0.updated_at from los_master_portfolio_lookup mple1_0 where upper(mple1_0.master_type)=upper(?) order by mple1_0.sort_order,mple1_0.item_name
2026-04-12T10:11:15.536+07:00 DEBUG 8612 --- [ulos] [nio-8080-exec-2] org.hibernate.SQL                        : select ue1_0.id,ue1_0.active_flag,ue1_0.created_at,ue1_0.email,ue1_0.full_name,ue1_0.last_login_at,ue1_0.password_hash,r1_0.user_id,r1_1.id,r1_1.active_flag,r1_1.created_at,r1_1.description,r1_1.role_code,r1_1.role_name,r1_1.updated_at,ue1_0.updated_at,ue1_0.username from los_user ue1_0 left join los_user_role r1_0 on ue1_0.id=r1_0.user_id left join los_role r1_1 on r1_1.id=r1_0.role_id where ue1_0.id=?
2026-04-12T10:11:15.538+07:00 DEBUG 8612 --- [ulos] [nio-8080-exec-7] m.m.a.RequestResponseBodyMethodProcessor : Using 'application/json', given [*/*] and supported [application/json, application/*+json]
2026-04-12T10:11:15.538+07:00 DEBUG 8612 --- [ulos] [nio-8080-exec-2] org.hibernate.SQL                        : update los_auth_token set created_at=?,expires_at=?,issued_at=?,last_accessed_at=?,revoked_flag=?,token_value=?,updated_at=?,user_id=? where id=?
2026-04-12T10:11:15.539+07:00 DEBUG 8612 --- [ulos] [nio-8080-exec-7] m.m.a.RequestResponseBodyMethodProcessor : Writing [[PortfolioLookupResponse[masterType=referral_region, code=JAKARTA_RAYA, name=Jakarta Raya, legacyCod (truncated)...]
2026-04-12T10:11:15.539+07:00 DEBUG 8612 --- [ulos] [nio-8080-exec-7] o.s.web.servlet.DispatcherServlet        : Completed 200 OK
2026-04-12T10:11:15.545+07:00 DEBUG 8612 --- [ulos] [nio-8080-exec-1] org.hibernate.SQL                        : select ate1_0.id,ate1_0.created_at,ate1_0.expires_at,ate1_0.issued_at,ate1_0.last_accessed_at,ate1_0.revoked_flag,ate1_0.token_value,ate1_0.updated_at,ate1_0.user_id from los_auth_token ate1_0 where ate1_0.token_value=? and not(ate1_0.revoked_flag)
2026-04-12T10:11:15.547+07:00 DEBUG 8612 --- [ulos] [nio-8080-exec-1] org.hibernate.SQL                        : select ue1_0.id,ue1_0.active_flag,ue1_0.created_at,ue1_0.email,ue1_0.full_name,ue1_0.last_login_at,ue1_0.password_hash,r1_0.user_id,r1_1.id,r1_1.active_flag,r1_1.created_at,r1_1.description,r1_1.role_code,r1_1.role_name,r1_1.updated_at,ue1_0.updated_at,ue1_0.username from los_user ue1_0 left join los_user_role r1_0 on ue1_0.id=r1_0.user_id left join los_role r1_1 on r1_1.id=r1_0.role_id where ue1_0.id=?
2026-04-12T10:11:15.549+07:00 DEBUG 8612 --- [ulos] [nio-8080-exec-1] org.hibernate.SQL                        : update los_auth_token set created_at=?,expires_at=?,issued_at=?,last_accessed_at=?,revoked_flag=?,token_value=?,updated_at=?,user_id=? where id=?
2026-04-12T10:11:15.556+07:00 DEBUG 8612 --- [ulos] [nio-8080-exec-4] org.hibernate.SQL                        : select ate1_0.id,ate1_0.created_at,ate1_0.expires_at,ate1_0.issued_at,ate1_0.last_accessed_at,ate1_0.revoked_flag,ate1_0.token_value,ate1_0.updated_at,ate1_0.user_id from los_auth_token ate1_0 where ate1_0.token_value=? and not(ate1_0.revoked_flag)
2026-04-12T10:11:15.558+07:00 DEBUG 8612 --- [ulos] [nio-8080-exec-4] org.hibernate.SQL                        : select ue1_0.id,ue1_0.active_flag,ue1_0.created_at,ue1_0.email,ue1_0.full_name,ue1_0.last_login_at,ue1_0.password_hash,r1_0.user_id,r1_1.id,r1_1.active_flag,r1_1.created_at,r1_1.description,r1_1.role_code,r1_1.role_name,r1_1.updated_at,ue1_0.updated_at,ue1_0.username from los_user ue1_0 left join los_user_role r1_0 on ue1_0.id=r1_0.user_id left join los_role r1_1 on r1_1.id=r1_0.role_id where ue1_0.id=?
2026-04-12T10:11:15.560+07:00 DEBUG 8612 --- [ulos] [nio-8080-exec-4] org.hibernate.SQL                        : update los_auth_token set created_at=?,expires_at=?,issued_at=?,last_accessed_at=?,revoked_flag=?,token_value=?,updated_at=?,user_id=? where id=?
2026-04-12T10:11:15.563+07:00 DEBUG 8612 --- [ulos] [nio-8080-exec-3] org.hibernate.SQL                        : select ate1_0.id,ate1_0.created_at,ate1_0.expires_at,ate1_0.issued_at,ate1_0.last_accessed_at,ate1_0.revoked_flag,ate1_0.token_value,ate1_0.updated_at,ate1_0.user_id from los_auth_token ate1_0 where ate1_0.token_value=? and not(ate1_0.revoked_flag)
2026-04-12T10:11:15.571+07:00 DEBUG 8612 --- [ulos] [nio-8080-exec-3] org.hibernate.SQL                        : select ue1_0.id,ue1_0.active_flag,ue1_0.created_at,ue1_0.email,ue1_0.full_name,ue1_0.last_login_at,ue1_0.password_hash,r1_0.user_id,r1_1.id,r1_1.active_flag,r1_1.created_at,r1_1.description,r1_1.role_code,r1_1.role_name,r1_1.updated_at,ue1_0.updated_at,ue1_0.username from los_user ue1_0 left join los_user_role r1_0 on ue1_0.id=r1_0.user_id left join los_role r1_1 on r1_1.id=r1_0.role_id where ue1_0.id=?
2026-04-12T10:11:15.578+07:00 DEBUG 8612 --- [ulos] [nio-8080-exec-3] org.hibernate.SQL                        : update los_auth_token set created_at=?,expires_at=?,issued_at=?,last_accessed_at=?,revoked_flag=?,token_value=?,updated_at=?,user_id=? where id=?
2026-04-12T10:11:15.676+07:00 DEBUG 8612 --- [ulos] [nio-8080-exec-9] o.s.web.servlet.DispatcherServlet        : GET "/api/master/portfolio-lookups?masterType=banking_relationship_type&includeInactive=true", parameters={masked}
2026-04-12T10:11:15.676+07:00 DEBUG 8612 --- [ulos] [nio-8080-exec-9] s.w.s.m.m.a.RequestMappingHandlerMapping : Mapped to com.enterprise.ulos.los.controller.MasterDataController#portfolioLookups(String, boolean)
2026-04-12T10:11:15.680+07:00 DEBUG 8612 --- [ulos] [nio-8080-exec-9] org.hibernate.SQL                        : select mple1_0.id,mple1_0.active_flag,mple1_0.created_at,mple1_0.description,mple1_0.extra_json,mple1_0.item_code,mple1_0.item_name,mple1_0.legacy_code,mple1_0.master_type,mple1_0.sort_order,mple1_0.updated_at from los_master_portfolio_lookup mple1_0 where upper(mple1_0.master_type)=upper(?) order by mple1_0.sort_order,mple1_0.item_name
2026-04-12T10:11:15.685+07:00 DEBUG 8612 --- [ulos] [nio-8080-exec-9] m.m.a.RequestResponseBodyMethodProcessor : Using 'application/json', given [*/*] and supported [application/json, application/*+json]
2026-04-12T10:11:15.686+07:00 DEBUG 8612 --- [ulos] [nio-8080-exec-9] m.m.a.RequestResponseBodyMethodProcessor : Writing [[PortfolioLookupResponse[masterType=banking_relationship_type, code=NEW, name=New, legacyCode=NEW, s (truncated)...]
2026-04-12T10:11:15.687+07:00 DEBUG 8612 --- [ulos] [nio-8080-exec-9] o.s.web.servlet.DispatcherServlet        : Completed 200 OK
2026-04-12T10:11:15.699+07:00 DEBUG 8612 --- [ulos] [io-8080-exec-10] o.s.web.servlet.DispatcherServlet        : GET "/api/master/portfolio-lookups?masterType=rating_behavior&includeInactive=true", parameters={masked}
2026-04-12T10:11:15.699+07:00 DEBUG 8612 --- [ulos] [io-8080-exec-10] s.w.s.m.m.a.RequestMappingHandlerMapping : Mapped to com.enterprise.ulos.los.controller.MasterDataController#portfolioLookups(String, boolean)
2026-04-12T10:11:15.703+07:00 DEBUG 8612 --- [ulos] [io-8080-exec-10] org.hibernate.SQL                        : select mple1_0.id,mple1_0.active_flag,mple1_0.created_at,mple1_0.description,mple1_0.extra_json,mple1_0.item_code,mple1_0.item_name,mple1_0.legacy_code,mple1_0.master_type,mple1_0.sort_order,mple1_0.updated_at from los_master_portfolio_lookup mple1_0 where upper(mple1_0.master_type)=upper(?) order by mple1_0.sort_order,mple1_0.item_name
2026-04-12T10:11:15.707+07:00 DEBUG 8612 --- [ulos] [io-8080-exec-10] m.m.a.RequestResponseBodyMethodProcessor : Using 'application/json', given [*/*] and supported [application/json, application/*+json]
2026-04-12T10:11:15.707+07:00 DEBUG 8612 --- [ulos] [io-8080-exec-10] m.m.a.RequestResponseBodyMethodProcessor : Writing [[PortfolioLookupResponse[masterType=rating_behavior, code=IMPROVING, name=Improving, legacyCode=IMP, (truncated)...]
2026-04-12T10:11:15.707+07:00 DEBUG 8612 --- [ulos] [io-8080-exec-10] o.s.web.servlet.DispatcherServlet        : Completed 200 OK
2026-04-12T10:11:15.720+07:00 DEBUG 8612 --- [ulos] [nio-8080-exec-2] o.s.web.servlet.DispatcherServlet        : GET "/api/master/portfolio-lookups?masterType=prospecting_outcome&includeInactive=true", parameters={masked}
2026-04-12T10:11:15.720+07:00 DEBUG 8612 --- [ulos] [nio-8080-exec-2] s.w.s.m.m.a.RequestMappingHandlerMapping : Mapped to com.enterprise.ulos.los.controller.MasterDataController#portfolioLookups(String, boolean)
2026-04-12T10:11:15.724+07:00 DEBUG 8612 --- [ulos] [nio-8080-exec-2] org.hibernate.SQL                        : select mple1_0.id,mple1_0.active_flag,mple1_0.created_at,mple1_0.description,mple1_0.extra_json,mple1_0.item_code,mple1_0.item_name,mple1_0.legacy_code,mple1_0.master_type,mple1_0.sort_order,mple1_0.updated_at from los_master_portfolio_lookup mple1_0 where upper(mple1_0.master_type)=upper(?) order by mple1_0.sort_order,mple1_0.item_name
2026-04-12T10:11:15.727+07:00 DEBUG 8612 --- [ulos] [nio-8080-exec-2] m.m.a.RequestResponseBodyMethodProcessor : Using 'application/json', given [*/*] and supported [application/json, application/*+json]
2026-04-12T10:11:15.728+07:00 DEBUG 8612 --- [ulos] [nio-8080-exec-2] m.m.a.RequestResponseBodyMethodProcessor : Writing [[PortfolioLookupResponse[masterType=prospecting_outcome, code=INTERESTED, name=Interested, legacyCod (truncated)...]
2026-04-12T10:11:15.728+07:00 DEBUG 8612 --- [ulos] [nio-8080-exec-2] o.s.web.servlet.DispatcherServlet        : Completed 200 OK
2026-04-12T10:11:15.729+07:00 DEBUG 8612 --- [ulos] [nio-8080-exec-1] o.s.web.servlet.DispatcherServlet        : GET "/api/master/portfolio-lookups?masterType=sub_region&includeInactive=true", parameters={masked}
2026-04-12T10:11:15.729+07:00 DEBUG 8612 --- [ulos] [nio-8080-exec-1] s.w.s.m.m.a.RequestMappingHandlerMapping : Mapped to com.enterprise.ulos.los.controller.MasterDataController#portfolioLookups(String, boolean)
2026-04-12T10:11:15.732+07:00 DEBUG 8612 --- [ulos] [nio-8080-exec-1] org.hibernate.SQL                        : select mple1_0.id,mple1_0.active_flag,mple1_0.created_at,mple1_0.description,mple1_0.extra_json,mple1_0.item_code,mple1_0.item_name,mple1_0.legacy_code,mple1_0.master_type,mple1_0.sort_order,mple1_0.updated_at from los_master_portfolio_lookup mple1_0 where upper(mple1_0.master_type)=upper(?) order by mple1_0.sort_order,mple1_0.item_name
2026-04-12T10:11:15.738+07:00 DEBUG 8612 --- [ulos] [nio-8080-exec-1] m.m.a.RequestResponseBodyMethodProcessor : Using 'application/json', given [*/*] and supported [application/json, application/*+json]
2026-04-12T10:11:15.738+07:00 DEBUG 8612 --- [ulos] [nio-8080-exec-1] m.m.a.RequestResponseBodyMethodProcessor : Writing [[PortfolioLookupResponse[masterType=sub_region, code=ASEAN, name=ASEAN, legacyCode=ASN, sortOrder=1, (truncated)...]
2026-04-12T10:11:15.738+07:00 DEBUG 8612 --- [ulos] [nio-8080-exec-1] o.s.web.servlet.DispatcherServlet        : Completed 200 OK
2026-04-12T10:11:15.771+07:00 DEBUG 8612 --- [ulos] [nio-8080-exec-4] o.s.web.servlet.DispatcherServlet        : GET "/api/master/portfolio-lookups?masterType=continent&includeInactive=true", parameters={masked}
2026-04-12T10:11:15.772+07:00 DEBUG 8612 --- [ulos] [nio-8080-exec-4] s.w.s.m.m.a.RequestMappingHandlerMapping : Mapped to com.enterprise.ulos.los.controller.MasterDataController#portfolioLookups(String, boolean)
2026-04-12T10:11:15.775+07:00 DEBUG 8612 --- [ulos] [nio-8080-exec-4] org.hibernate.SQL                        : select mple1_0.id,mple1_0.active_flag,mple1_0.created_at,mple1_0.description,mple1_0.extra_json,mple1_0.item_code,mple1_0.item_name,mple1_0.legacy_code,mple1_0.master_type,mple1_0.sort_order,mple1_0.updated_at from los_master_portfolio_lookup mple1_0 where upper(mple1_0.master_type)=upper(?) order by mple1_0.sort_order,mple1_0.item_name
2026-04-12T10:11:15.775+07:00 DEBUG 8612 --- [ulos] [nio-8080-exec-4] m.m.a.RequestResponseBodyMethodProcessor : Using 'application/json', given [*/*] and supported [application/json, application/*+json]
2026-04-12T10:11:15.775+07:00 DEBUG 8612 --- [ulos] [nio-8080-exec-4] m.m.a.RequestResponseBodyMethodProcessor : Writing [[PortfolioLookupResponse[masterType=continent, code=ASIA, name=Asia, legacyCode=AS, sortOrder=1, act (truncated)...]
2026-04-12T10:11:15.775+07:00 DEBUG 8612 --- [ulos] [nio-8080-exec-4] o.s.web.servlet.DispatcherServlet        : Completed 200 OK
2026-04-12T10:11:15.793+07:00 DEBUG 8612 --- [ulos] [nio-8080-exec-3] o.s.web.servlet.DispatcherServlet        : GET "/api/master/portfolio-lookups?masterType=address_type&includeInactive=true", parameters={masked}
2026-04-12T10:11:15.793+07:00 DEBUG 8612 --- [ulos] [nio-8080-exec-3] s.w.s.m.m.a.RequestMappingHandlerMapping : Mapped to com.enterprise.ulos.los.controller.MasterDataController#portfolioLookups(String, boolean)
2026-04-12T10:11:15.796+07:00 DEBUG 8612 --- [ulos] [nio-8080-exec-3] org.hibernate.SQL                        : select mple1_0.id,mple1_0.active_flag,mple1_0.created_at,mple1_0.description,mple1_0.extra_json,mple1_0.item_code,mple1_0.item_name,mple1_0.legacy_code,mple1_0.master_type,mple1_0.sort_order,mple1_0.updated_at from los_master_portfolio_lookup mple1_0 where upper(mple1_0.master_type)=upper(?) order by mple1_0.sort_order,mple1_0.item_name
2026-04-12T10:11:15.801+07:00 DEBUG 8612 --- [ulos] [nio-8080-exec-3] m.m.a.RequestResponseBodyMethodProcessor : Using 'application/json', given [*/*] and supported [application/json, application/*+json]
2026-04-12T10:11:15.802+07:00 DEBUG 8612 --- [ulos] [nio-8080-exec-3] m.m.a.RequestResponseBodyMethodProcessor : Writing [[PortfolioLookupResponse[masterType=address_type, code=BUSINESS_ADDRESS, name=Business Address, lega (truncated)...]
2026-04-12T10:11:15.803+07:00 DEBUG 8612 --- [ulos] [nio-8080-exec-3] o.s.web.servlet.DispatcherServlet        : Completed 200 OK
2026-04-12T10:11:18.094+07:00 DEBUG 8612 --- [ulos] [nio-8080-exec-6] org.hibernate.SQL                        : select ate1_0.id,ate1_0.created_at,ate1_0.expires_at,ate1_0.issued_at,ate1_0.last_accessed_at,ate1_0.revoked_flag,ate1_0.token_value,ate1_0.updated_at,ate1_0.user_id from los_auth_token ate1_0 where ate1_0.token_value=? and not(ate1_0.revoked_flag)
2026-04-12T10:11:18.096+07:00 DEBUG 8612 --- [ulos] [nio-8080-exec-6] org.hibernate.SQL                        : select ue1_0.id,ue1_0.active_flag,ue1_0.created_at,ue1_0.email,ue1_0.full_name,ue1_0.last_login_at,ue1_0.password_hash,r1_0.user_id,r1_1.id,r1_1.active_flag,r1_1.created_at,r1_1.description,r1_1.role_code,r1_1.role_name,r1_1.updated_at,ue1_0.updated_at,ue1_0.username from los_user ue1_0 left join los_user_role r1_0 on ue1_0.id=r1_0.user_id left join los_role r1_1 on r1_1.id=r1_0.role_id where ue1_0.id=?
2026-04-12T10:11:18.099+07:00 DEBUG 8612 --- [ulos] [nio-8080-exec-6] org.hibernate.SQL                        : update los_auth_token set created_at=?,expires_at=?,issued_at=?,last_accessed_at=?,revoked_flag=?,token_value=?,updated_at=?,user_id=? where id=?
2026-04-12T10:11:18.100+07:00 DEBUG 8612 --- [ulos] [nio-8080-exec-5] org.hibernate.SQL                        : select ate1_0.id,ate1_0.created_at,ate1_0.expires_at,ate1_0.issued_at,ate1_0.last_accessed_at,ate1_0.revoked_flag,ate1_0.token_value,ate1_0.updated_at,ate1_0.user_id from los_auth_token ate1_0 where ate1_0.token_value=? and not(ate1_0.revoked_flag)
2026-04-12T10:11:18.102+07:00 DEBUG 8612 --- [ulos] [nio-8080-exec-5] org.hibernate.SQL                        : select ue1_0.id,ue1_0.active_flag,ue1_0.created_at,ue1_0.email,ue1_0.full_name,ue1_0.last_login_at,ue1_0.password_hash,r1_0.user_id,r1_1.id,r1_1.active_flag,r1_1.created_at,r1_1.description,r1_1.role_code,r1_1.role_name,r1_1.updated_at,ue1_0.updated_at,ue1_0.username from los_user ue1_0 left join los_user_role r1_0 on ue1_0.id=r1_0.user_id left join los_role r1_1 on r1_1.id=r1_0.role_id where ue1_0.id=?
2026-04-12T10:11:18.104+07:00 DEBUG 8612 --- [ulos] [nio-8080-exec-5] org.hibernate.SQL                        : update los_auth_token set created_at=?,expires_at=?,issued_at=?,last_accessed_at=?,revoked_flag=?,token_value=?,updated_at=?,user_id=? where id=?
2026-04-12T10:11:18.111+07:00 DEBUG 8612 --- [ulos] [nio-8080-exec-8] org.hibernate.SQL                        : select ate1_0.id,ate1_0.created_at,ate1_0.expires_at,ate1_0.issued_at,ate1_0.last_accessed_at,ate1_0.revoked_flag,ate1_0.token_value,ate1_0.updated_at,ate1_0.user_id from los_auth_token ate1_0 where ate1_0.token_value=? and not(ate1_0.revoked_flag)
2026-04-12T10:11:18.113+07:00 DEBUG 8612 --- [ulos] [nio-8080-exec-8] org.hibernate.SQL                        : select ue1_0.id,ue1_0.active_flag,ue1_0.created_at,ue1_0.email,ue1_0.full_name,ue1_0.last_login_at,ue1_0.password_hash,r1_0.user_id,r1_1.id,r1_1.active_flag,r1_1.created_at,r1_1.description,r1_1.role_code,r1_1.role_name,r1_1.updated_at,ue1_0.updated_at,ue1_0.username from los_user ue1_0 left join los_user_role r1_0 on ue1_0.id=r1_0.user_id left join los_role r1_1 on r1_1.id=r1_0.role_id where ue1_0.id=?
2026-04-12T10:11:18.118+07:00 DEBUG 8612 --- [ulos] [nio-8080-exec-6] o.s.web.servlet.DispatcherServlet        : GET "/api/master/portfolio-lookups?masterType=village&includeInactive=true", parameters={masked}
2026-04-12T10:11:18.119+07:00 DEBUG 8612 --- [ulos] [nio-8080-exec-6] s.w.s.m.m.a.RequestMappingHandlerMapping : Mapped to com.enterprise.ulos.los.controller.MasterDataController#portfolioLookups(String, boolean)
2026-04-12T10:11:18.119+07:00 DEBUG 8612 --- [ulos] [nio-8080-exec-8] org.hibernate.SQL                        : update los_auth_token set created_at=?,expires_at=?,issued_at=?,last_accessed_at=?,revoked_flag=?,token_value=?,updated_at=?,user_id=? where id=?
2026-04-12T10:11:18.122+07:00 DEBUG 8612 --- [ulos] [nio-8080-exec-6] org.hibernate.SQL                        : select mple1_0.id,mple1_0.active_flag,mple1_0.created_at,mple1_0.description,mple1_0.extra_json,mple1_0.item_code,mple1_0.item_name,mple1_0.legacy_code,mple1_0.master_type,mple1_0.sort_order,mple1_0.updated_at from los_master_portfolio_lookup mple1_0 where upper(mple1_0.master_type)=upper(?) order by mple1_0.sort_order,mple1_0.item_name
2026-04-12T10:11:18.125+07:00 DEBUG 8612 --- [ulos] [nio-8080-exec-6] m.m.a.RequestResponseBodyMethodProcessor : Using 'application/json', given [*/*] and supported [application/json, application/*+json]
2026-04-12T10:11:18.126+07:00 DEBUG 8612 --- [ulos] [nio-8080-exec-6] m.m.a.RequestResponseBodyMethodProcessor : Writing [[PortfolioLookupResponse[masterType=village, code=KEBON_SIRIH, name=Kebon Sirih, legacyCode=KBS, sor (truncated)...]
2026-04-12T10:11:18.127+07:00 DEBUG 8612 --- [ulos] [nio-8080-exec-6] o.s.web.servlet.DispatcherServlet        : Completed 200 OK
2026-04-12T10:11:18.142+07:00 DEBUG 8612 --- [ulos] [nio-8080-exec-5] o.s.web.servlet.DispatcherServlet        : GET "/api/master/portfolio-lookups?masterType=district&includeInactive=true", parameters={masked}
2026-04-12T10:11:18.142+07:00 DEBUG 8612 --- [ulos] [nio-8080-exec-5] s.w.s.m.m.a.RequestMappingHandlerMapping : Mapped to com.enterprise.ulos.los.controller.MasterDataController#portfolioLookups(String, boolean)
2026-04-12T10:11:18.145+07:00 DEBUG 8612 --- [ulos] [nio-8080-exec-5] org.hibernate.SQL                        : select mple1_0.id,mple1_0.active_flag,mple1_0.created_at,mple1_0.description,mple1_0.extra_json,mple1_0.item_code,mple1_0.item_name,mple1_0.legacy_code,mple1_0.master_type,mple1_0.sort_order,mple1_0.updated_at from los_master_portfolio_lookup mple1_0 where upper(mple1_0.master_type)=upper(?) order by mple1_0.sort_order,mple1_0.item_name
2026-04-12T10:11:18.148+07:00 DEBUG 8612 --- [ulos] [nio-8080-exec-5] m.m.a.RequestResponseBodyMethodProcessor : Using 'application/json', given [*/*] and supported [application/json, application/*+json]
2026-04-12T10:11:18.149+07:00 DEBUG 8612 --- [ulos] [nio-8080-exec-5] m.m.a.RequestResponseBodyMethodProcessor : Writing [[PortfolioLookupResponse[masterType=district, code=MENTENG, name=Menteng, legacyCode=MTG, sortOrder= (truncated)...]
2026-04-12T10:11:18.150+07:00 DEBUG 8612 --- [ulos] [nio-8080-exec-5] o.s.web.servlet.DispatcherServlet        : Completed 200 OK
2026-04-12T10:11:18.172+07:00 DEBUG 8612 --- [ulos] [nio-8080-exec-8] o.s.web.servlet.DispatcherServlet        : GET "/api/master/portfolio-lookups?masterType=province&includeInactive=true", parameters={masked}
2026-04-12T10:11:18.173+07:00 DEBUG 8612 --- [ulos] [nio-8080-exec-8] s.w.s.m.m.a.RequestMappingHandlerMapping : Mapped to com.enterprise.ulos.los.controller.MasterDataController#portfolioLookups(String, boolean)
2026-04-12T10:11:18.175+07:00 DEBUG 8612 --- [ulos] [nio-8080-exec-8] org.hibernate.SQL                        : select mple1_0.id,mple1_0.active_flag,mple1_0.created_at,mple1_0.description,mple1_0.extra_json,mple1_0.item_code,mple1_0.item_name,mple1_0.legacy_code,mple1_0.master_type,mple1_0.sort_order,mple1_0.updated_at from los_master_portfolio_lookup mple1_0 where upper(mple1_0.master_type)=upper(?) order by mple1_0.sort_order,mple1_0.item_name
2026-04-12T10:11:18.179+07:00 DEBUG 8612 --- [ulos] [nio-8080-exec-8] m.m.a.RequestResponseBodyMethodProcessor : Using 'application/json', given [*/*] and supported [application/json, application/*+json]
2026-04-12T10:11:18.179+07:00 DEBUG 8612 --- [ulos] [nio-8080-exec-8] m.m.a.RequestResponseBodyMethodProcessor : Writing [[PortfolioLookupResponse[masterType=province, code=DKI_JAKARTA, name=DKI Jakarta, legacyCode=JKT, so (truncated)...]
2026-04-12T10:11:18.180+07:00 DEBUG 8612 --- [ulos] [nio-8080-exec-8] o.s.web.servlet.DispatcherServlet        : Completed 200 OK
2026-04-12T10:11:18.227+07:00 DEBUG 8612 --- [ulos] [nio-8080-exec-7] org.hibernate.SQL                        : select ate1_0.id,ate1_0.created_at,ate1_0.expires_at,ate1_0.issued_at,ate1_0.last_accessed_at,ate1_0.revoked_flag,ate1_0.token_value,ate1_0.updated_at,ate1_0.user_id from los_auth_token ate1_0 where ate1_0.token_value=? and not(ate1_0.revoked_flag)
2026-04-12T10:11:18.229+07:00 DEBUG 8612 --- [ulos] [nio-8080-exec-7] org.hibernate.SQL                        : select ue1_0.id,ue1_0.active_flag,ue1_0.created_at,ue1_0.email,ue1_0.full_name,ue1_0.last_login_at,ue1_0.password_hash,r1_0.user_id,r1_1.id,r1_1.active_flag,r1_1.created_at,r1_1.description,r1_1.role_code,r1_1.role_name,r1_1.updated_at,ue1_0.updated_at,ue1_0.username from los_user ue1_0 left join los_user_role r1_0 on ue1_0.id=r1_0.user_id left join los_role r1_1 on r1_1.id=r1_0.role_id where ue1_0.id=?
2026-04-12T10:11:18.232+07:00 DEBUG 8612 --- [ulos] [nio-8080-exec-7] org.hibernate.SQL                        : update los_auth_token set created_at=?,expires_at=?,issued_at=?,last_accessed_at=?,revoked_flag=?,token_value=?,updated_at=?,user_id=? where id=?
2026-04-12T10:11:18.239+07:00 DEBUG 8612 --- [ulos] [nio-8080-exec-9] org.hibernate.SQL                        : select ate1_0.id,ate1_0.created_at,ate1_0.expires_at,ate1_0.issued_at,ate1_0.last_accessed_at,ate1_0.revoked_flag,ate1_0.token_value,ate1_0.updated_at,ate1_0.user_id from los_auth_token ate1_0 where ate1_0.token_value=? and not(ate1_0.revoked_flag)
2026-04-12T10:11:18.241+07:00 DEBUG 8612 --- [ulos] [nio-8080-exec-9] org.hibernate.SQL                        : select ue1_0.id,ue1_0.active_flag,ue1_0.created_at,ue1_0.email,ue1_0.full_name,ue1_0.last_login_at,ue1_0.password_hash,r1_0.user_id,r1_1.id,r1_1.active_flag,r1_1.created_at,r1_1.description,r1_1.role_code,r1_1.role_name,r1_1.updated_at,ue1_0.updated_at,ue1_0.username from los_user ue1_0 left join los_user_role r1_0 on ue1_0.id=r1_0.user_id left join los_role r1_1 on r1_1.id=r1_0.role_id where ue1_0.id=?
2026-04-12T10:11:18.246+07:00 DEBUG 8612 --- [ulos] [nio-8080-exec-9] org.hibernate.SQL                        : update los_auth_token set created_at=?,expires_at=?,issued_at=?,last_accessed_at=?,revoked_flag=?,token_value=?,updated_at=?,user_id=? where id=?
2026-04-12T10:11:18.248+07:00 DEBUG 8612 --- [ulos] [io-8080-exec-10] org.hibernate.SQL                        : select ate1_0.id,ate1_0.created_at,ate1_0.expires_at,ate1_0.issued_at,ate1_0.last_accessed_at,ate1_0.revoked_flag,ate1_0.token_value,ate1_0.updated_at,ate1_0.user_id from los_auth_token ate1_0 where ate1_0.token_value=? and not(ate1_0.revoked_flag)
2026-04-12T10:11:18.250+07:00 DEBUG 8612 --- [ulos] [io-8080-exec-10] org.hibernate.SQL                        : select ue1_0.id,ue1_0.active_flag,ue1_0.created_at,ue1_0.email,ue1_0.full_name,ue1_0.last_login_at,ue1_0.password_hash,r1_0.user_id,r1_1.id,r1_1.active_flag,r1_1.created_at,r1_1.description,r1_1.role_code,r1_1.role_name,r1_1.updated_at,ue1_0.updated_at,ue1_0.username from los_user ue1_0 left join los_user_role r1_0 on ue1_0.id=r1_0.user_id left join los_role r1_1 on r1_1.id=r1_0.role_id where ue1_0.id=?
2026-04-12T10:11:18.250+07:00 DEBUG 8612 --- [ulos] [nio-8080-exec-2] org.hibernate.SQL                        : select ate1_0.id,ate1_0.created_at,ate1_0.expires_at,ate1_0.issued_at,ate1_0.last_accessed_at,ate1_0.revoked_flag,ate1_0.token_value,ate1_0.updated_at,ate1_0.user_id from los_auth_token ate1_0 where ate1_0.token_value=? and not(ate1_0.revoked_flag)
2026-04-12T10:11:18.251+07:00 DEBUG 8612 --- [ulos] [nio-8080-exec-2] org.hibernate.SQL                        : select ue1_0.id,ue1_0.active_flag,ue1_0.created_at,ue1_0.email,ue1_0.full_name,ue1_0.last_login_at,ue1_0.password_hash,r1_0.user_id,r1_1.id,r1_1.active_flag,r1_1.created_at,r1_1.description,r1_1.role_code,r1_1.role_name,r1_1.updated_at,ue1_0.updated_at,ue1_0.username from los_user ue1_0 left join los_user_role r1_0 on ue1_0.id=r1_0.user_id left join los_role r1_1 on r1_1.id=r1_0.role_id where ue1_0.id=?
2026-04-12T10:11:18.252+07:00 DEBUG 8612 --- [ulos] [io-8080-exec-10] org.hibernate.SQL                        : update los_auth_token set created_at=?,expires_at=?,issued_at=?,last_accessed_at=?,revoked_flag=?,token_value=?,updated_at=?,user_id=? where id=?
2026-04-12T10:11:18.254+07:00 DEBUG 8612 --- [ulos] [nio-8080-exec-2] org.hibernate.SQL                        : update los_auth_token set created_at=?,expires_at=?,issued_at=?,last_accessed_at=?,revoked_flag=?,token_value=?,updated_at=?,user_id=? where id=?
2026-04-12T10:11:18.266+07:00 DEBUG 8612 --- [ulos] [nio-8080-exec-7] o.s.web.servlet.DispatcherServlet        : GET "/api/master/portfolio-lookups?masterType=city&includeInactive=true", parameters={masked}
2026-04-12T10:11:18.267+07:00 DEBUG 8612 --- [ulos] [nio-8080-exec-7] s.w.s.m.m.a.RequestMappingHandlerMapping : Mapped to com.enterprise.ulos.los.controller.MasterDataController#portfolioLookups(String, boolean)
2026-04-12T10:11:18.271+07:00 DEBUG 8612 --- [ulos] [nio-8080-exec-7] org.hibernate.SQL                        : select mple1_0.id,mple1_0.active_flag,mple1_0.created_at,mple1_0.description,mple1_0.extra_json,mple1_0.item_code,mple1_0.item_name,mple1_0.legacy_code,mple1_0.master_type,mple1_0.sort_order,mple1_0.updated_at from los_master_portfolio_lookup mple1_0 where upper(mple1_0.master_type)=upper(?) order by mple1_0.sort_order,mple1_0.item_name
2026-04-12T10:11:18.275+07:00 DEBUG 8612 --- [ulos] [nio-8080-exec-7] m.m.a.RequestResponseBodyMethodProcessor : Using 'application/json', given [*/*] and supported [application/json, application/*+json]
2026-04-12T10:11:18.276+07:00 DEBUG 8612 --- [ulos] [nio-8080-exec-7] m.m.a.RequestResponseBodyMethodProcessor : Writing [[PortfolioLookupResponse[masterType=city, code=JAKARTA_PUSAT, name=Jakarta Pusat, legacyCode=JKP, so (truncated)...]
2026-04-12T10:11:18.277+07:00 DEBUG 8612 --- [ulos] [nio-8080-exec-7] o.s.web.servlet.DispatcherServlet        : Completed 200 OK
2026-04-12T10:11:18.277+07:00 DEBUG 8612 --- [ulos] [nio-8080-exec-1] org.hibernate.SQL                        : select ate1_0.id,ate1_0.created_at,ate1_0.expires_at,ate1_0.issued_at,ate1_0.last_accessed_at,ate1_0.revoked_flag,ate1_0.token_value,ate1_0.updated_at,ate1_0.user_id from los_auth_token ate1_0 where ate1_0.token_value=? and not(ate1_0.revoked_flag)
2026-04-12T10:11:18.279+07:00 DEBUG 8612 --- [ulos] [nio-8080-exec-1] org.hibernate.SQL                        : select ue1_0.id,ue1_0.active_flag,ue1_0.created_at,ue1_0.email,ue1_0.full_name,ue1_0.last_login_at,ue1_0.password_hash,r1_0.user_id,r1_1.id,r1_1.active_flag,r1_1.created_at,r1_1.description,r1_1.role_code,r1_1.role_name,r1_1.updated_at,ue1_0.updated_at,ue1_0.username from los_user ue1_0 left join los_user_role r1_0 on ue1_0.id=r1_0.user_id left join los_role r1_1 on r1_1.id=r1_0.role_id where ue1_0.id=?
2026-04-12T10:11:18.282+07:00 DEBUG 8612 --- [ulos] [nio-8080-exec-1] org.hibernate.SQL                        : update los_auth_token set created_at=?,expires_at=?,issued_at=?,last_accessed_at=?,revoked_flag=?,token_value=?,updated_at=?,user_id=? where id=?
2026-04-12T10:11:18.355+07:00 DEBUG 8612 --- [ulos] [nio-8080-exec-9] o.s.web.servlet.DispatcherServlet        : GET "/api/master/portfolio-lookups?masterType=premise_type&includeInactive=true", parameters={masked}
2026-04-12T10:11:18.355+07:00 DEBUG 8612 --- [ulos] [nio-8080-exec-9] s.w.s.m.m.a.RequestMappingHandlerMapping : Mapped to com.enterprise.ulos.los.controller.MasterDataController#portfolioLookups(String, boolean)
2026-04-12T10:11:18.358+07:00 DEBUG 8612 --- [ulos] [nio-8080-exec-9] org.hibernate.SQL                        : select mple1_0.id,mple1_0.active_flag,mple1_0.created_at,mple1_0.description,mple1_0.extra_json,mple1_0.item_code,mple1_0.item_name,mple1_0.legacy_code,mple1_0.master_type,mple1_0.sort_order,mple1_0.updated_at from los_master_portfolio_lookup mple1_0 where upper(mple1_0.master_type)=upper(?) order by mple1_0.sort_order,mple1_0.item_name
2026-04-12T10:11:18.361+07:00 DEBUG 8612 --- [ulos] [nio-8080-exec-9] m.m.a.RequestResponseBodyMethodProcessor : Using 'application/json', given [*/*] and supported [application/json, application/*+json]
2026-04-12T10:11:18.362+07:00 DEBUG 8612 --- [ulos] [nio-8080-exec-9] m.m.a.RequestResponseBodyMethodProcessor : Writing [[PortfolioLookupResponse[masterType=premise_type, code=OWNED, name=Owned, legacyCode=OWN, sortOrder= (truncated)...]
2026-04-12T10:11:18.362+07:00 DEBUG 8612 --- [ulos] [nio-8080-exec-9] o.s.web.servlet.DispatcherServlet        : Completed 200 OK
2026-04-12T10:11:18.365+07:00 DEBUG 8612 --- [ulos] [io-8080-exec-10] o.s.web.servlet.DispatcherServlet        : GET "/api/master/portfolio-lookups?masterType=salutation&includeInactive=true", parameters={masked}
2026-04-12T10:11:18.365+07:00 DEBUG 8612 --- [ulos] [io-8080-exec-10] s.w.s.m.m.a.RequestMappingHandlerMapping : Mapped to com.enterprise.ulos.los.controller.MasterDataController#portfolioLookups(String, boolean)
2026-04-12T10:11:18.367+07:00 DEBUG 8612 --- [ulos] [io-8080-exec-10] org.hibernate.SQL                        : select mple1_0.id,mple1_0.active_flag,mple1_0.created_at,mple1_0.description,mple1_0.extra_json,mple1_0.item_code,mple1_0.item_name,mple1_0.legacy_code,mple1_0.master_type,mple1_0.sort_order,mple1_0.updated_at from los_master_portfolio_lookup mple1_0 where upper(mple1_0.master_type)=upper(?) order by mple1_0.sort_order,mple1_0.item_name
2026-04-12T10:11:18.371+07:00 DEBUG 8612 --- [ulos] [io-8080-exec-10] m.m.a.RequestResponseBodyMethodProcessor : Using 'application/json', given [*/*] and supported [application/json, application/*+json]
2026-04-12T10:11:18.371+07:00 DEBUG 8612 --- [ulos] [io-8080-exec-10] m.m.a.RequestResponseBodyMethodProcessor : Writing [[PortfolioLookupResponse[masterType=salutation, code=MR, name=Mr., legacyCode=MR, sortOrder=1, activ (truncated)...]
2026-04-12T10:11:18.372+07:00 DEBUG 8612 --- [ulos] [io-8080-exec-10] o.s.web.servlet.DispatcherServlet        : Completed 200 OK
2026-04-12T10:11:18.373+07:00 DEBUG 8612 --- [ulos] [nio-8080-exec-2] o.s.web.servlet.DispatcherServlet        : GET "/api/master/portfolio-lookups?masterType=editor_upload_policy&includeInactive=true", parameters={masked}
2026-04-12T10:11:18.373+07:00 DEBUG 8612 --- [ulos] [nio-8080-exec-2] s.w.s.m.m.a.RequestMappingHandlerMapping : Mapped to com.enterprise.ulos.los.controller.MasterDataController#portfolioLookups(String, boolean)
2026-04-12T10:11:18.376+07:00 DEBUG 8612 --- [ulos] [nio-8080-exec-2] org.hibernate.SQL                        : select mple1_0.id,mple1_0.active_flag,mple1_0.created_at,mple1_0.description,mple1_0.extra_json,mple1_0.item_code,mple1_0.item_name,mple1_0.legacy_code,mple1_0.master_type,mple1_0.sort_order,mple1_0.updated_at from los_master_portfolio_lookup mple1_0 where upper(mple1_0.master_type)=upper(?) order by mple1_0.sort_order,mple1_0.item_name
2026-04-12T10:11:18.379+07:00 DEBUG 8612 --- [ulos] [nio-8080-exec-2] m.m.a.RequestResponseBodyMethodProcessor : Using 'application/json', given [*/*] and supported [application/json, application/*+json]
2026-04-12T10:11:18.379+07:00 DEBUG 8612 --- [ulos] [nio-8080-exec-2] m.m.a.RequestResponseBodyMethodProcessor : Writing [[PortfolioLookupResponse[masterType=editor_upload_policy, code=EXT_PNG, name=png, legacyCode=PNG, so (truncated)...]
2026-04-12T10:11:18.380+07:00 DEBUG 8612 --- [ulos] [nio-8080-exec-2] o.s.web.servlet.DispatcherServlet        : Completed 200 OK
2026-04-12T10:11:18.388+07:00 DEBUG 8612 --- [ulos] [nio-8080-exec-1] o.s.web.servlet.DispatcherServlet        : GET "/api/customers/DEB-9920-X1", parameters={}
2026-04-12T10:11:18.388+07:00 DEBUG 8612 --- [ulos] [nio-8080-exec-1] s.w.s.m.m.a.RequestMappingHandlerMapping : Mapped to com.enterprise.ulos.los.controller.CustomerPortfolioController#get(String)
2026-04-12T10:11:18.390+07:00 DEBUG 8612 --- [ulos] [nio-8080-exec-1] org.hibernate.SQL                        : select ate1_0.id,ate1_0.created_at,ate1_0.expires_at,ate1_0.issued_at,ate1_0.last_accessed_at,ate1_0.revoked_flag,ate1_0.token_value,ate1_0.updated_at,ate1_0.user_id from los_auth_token ate1_0 where ate1_0.token_value=? and not(ate1_0.revoked_flag)
2026-04-12T10:11:18.392+07:00 DEBUG 8612 --- [ulos] [nio-8080-exec-1] org.hibernate.SQL                        : select ue1_0.id,ue1_0.active_flag,ue1_0.created_at,ue1_0.email,ue1_0.full_name,ue1_0.last_login_at,ue1_0.password_hash,r1_0.user_id,r1_1.id,r1_1.active_flag,r1_1.created_at,r1_1.description,r1_1.role_code,r1_1.role_name,r1_1.updated_at,ue1_0.updated_at,ue1_0.username from los_user ue1_0 left join los_user_role r1_0 on ue1_0.id=r1_0.user_id left join los_role r1_1 on r1_1.id=r1_0.role_id where ue1_0.id=?
2026-04-12T10:11:18.394+07:00 DEBUG 8612 --- [ulos] [nio-8080-exec-1] org.hibernate.SQL                        : update los_auth_token set created_at=?,expires_at=?,issued_at=?,last_accessed_at=?,revoked_flag=?,token_value=?,updated_at=?,user_id=? where id=?
2026-04-12T10:11:18.404+07:00 DEBUG 8612 --- [ulos] [nio-8080-exec-1] org.hibernate.SQL                        : select ce1_0.id,ce1_0.cif_number,ce1_0.company_name,ce1_0.company_type,ce1_0.created_at,ce1_0.legal_name,ce1_0.location,ce1_0.profile_json,ce1_0.registration_date,ce1_0.sector,ce1_0.status,ce1_0.tax_id,ce1_0.updated_at from los_customer ce1_0 where ce1_0.cif_number=?
2026-04-12T10:11:18.406+07:00 DEBUG 8612 --- [ulos] [nio-8080-exec-1] m.m.a.RequestResponseBodyMethodProcessor : Using 'application/json', given [*/*] and supported [application/json, application/*+json]
2026-04-12T10:11:18.407+07:00 DEBUG 8612 --- [ulos] [nio-8080-exec-1] m.m.a.RequestResponseBodyMethodProcessor : Writing [CustomerDetailResponse[id=1, cifNumber=DEB-9920-X1, companyName=Global Logistics Systems Corp., lega (truncated)...]
2026-04-12T10:11:18.408+07:00 DEBUG 8612 --- [ulos] [nio-8080-exec-1] o.s.web.servlet.DispatcherServlet        : Completed 200 OK
2026-04-12T10:11:18.422+07:00 DEBUG 8612 --- [ulos] [nio-8080-exec-4] org.hibernate.SQL                        : select ate1_0.id,ate1_0.created_at,ate1_0.expires_at,ate1_0.issued_at,ate1_0.last_accessed_at,ate1_0.revoked_flag,ate1_0.token_value,ate1_0.updated_at,ate1_0.user_id from los_auth_token ate1_0 where ate1_0.token_value=? and not(ate1_0.revoked_flag)
2026-04-12T10:11:18.423+07:00 DEBUG 8612 --- [ulos] [nio-8080-exec-4] org.hibernate.SQL                        : select ue1_0.id,ue1_0.active_flag,ue1_0.created_at,ue1_0.email,ue1_0.full_name,ue1_0.last_login_at,ue1_0.password_hash,r1_0.user_id,r1_1.id,r1_1.active_flag,r1_1.created_at,r1_1.description,r1_1.role_code,r1_1.role_name,r1_1.updated_at,ue1_0.updated_at,ue1_0.username from los_user ue1_0 left join los_user_role r1_0 on ue1_0.id=r1_0.user_id left join los_role r1_1 on r1_1.id=r1_0.role_id where ue1_0.id=?
2026-04-12T10:11:18.425+07:00 DEBUG 8612 --- [ulos] [nio-8080-exec-4] org.hibernate.SQL                        : update los_auth_token set created_at=?,expires_at=?,issued_at=?,last_accessed_at=?,revoked_flag=?,token_value=?,updated_at=?,user_id=? where id=?
2026-04-12T10:11:18.433+07:00 DEBUG 8612 --- [ulos] [nio-8080-exec-4] o.s.web.servlet.DispatcherServlet        : GET "/api/customers/DEB-9920-X1", parameters={}
2026-04-12T10:11:18.434+07:00 DEBUG 8612 --- [ulos] [nio-8080-exec-4] s.w.s.m.m.a.RequestMappingHandlerMapping : Mapped to com.enterprise.ulos.los.controller.CustomerPortfolioController#get(String)
2026-04-12T10:11:18.436+07:00 DEBUG 8612 --- [ulos] [nio-8080-exec-4] org.hibernate.SQL                        : select ate1_0.id,ate1_0.created_at,ate1_0.expires_at,ate1_0.issued_at,ate1_0.last_accessed_at,ate1_0.revoked_flag,ate1_0.token_value,ate1_0.updated_at,ate1_0.user_id from los_auth_token ate1_0 where ate1_0.token_value=? and not(ate1_0.revoked_flag)
2026-04-12T10:11:18.437+07:00 DEBUG 8612 --- [ulos] [nio-8080-exec-4] org.hibernate.SQL                        : select ue1_0.id,ue1_0.active_flag,ue1_0.created_at,ue1_0.email,ue1_0.full_name,ue1_0.last_login_at,ue1_0.password_hash,r1_0.user_id,r1_1.id,r1_1.active_flag,r1_1.created_at,r1_1.description,r1_1.role_code,r1_1.role_name,r1_1.updated_at,ue1_0.updated_at,ue1_0.username from los_user ue1_0 left join los_user_role r1_0 on ue1_0.id=r1_0.user_id left join los_role r1_1 on r1_1.id=r1_0.role_id where ue1_0.id=?
2026-04-12T10:11:18.439+07:00 DEBUG 8612 --- [ulos] [nio-8080-exec-4] org.hibernate.SQL                        : update los_auth_token set created_at=?,expires_at=?,issued_at=?,last_accessed_at=?,revoked_flag=?,token_value=?,updated_at=?,user_id=? where id=?
2026-04-12T10:11:18.459+07:00 DEBUG 8612 --- [ulos] [nio-8080-exec-4] org.hibernate.SQL                        : select ce1_0.id,ce1_0.cif_number,ce1_0.company_name,ce1_0.company_type,ce1_0.created_at,ce1_0.legal_name,ce1_0.location,ce1_0.profile_json,ce1_0.registration_date,ce1_0.sector,ce1_0.status,ce1_0.tax_id,ce1_0.updated_at from los_customer ce1_0 where ce1_0.cif_number=?
2026-04-12T10:11:18.463+07:00 DEBUG 8612 --- [ulos] [nio-8080-exec-4] m.m.a.RequestResponseBodyMethodProcessor : Using 'application/json', given [*/*] and supported [application/json, application/*+json]
2026-04-12T10:11:18.464+07:00 DEBUG 8612 --- [ulos] [nio-8080-exec-4] m.m.a.RequestResponseBodyMethodProcessor : Writing [CustomerDetailResponse[id=1, cifNumber=DEB-9920-X1, companyName=Global Logistics Systems Corp., lega (truncated)...]
2026-04-12T10:11:18.465+07:00 DEBUG 8612 --- [ulos] [nio-8080-exec-4] o.s.web.servlet.DispatcherServlet        : Completed 200 OK
2026-04-12T10:12:09.380+07:00 DEBUG 8612 --- [ulos] [nio-8080-exec-3] org.hibernate.SQL                        : select ate1_0.id,ate1_0.created_at,ate1_0.expires_at,ate1_0.issued_at,ate1_0.last_accessed_at,ate1_0.revoked_flag,ate1_0.token_value,ate1_0.updated_at,ate1_0.user_id from los_auth_token ate1_0 where ate1_0.token_value=? and not(ate1_0.revoked_flag)
2026-04-12T10:12:09.380+07:00 DEBUG 8612 --- [ulos] [nio-8080-exec-6] org.hibernate.SQL                        : select ate1_0.id,ate1_0.created_at,ate1_0.expires_at,ate1_0.issued_at,ate1_0.last_accessed_at,ate1_0.revoked_flag,ate1_0.token_value,ate1_0.updated_at,ate1_0.user_id from los_auth_token ate1_0 where ate1_0.token_value=? and not(ate1_0.revoked_flag)
2026-04-12T10:12:09.382+07:00 DEBUG 8612 --- [ulos] [nio-8080-exec-6] org.hibernate.SQL                        : select ue1_0.id,ue1_0.active_flag,ue1_0.created_at,ue1_0.email,ue1_0.full_name,ue1_0.last_login_at,ue1_0.password_hash,r1_0.user_id,r1_1.id,r1_1.active_flag,r1_1.created_at,r1_1.description,r1_1.role_code,r1_1.role_name,r1_1.updated_at,ue1_0.updated_at,ue1_0.username from los_user ue1_0 left join los_user_role r1_0 on ue1_0.id=r1_0.user_id left join los_role r1_1 on r1_1.id=r1_0.role_id where ue1_0.id=?
2026-04-12T10:12:09.382+07:00 DEBUG 8612 --- [ulos] [nio-8080-exec-3] org.hibernate.SQL                        : select ue1_0.id,ue1_0.active_flag,ue1_0.created_at,ue1_0.email,ue1_0.full_name,ue1_0.last_login_at,ue1_0.password_hash,r1_0.user_id,r1_1.id,r1_1.active_flag,r1_1.created_at,r1_1.description,r1_1.role_code,r1_1.role_name,r1_1.updated_at,ue1_0.updated_at,ue1_0.username from los_user ue1_0 left join los_user_role r1_0 on ue1_0.id=r1_0.user_id left join los_role r1_1 on r1_1.id=r1_0.role_id where ue1_0.id=?
2026-04-12T10:12:09.389+07:00 DEBUG 8612 --- [ulos] [nio-8080-exec-6] org.hibernate.SQL                        : update los_auth_token set created_at=?,expires_at=?,issued_at=?,last_accessed_at=?,revoked_flag=?,token_value=?,updated_at=?,user_id=? where id=?
2026-04-12T10:12:09.391+07:00 DEBUG 8612 --- [ulos] [nio-8080-exec-3] org.hibernate.SQL                        : update los_auth_token set created_at=?,expires_at=?,issued_at=?,last_accessed_at=?,revoked_flag=?,token_value=?,updated_at=?,user_id=? where id=?
2026-04-12T10:12:09.433+07:00 DEBUG 8612 --- [ulos] [nio-8080-exec-6] o.s.web.servlet.DispatcherServlet        : GET "/api/prechecks?type=SLIK&page=0&size=10", parameters={masked}
2026-04-12T10:12:09.434+07:00 DEBUG 8612 --- [ulos] [nio-8080-exec-6] s.w.s.m.m.a.RequestMappingHandlerMapping : Mapped to com.enterprise.ulos.los.controller.PrecheckController#list(String, String, String, int, int)
2026-04-12T10:12:09.437+07:00 DEBUG 8612 --- [ulos] [nio-8080-exec-6] org.hibernate.SQL                        : select ate1_0.id,ate1_0.created_at,ate1_0.expires_at,ate1_0.issued_at,ate1_0.last_accessed_at,ate1_0.revoked_flag,ate1_0.token_value,ate1_0.updated_at,ate1_0.user_id from los_auth_token ate1_0 where ate1_0.token_value=? and not(ate1_0.revoked_flag)
2026-04-12T10:12:09.439+07:00 DEBUG 8612 --- [ulos] [nio-8080-exec-6] org.hibernate.SQL                        : select ue1_0.id,ue1_0.active_flag,ue1_0.created_at,ue1_0.email,ue1_0.full_name,ue1_0.last_login_at,ue1_0.password_hash,r1_0.user_id,r1_1.id,r1_1.active_flag,r1_1.created_at,r1_1.description,r1_1.role_code,r1_1.role_name,r1_1.updated_at,ue1_0.updated_at,ue1_0.username from los_user ue1_0 left join los_user_role r1_0 on ue1_0.id=r1_0.user_id left join los_role r1_1 on r1_1.id=r1_0.role_id where ue1_0.id=?
2026-04-12T10:12:09.439+07:00 DEBUG 8612 --- [ulos] [nio-8080-exec-6] org.hibernate.SQL                        : update los_auth_token set created_at=?,expires_at=?,issued_at=?,last_accessed_at=?,revoked_flag=?,token_value=?,updated_at=?,user_id=? where id=?
2026-04-12T10:12:09.451+07:00 DEBUG 8612 --- [ulos] [nio-8080-exec-3] o.s.web.servlet.DispatcherServlet        : GET "/api/customers", parameters={}
2026-04-12T10:12:09.451+07:00 DEBUG 8612 --- [ulos] [nio-8080-exec-3] s.w.s.m.m.a.RequestMappingHandlerMapping : Mapped to com.enterprise.ulos.los.controller.CustomerPortfolioController#list()
2026-04-12T10:12:09.451+07:00 DEBUG 8612 --- [ulos] [nio-8080-exec-3] org.hibernate.SQL                        : select ate1_0.id,ate1_0.created_at,ate1_0.expires_at,ate1_0.issued_at,ate1_0.last_accessed_at,ate1_0.revoked_flag,ate1_0.token_value,ate1_0.updated_at,ate1_0.user_id from los_auth_token ate1_0 where ate1_0.token_value=? and not(ate1_0.revoked_flag)
2026-04-12T10:12:09.451+07:00 DEBUG 8612 --- [ulos] [nio-8080-exec-3] org.hibernate.SQL                        : select ue1_0.id,ue1_0.active_flag,ue1_0.created_at,ue1_0.email,ue1_0.full_name,ue1_0.last_login_at,ue1_0.password_hash,r1_0.user_id,r1_1.id,r1_1.active_flag,r1_1.created_at,r1_1.description,r1_1.role_code,r1_1.role_name,r1_1.updated_at,ue1_0.updated_at,ue1_0.username from los_user ue1_0 left join los_user_role r1_0 on ue1_0.id=r1_0.user_id left join los_role r1_1 on r1_1.id=r1_0.role_id where ue1_0.id=?
2026-04-12T10:12:09.451+07:00 DEBUG 8612 --- [ulos] [nio-8080-exec-3] org.hibernate.SQL                        : update los_auth_token set created_at=?,expires_at=?,issued_at=?,last_accessed_at=?,revoked_flag=?,token_value=?,updated_at=?,user_id=? where id=?
2026-04-12T10:12:09.467+07:00 DEBUG 8612 --- [ulos] [nio-8080-exec-6] org.hibernate.SQL                        : select pse1_0.id,pse1_0.check_ref,pse1_0.check_type,pse1_0.completed_at,pse1_0.created_at,pse1_0.customer_id,pse1_0.linked_application_id,pse1_0.notes,pse1_0.requested_at,pse1_0.result_json,pse1_0.result_summary,pse1_0.status,pse1_0.updated_at from los_precheck_session pse1_0 join los_customer c1_0 on c1_0.id=pse1_0.customer_id where (? is null or ?='' or upper(pse1_0.check_type)=upper(?)) and (? is null or ?='' or lower(c1_0.cif_number)=lower(?)) and (? is null or ?='' or lower(pse1_0.check_ref) like lower(concat('%',?,'%')) escape '' or lower(c1_0.cif_number) like lower(concat('%',?,'%')) escape '' or lower(c1_0.company_name) like lower(concat('%',?,'%')) escape '' or lower(coalesce(pse1_0.status,'')) like lower(concat('%',?,'%')) escape '' or lower(coalesce(pse1_0.result_summary,'')) like lower(concat('%',?,'%')) escape '') order by pse1_0.updated_at desc limit ?
2026-04-12T10:12:09.470+07:00 DEBUG 8612 --- [ulos] [nio-8080-exec-6] m.m.a.RequestResponseBodyMethodProcessor : Using 'application/json', given [*/*] and supported [application/json, application/*+json]
2026-04-12T10:12:09.470+07:00 DEBUG 8612 --- [ulos] [nio-8080-exec-6] m.m.a.RequestResponseBodyMethodProcessor : Writing [PrecheckPageResponse[items=[], totalElements=0, totalPages=0, page=0, size=10]]
2026-04-12T10:12:09.472+07:00 DEBUG 8612 --- [ulos] [nio-8080-exec-6] o.s.web.servlet.DispatcherServlet        : Completed 200 OK
2026-04-12T10:12:09.475+07:00 DEBUG 8612 --- [ulos] [nio-8080-exec-3] org.hibernate.SQL                        : select ce1_0.id,ce1_0.cif_number,ce1_0.company_name,ce1_0.company_type,ce1_0.created_at,ce1_0.legal_name,ce1_0.location,ce1_0.profile_json,ce1_0.registration_date,ce1_0.sector,ce1_0.status,ce1_0.tax_id,ce1_0.updated_at from los_customer ce1_0
2026-04-12T10:12:09.481+07:00 DEBUG 8612 --- [ulos] [nio-8080-exec-3] m.m.a.RequestResponseBodyMethodProcessor : Using 'application/json', given [*/*] and supported [application/json, application/*+json]
2026-04-12T10:12:09.481+07:00 DEBUG 8612 --- [ulos] [nio-8080-exec-3] m.m.a.RequestResponseBodyMethodProcessor : Writing [[CustomerSummaryResponse[cifNumber=DEB-9920-X1, companyName=Global Logistics Systems Corp., sector=n (truncated)...]
2026-04-12T10:12:09.482+07:00 DEBUG 8612 --- [ulos] [nio-8080-exec-3] o.s.web.servlet.DispatcherServlet        : Completed 200 OK
2026-04-12T10:12:09.494+07:00 DEBUG 8612 --- [ulos] [nio-8080-exec-5] org.hibernate.SQL                        : select ate1_0.id,ate1_0.created_at,ate1_0.expires_at,ate1_0.issued_at,ate1_0.last_accessed_at,ate1_0.revoked_flag,ate1_0.token_value,ate1_0.updated_at,ate1_0.user_id from los_auth_token ate1_0 where ate1_0.token_value=? and not(ate1_0.revoked_flag)
2026-04-12T10:12:09.496+07:00 DEBUG 8612 --- [ulos] [nio-8080-exec-5] org.hibernate.SQL                        : select ue1_0.id,ue1_0.active_flag,ue1_0.created_at,ue1_0.email,ue1_0.full_name,ue1_0.last_login_at,ue1_0.password_hash,r1_0.user_id,r1_1.id,r1_1.active_flag,r1_1.created_at,r1_1.description,r1_1.role_code,r1_1.role_name,r1_1.updated_at,ue1_0.updated_at,ue1_0.username from los_user ue1_0 left join los_user_role r1_0 on ue1_0.id=r1_0.user_id left join los_role r1_1 on r1_1.id=r1_0.role_id where ue1_0.id=?
2026-04-12T10:12:09.496+07:00 DEBUG 8612 --- [ulos] [nio-8080-exec-8] org.hibernate.SQL                        : select ate1_0.id,ate1_0.created_at,ate1_0.expires_at,ate1_0.issued_at,ate1_0.last_accessed_at,ate1_0.revoked_flag,ate1_0.token_value,ate1_0.updated_at,ate1_0.user_id from los_auth_token ate1_0 where ate1_0.token_value=? and not(ate1_0.revoked_flag)
2026-04-12T10:12:09.498+07:00 DEBUG 8612 --- [ulos] [nio-8080-exec-8] org.hibernate.SQL                        : select ue1_0.id,ue1_0.active_flag,ue1_0.created_at,ue1_0.email,ue1_0.full_name,ue1_0.last_login_at,ue1_0.password_hash,r1_0.user_id,r1_1.id,r1_1.active_flag,r1_1.created_at,r1_1.description,r1_1.role_code,r1_1.role_name,r1_1.updated_at,ue1_0.updated_at,ue1_0.username from los_user ue1_0 left join los_user_role r1_0 on ue1_0.id=r1_0.user_id left join los_role r1_1 on r1_1.id=r1_0.role_id where ue1_0.id=?
2026-04-12T10:12:09.498+07:00 DEBUG 8612 --- [ulos] [nio-8080-exec-5] org.hibernate.SQL                        : update los_auth_token set created_at=?,expires_at=?,issued_at=?,last_accessed_at=?,revoked_flag=?,token_value=?,updated_at=?,user_id=? where id=?
2026-04-12T10:12:09.501+07:00 DEBUG 8612 --- [ulos] [nio-8080-exec-8] org.hibernate.SQL                        : update los_auth_token set created_at=?,expires_at=?,issued_at=?,last_accessed_at=?,revoked_flag=?,token_value=?,updated_at=?,user_id=? where id=?
2026-04-12T10:12:09.507+07:00 DEBUG 8612 --- [ulos] [nio-8080-exec-5] o.s.web.servlet.DispatcherServlet        : GET "/api/prechecks?type=SLIK&page=0&size=10", parameters={masked}
2026-04-12T10:12:09.507+07:00 DEBUG 8612 --- [ulos] [nio-8080-exec-5] s.w.s.m.m.a.RequestMappingHandlerMapping : Mapped to com.enterprise.ulos.los.controller.PrecheckController#list(String, String, String, int, int)
2026-04-12T10:12:09.507+07:00 DEBUG 8612 --- [ulos] [nio-8080-exec-5] org.hibernate.SQL                        : select ate1_0.id,ate1_0.created_at,ate1_0.expires_at,ate1_0.issued_at,ate1_0.last_accessed_at,ate1_0.revoked_flag,ate1_0.token_value,ate1_0.updated_at,ate1_0.user_id from los_auth_token ate1_0 where ate1_0.token_value=? and not(ate1_0.revoked_flag)
2026-04-12T10:12:09.517+07:00 DEBUG 8612 --- [ulos] [nio-8080-exec-5] org.hibernate.SQL                        : select ue1_0.id,ue1_0.active_flag,ue1_0.created_at,ue1_0.email,ue1_0.full_name,ue1_0.last_login_at,ue1_0.password_hash,r1_0.user_id,r1_1.id,r1_1.active_flag,r1_1.created_at,r1_1.description,r1_1.role_code,r1_1.role_name,r1_1.updated_at,ue1_0.updated_at,ue1_0.username from los_user ue1_0 left join los_user_role r1_0 on ue1_0.id=r1_0.user_id left join los_role r1_1 on r1_1.id=r1_0.role_id where ue1_0.id=?
2026-04-12T10:12:09.520+07:00 DEBUG 8612 --- [ulos] [nio-8080-exec-5] org.hibernate.SQL                        : update los_auth_token set created_at=?,expires_at=?,issued_at=?,last_accessed_at=?,revoked_flag=?,token_value=?,updated_at=?,user_id=? where id=?
2026-04-12T10:12:09.522+07:00 DEBUG 8612 --- [ulos] [nio-8080-exec-8] o.s.web.servlet.DispatcherServlet        : GET "/api/customers", parameters={}
2026-04-12T10:12:09.522+07:00 DEBUG 8612 --- [ulos] [nio-8080-exec-8] s.w.s.m.m.a.RequestMappingHandlerMapping : Mapped to com.enterprise.ulos.los.controller.CustomerPortfolioController#list()
2026-04-12T10:12:09.524+07:00 DEBUG 8612 --- [ulos] [nio-8080-exec-8] org.hibernate.SQL                        : select ate1_0.id,ate1_0.created_at,ate1_0.expires_at,ate1_0.issued_at,ate1_0.last_accessed_at,ate1_0.revoked_flag,ate1_0.token_value,ate1_0.updated_at,ate1_0.user_id from los_auth_token ate1_0 where ate1_0.token_value=? and not(ate1_0.revoked_flag)
2026-04-12T10:12:09.526+07:00 DEBUG 8612 --- [ulos] [nio-8080-exec-8] org.hibernate.SQL                        : select ue1_0.id,ue1_0.active_flag,ue1_0.created_at,ue1_0.email,ue1_0.full_name,ue1_0.last_login_at,ue1_0.password_hash,r1_0.user_id,r1_1.id,r1_1.active_flag,r1_1.created_at,r1_1.description,r1_1.role_code,r1_1.role_name,r1_1.updated_at,ue1_0.updated_at,ue1_0.username from los_user ue1_0 left join los_user_role r1_0 on ue1_0.id=r1_0.user_id left join los_role r1_1 on r1_1.id=r1_0.role_id where ue1_0.id=?
2026-04-12T10:12:09.529+07:00 DEBUG 8612 --- [ulos] [nio-8080-exec-8] org.hibernate.SQL                        : update los_auth_token set created_at=?,expires_at=?,issued_at=?,last_accessed_at=?,revoked_flag=?,token_value=?,updated_at=?,user_id=? where id=?
2026-04-12T10:12:09.535+07:00 DEBUG 8612 --- [ulos] [nio-8080-exec-5] org.hibernate.SQL                        : select pse1_0.id,pse1_0.check_ref,pse1_0.check_type,pse1_0.completed_at,pse1_0.created_at,pse1_0.customer_id,pse1_0.linked_application_id,pse1_0.notes,pse1_0.requested_at,pse1_0.result_json,pse1_0.result_summary,pse1_0.status,pse1_0.updated_at from los_precheck_session pse1_0 join los_customer c1_0 on c1_0.id=pse1_0.customer_id where (? is null or ?='' or upper(pse1_0.check_type)=upper(?)) and (? is null or ?='' or lower(c1_0.cif_number)=lower(?)) and (? is null or ?='' or lower(pse1_0.check_ref) like lower(concat('%',?,'%')) escape '' or lower(c1_0.cif_number) like lower(concat('%',?,'%')) escape '' or lower(c1_0.company_name) like lower(concat('%',?,'%')) escape '' or lower(coalesce(pse1_0.status,'')) like lower(concat('%',?,'%')) escape '' or lower(coalesce(pse1_0.result_summary,'')) like lower(concat('%',?,'%')) escape '') order by pse1_0.updated_at desc limit ?
2026-04-12T10:12:09.538+07:00 DEBUG 8612 --- [ulos] [nio-8080-exec-5] m.m.a.RequestResponseBodyMethodProcessor : Using 'application/json', given [*/*] and supported [application/json, application/*+json]
2026-04-12T10:12:09.539+07:00 DEBUG 8612 --- [ulos] [nio-8080-exec-5] m.m.a.RequestResponseBodyMethodProcessor : Writing [PrecheckPageResponse[items=[], totalElements=0, totalPages=0, page=0, size=10]]
2026-04-12T10:12:09.541+07:00 DEBUG 8612 --- [ulos] [nio-8080-exec-5] o.s.web.servlet.DispatcherServlet        : Completed 200 OK
2026-04-12T10:12:09.543+07:00 DEBUG 8612 --- [ulos] [nio-8080-exec-8] org.hibernate.SQL                        : select ce1_0.id,ce1_0.cif_number,ce1_0.company_name,ce1_0.company_type,ce1_0.created_at,ce1_0.legal_name,ce1_0.location,ce1_0.profile_json,ce1_0.registration_date,ce1_0.sector,ce1_0.status,ce1_0.tax_id,ce1_0.updated_at from los_customer ce1_0
2026-04-12T10:12:09.547+07:00 DEBUG 8612 --- [ulos] [nio-8080-exec-8] m.m.a.RequestResponseBodyMethodProcessor : Using 'application/json', given [*/*] and supported [application/json, application/*+json]
2026-04-12T10:12:09.547+07:00 DEBUG 8612 --- [ulos] [nio-8080-exec-8] m.m.a.RequestResponseBodyMethodProcessor : Writing [[CustomerSummaryResponse[cifNumber=DEB-9920-X1, companyName=Global Logistics Systems Corp., sector=n (truncated)...]
2026-04-12T10:12:09.548+07:00 DEBUG 8612 --- [ulos] [nio-8080-exec-8] o.s.web.servlet.DispatcherServlet        : Completed 200 OK
2026-04-12T10:13:37.862+07:00 DEBUG 8612 --- [ulos] [nio-8080-exec-6] org.hibernate.SQL                        : select ate1_0.id,ate1_0.created_at,ate1_0.expires_at,ate1_0.issued_at,ate1_0.last_accessed_at,ate1_0.revoked_flag,ate1_0.token_value,ate1_0.updated_at,ate1_0.user_id from los_auth_token ate1_0 where ate1_0.token_value=? and not(ate1_0.revoked_flag)
2026-04-12T10:13:37.862+07:00 DEBUG 8612 --- [ulos] [nio-8080-exec-6] org.hibernate.SQL                        : select ue1_0.id,ue1_0.active_flag,ue1_0.created_at,ue1_0.email,ue1_0.full_name,ue1_0.last_login_at,ue1_0.password_hash,r1_0.user_id,r1_1.id,r1_1.active_flag,r1_1.created_at,r1_1.description,r1_1.role_code,r1_1.role_name,r1_1.updated_at,ue1_0.updated_at,ue1_0.username from los_user ue1_0 left join los_user_role r1_0 on ue1_0.id=r1_0.user_id left join los_role r1_1 on r1_1.id=r1_0.role_id where ue1_0.id=?
2026-04-12T10:13:37.862+07:00 DEBUG 8612 --- [ulos] [nio-8080-exec-6] org.hibernate.SQL                        : update los_auth_token set created_at=?,expires_at=?,issued_at=?,last_accessed_at=?,revoked_flag=?,token_value=?,updated_at=?,user_id=? where id=?
2026-04-12T10:13:37.885+07:00 DEBUG 8612 --- [ulos] [nio-8080-exec-6] o.s.web.servlet.DispatcherServlet        : GET "/api/auth/me", parameters={}
2026-04-12T10:13:37.885+07:00 DEBUG 8612 --- [ulos] [nio-8080-exec-6] s.w.s.m.m.a.RequestMappingHandlerMapping : Mapped to com.enterprise.ulos.los.controller.AuthController#me(String, String)
2026-04-12T10:13:37.885+07:00 DEBUG 8612 --- [ulos] [nio-8080-exec-6] org.hibernate.SQL                        : select ate1_0.id,ate1_0.created_at,ate1_0.expires_at,ate1_0.issued_at,ate1_0.last_accessed_at,ate1_0.revoked_flag,ate1_0.token_value,ate1_0.updated_at,ate1_0.user_id from los_auth_token ate1_0 where ate1_0.token_value=? and not(ate1_0.revoked_flag)
2026-04-12T10:13:37.885+07:00 DEBUG 8612 --- [ulos] [nio-8080-exec-6] org.hibernate.SQL                        : select ue1_0.id,ue1_0.active_flag,ue1_0.created_at,ue1_0.email,ue1_0.full_name,ue1_0.last_login_at,ue1_0.password_hash,r1_0.user_id,r1_1.id,r1_1.active_flag,r1_1.created_at,r1_1.description,r1_1.role_code,r1_1.role_name,r1_1.updated_at,ue1_0.updated_at,ue1_0.username from los_user ue1_0 left join los_user_role r1_0 on ue1_0.id=r1_0.user_id left join los_role r1_1 on r1_1.id=r1_0.role_id where ue1_0.id=?
2026-04-12T10:13:37.894+07:00 DEBUG 8612 --- [ulos] [nio-8080-exec-6] org.hibernate.SQL                        : update los_auth_token set created_at=?,expires_at=?,issued_at=?,last_accessed_at=?,revoked_flag=?,token_value=?,updated_at=?,user_id=? where id=?
2026-04-12T10:13:37.909+07:00 DEBUG 8612 --- [ulos] [nio-8080-exec-6] org.hibernate.SQL                        : select ate1_0.id,ate1_0.created_at,ate1_0.expires_at,ate1_0.issued_at,ate1_0.last_accessed_at,ate1_0.revoked_flag,ate1_0.token_value,ate1_0.updated_at,ate1_0.user_id from los_auth_token ate1_0 where ate1_0.token_value=? and not(ate1_0.revoked_flag)
2026-04-12T10:13:37.911+07:00 DEBUG 8612 --- [ulos] [nio-8080-exec-6] org.hibernate.SQL                        : select ue1_0.id,ue1_0.active_flag,ue1_0.created_at,ue1_0.email,ue1_0.full_name,ue1_0.last_login_at,ue1_0.password_hash,r1_0.user_id,r1_1.id,r1_1.active_flag,r1_1.created_at,r1_1.description,r1_1.role_code,r1_1.role_name,r1_1.updated_at,ue1_0.updated_at,ue1_0.username from los_user ue1_0 left join los_user_role r1_0 on ue1_0.id=r1_0.user_id left join los_role r1_1 on r1_1.id=r1_0.role_id where ue1_0.id=?
2026-04-12T10:13:37.911+07:00 DEBUG 8612 --- [ulos] [nio-8080-exec-6] m.m.a.RequestResponseBodyMethodProcessor : Using 'application/json', given [*/*] and supported [application/json, application/*+json]
2026-04-12T10:13:37.911+07:00 DEBUG 8612 --- [ulos] [nio-8080-exec-6] m.m.a.RequestResponseBodyMethodProcessor : Writing [UserProfileResponse[userId=1, username=admin, fullName=System Administrator, email=admin@ulos.local, (truncated)...]
2026-04-12T10:13:37.911+07:00 DEBUG 8612 --- [ulos] [nio-8080-exec-6] o.s.web.servlet.DispatcherServlet        : Completed 200 OK
2026-04-12T10:13:37.977+07:00 DEBUG 8612 --- [ulos] [nio-8080-exec-3] org.hibernate.SQL                        : select ate1_0.id,ate1_0.created_at,ate1_0.expires_at,ate1_0.issued_at,ate1_0.last_accessed_at,ate1_0.revoked_flag,ate1_0.token_value,ate1_0.updated_at,ate1_0.user_id from los_auth_token ate1_0 where ate1_0.token_value=? and not(ate1_0.revoked_flag)
2026-04-12T10:13:37.993+07:00 DEBUG 8612 --- [ulos] [nio-8080-exec-3] org.hibernate.SQL                        : select ue1_0.id,ue1_0.active_flag,ue1_0.created_at,ue1_0.email,ue1_0.full_name,ue1_0.last_login_at,ue1_0.password_hash,r1_0.user_id,r1_1.id,r1_1.active_flag,r1_1.created_at,r1_1.description,r1_1.role_code,r1_1.role_name,r1_1.updated_at,ue1_0.updated_at,ue1_0.username from los_user ue1_0 left join los_user_role r1_0 on ue1_0.id=r1_0.user_id left join los_role r1_1 on r1_1.id=r1_0.role_id where ue1_0.id=?
2026-04-12T10:13:37.994+07:00 DEBUG 8612 --- [ulos] [nio-8080-exec-3] org.hibernate.SQL                        : update los_auth_token set created_at=?,expires_at=?,issued_at=?,last_accessed_at=?,revoked_flag=?,token_value=?,updated_at=?,user_id=? where id=?
2026-04-12T10:13:38.005+07:00 DEBUG 8612 --- [ulos] [nio-8080-exec-3] o.s.web.servlet.DispatcherServlet        : GET "/api/auth/me", parameters={}
2026-04-12T10:13:38.005+07:00 DEBUG 8612 --- [ulos] [nio-8080-exec-3] s.w.s.m.m.a.RequestMappingHandlerMapping : Mapped to com.enterprise.ulos.los.controller.AuthController#me(String, String)
2026-04-12T10:13:38.005+07:00 DEBUG 8612 --- [ulos] [nio-8080-exec-3] org.hibernate.SQL                        : select ate1_0.id,ate1_0.created_at,ate1_0.expires_at,ate1_0.issued_at,ate1_0.last_accessed_at,ate1_0.revoked_flag,ate1_0.token_value,ate1_0.updated_at,ate1_0.user_id from los_auth_token ate1_0 where ate1_0.token_value=? and not(ate1_0.revoked_flag)
2026-04-12T10:13:38.009+07:00 DEBUG 8612 --- [ulos] [nio-8080-exec-3] org.hibernate.SQL                        : select ue1_0.id,ue1_0.active_flag,ue1_0.created_at,ue1_0.email,ue1_0.full_name,ue1_0.last_login_at,ue1_0.password_hash,r1_0.user_id,r1_1.id,r1_1.active_flag,r1_1.created_at,r1_1.description,r1_1.role_code,r1_1.role_name,r1_1.updated_at,ue1_0.updated_at,ue1_0.username from los_user ue1_0 left join los_user_role r1_0 on ue1_0.id=r1_0.user_id left join los_role r1_1 on r1_1.id=r1_0.role_id where ue1_0.id=?
2026-04-12T10:13:38.012+07:00 DEBUG 8612 --- [ulos] [nio-8080-exec-3] org.hibernate.SQL                        : update los_auth_token set created_at=?,expires_at=?,issued_at=?,last_accessed_at=?,revoked_flag=?,token_value=?,updated_at=?,user_id=? where id=?
2026-04-12T10:13:38.017+07:00 DEBUG 8612 --- [ulos] [nio-8080-exec-3] org.hibernate.SQL                        : select ate1_0.id,ate1_0.created_at,ate1_0.expires_at,ate1_0.issued_at,ate1_0.last_accessed_at,ate1_0.revoked_flag,ate1_0.token_value,ate1_0.updated_at,ate1_0.user_id from los_auth_token ate1_0 where ate1_0.token_value=? and not(ate1_0.revoked_flag)
2026-04-12T10:13:38.028+07:00 DEBUG 8612 --- [ulos] [nio-8080-exec-3] org.hibernate.SQL                        : select ue1_0.id,ue1_0.active_flag,ue1_0.created_at,ue1_0.email,ue1_0.full_name,ue1_0.last_login_at,ue1_0.password_hash,r1_0.user_id,r1_1.id,r1_1.active_flag,r1_1.created_at,r1_1.description,r1_1.role_code,r1_1.role_name,r1_1.updated_at,ue1_0.updated_at,ue1_0.username from los_user ue1_0 left join los_user_role r1_0 on ue1_0.id=r1_0.user_id left join los_role r1_1 on r1_1.id=r1_0.role_id where ue1_0.id=?
2026-04-12T10:13:38.030+07:00 DEBUG 8612 --- [ulos] [nio-8080-exec-3] m.m.a.RequestResponseBodyMethodProcessor : Using 'application/json', given [*/*] and supported [application/json, application/*+json]
2026-04-12T10:13:38.031+07:00 DEBUG 8612 --- [ulos] [nio-8080-exec-3] m.m.a.RequestResponseBodyMethodProcessor : Writing [UserProfileResponse[userId=1, username=admin, fullName=System Administrator, email=admin@ulos.local, (truncated)...]
2026-04-12T10:13:38.032+07:00 DEBUG 8612 --- [ulos] [nio-8080-exec-3] o.s.web.servlet.DispatcherServlet        : Completed 200 OK
2026-04-12T10:13:38.093+07:00 DEBUG 8612 --- [ulos] [nio-8080-exec-5] org.hibernate.SQL                        : select ate1_0.id,ate1_0.created_at,ate1_0.expires_at,ate1_0.issued_at,ate1_0.last_accessed_at,ate1_0.revoked_flag,ate1_0.token_value,ate1_0.updated_at,ate1_0.user_id from los_auth_token ate1_0 where ate1_0.token_value=? and not(ate1_0.revoked_flag)
2026-04-12T10:13:38.096+07:00 DEBUG 8612 --- [ulos] [nio-8080-exec-5] org.hibernate.SQL                        : select ue1_0.id,ue1_0.active_flag,ue1_0.created_at,ue1_0.email,ue1_0.full_name,ue1_0.last_login_at,ue1_0.password_hash,r1_0.user_id,r1_1.id,r1_1.active_flag,r1_1.created_at,r1_1.description,r1_1.role_code,r1_1.role_name,r1_1.updated_at,ue1_0.updated_at,ue1_0.username from los_user ue1_0 left join los_user_role r1_0 on ue1_0.id=r1_0.user_id left join los_role r1_1 on r1_1.id=r1_0.role_id where ue1_0.id=?
2026-04-12T10:13:38.099+07:00 DEBUG 8612 --- [ulos] [nio-8080-exec-5] org.hibernate.SQL                        : update los_auth_token set created_at=?,expires_at=?,issued_at=?,last_accessed_at=?,revoked_flag=?,token_value=?,updated_at=?,user_id=? where id=?
2026-04-12T10:13:38.103+07:00 DEBUG 8612 --- [ulos] [nio-8080-exec-8] org.hibernate.SQL                        : select ate1_0.id,ate1_0.created_at,ate1_0.expires_at,ate1_0.issued_at,ate1_0.last_accessed_at,ate1_0.revoked_flag,ate1_0.token_value,ate1_0.updated_at,ate1_0.user_id from los_auth_token ate1_0 where ate1_0.token_value=? and not(ate1_0.revoked_flag)
2026-04-12T10:13:38.105+07:00 DEBUG 8612 --- [ulos] [nio-8080-exec-8] org.hibernate.SQL                        : select ue1_0.id,ue1_0.active_flag,ue1_0.created_at,ue1_0.email,ue1_0.full_name,ue1_0.last_login_at,ue1_0.password_hash,r1_0.user_id,r1_1.id,r1_1.active_flag,r1_1.created_at,r1_1.description,r1_1.role_code,r1_1.role_name,r1_1.updated_at,ue1_0.updated_at,ue1_0.username from los_user ue1_0 left join los_user_role r1_0 on ue1_0.id=r1_0.user_id left join los_role r1_1 on r1_1.id=r1_0.role_id where ue1_0.id=?
2026-04-12T10:13:38.107+07:00 DEBUG 8612 --- [ulos] [nio-8080-exec-8] org.hibernate.SQL                        : update los_auth_token set created_at=?,expires_at=?,issued_at=?,last_accessed_at=?,revoked_flag=?,token_value=?,updated_at=?,user_id=? where id=?
2026-04-12T10:13:38.376+07:00 DEBUG 8612 --- [ulos] [nio-8080-exec-5] o.s.web.servlet.DispatcherServlet        : GET "/api/customers", parameters={}
2026-04-12T10:13:38.376+07:00 DEBUG 8612 --- [ulos] [nio-8080-exec-5] s.w.s.m.m.a.RequestMappingHandlerMapping : Mapped to com.enterprise.ulos.los.controller.CustomerPortfolioController#list()
2026-04-12T10:13:38.376+07:00 DEBUG 8612 --- [ulos] [nio-8080-exec-5] org.hibernate.SQL                        : select ate1_0.id,ate1_0.created_at,ate1_0.expires_at,ate1_0.issued_at,ate1_0.last_accessed_at,ate1_0.revoked_flag,ate1_0.token_value,ate1_0.updated_at,ate1_0.user_id from los_auth_token ate1_0 where ate1_0.token_value=? and not(ate1_0.revoked_flag)
2026-04-12T10:13:38.376+07:00 DEBUG 8612 --- [ulos] [nio-8080-exec-5] org.hibernate.SQL                        : select ue1_0.id,ue1_0.active_flag,ue1_0.created_at,ue1_0.email,ue1_0.full_name,ue1_0.last_login_at,ue1_0.password_hash,r1_0.user_id,r1_1.id,r1_1.active_flag,r1_1.created_at,r1_1.description,r1_1.role_code,r1_1.role_name,r1_1.updated_at,ue1_0.updated_at,ue1_0.username from los_user ue1_0 left join los_user_role r1_0 on ue1_0.id=r1_0.user_id left join los_role r1_1 on r1_1.id=r1_0.role_id where ue1_0.id=?
2026-04-12T10:13:38.376+07:00 DEBUG 8612 --- [ulos] [nio-8080-exec-5] org.hibernate.SQL                        : update los_auth_token set created_at=?,expires_at=?,issued_at=?,last_accessed_at=?,revoked_flag=?,token_value=?,updated_at=?,user_id=? where id=?
2026-04-12T10:13:38.393+07:00 DEBUG 8612 --- [ulos] [nio-8080-exec-8] o.s.web.servlet.DispatcherServlet        : GET "/api/prechecks?type=SLIK&page=0&size=10", parameters={masked}
2026-04-12T10:13:38.393+07:00 DEBUG 8612 --- [ulos] [nio-8080-exec-8] s.w.s.m.m.a.RequestMappingHandlerMapping : Mapped to com.enterprise.ulos.los.controller.PrecheckController#list(String, String, String, int, int)
2026-04-12T10:13:38.393+07:00 DEBUG 8612 --- [ulos] [nio-8080-exec-8] org.hibernate.SQL                        : select ate1_0.id,ate1_0.created_at,ate1_0.expires_at,ate1_0.issued_at,ate1_0.last_accessed_at,ate1_0.revoked_flag,ate1_0.token_value,ate1_0.updated_at,ate1_0.user_id from los_auth_token ate1_0 where ate1_0.token_value=? and not(ate1_0.revoked_flag)
2026-04-12T10:13:38.393+07:00 DEBUG 8612 --- [ulos] [nio-8080-exec-8] org.hibernate.SQL                        : select ue1_0.id,ue1_0.active_flag,ue1_0.created_at,ue1_0.email,ue1_0.full_name,ue1_0.last_login_at,ue1_0.password_hash,r1_0.user_id,r1_1.id,r1_1.active_flag,r1_1.created_at,r1_1.description,r1_1.role_code,r1_1.role_name,r1_1.updated_at,ue1_0.updated_at,ue1_0.username from los_user ue1_0 left join los_user_role r1_0 on ue1_0.id=r1_0.user_id left join los_role r1_1 on r1_1.id=r1_0.role_id where ue1_0.id=?
2026-04-12T10:13:38.393+07:00 DEBUG 8612 --- [ulos] [nio-8080-exec-8] org.hibernate.SQL                        : update los_auth_token set created_at=?,expires_at=?,issued_at=?,last_accessed_at=?,revoked_flag=?,token_value=?,updated_at=?,user_id=? where id=?
2026-04-12T10:13:38.393+07:00 DEBUG 8612 --- [ulos] [nio-8080-exec-5] org.hibernate.SQL                        : select ce1_0.id,ce1_0.cif_number,ce1_0.company_name,ce1_0.company_type,ce1_0.created_at,ce1_0.legal_name,ce1_0.location,ce1_0.profile_json,ce1_0.registration_date,ce1_0.sector,ce1_0.status,ce1_0.tax_id,ce1_0.updated_at from los_customer ce1_0
2026-04-12T10:13:38.408+07:00 DEBUG 8612 --- [ulos] [nio-8080-exec-5] m.m.a.RequestResponseBodyMethodProcessor : Using 'application/json', given [*/*] and supported [application/json, application/*+json]
2026-04-12T10:13:38.409+07:00 DEBUG 8612 --- [ulos] [nio-8080-exec-5] m.m.a.RequestResponseBodyMethodProcessor : Writing [[CustomerSummaryResponse[cifNumber=DEB-9920-X1, companyName=Global Logistics Systems Corp., sector=n (truncated)...]
2026-04-12T10:13:38.411+07:00 DEBUG 8612 --- [ulos] [nio-8080-exec-5] o.s.web.servlet.DispatcherServlet        : Completed 200 OK
2026-04-12T10:13:38.426+07:00 DEBUG 8612 --- [ulos] [nio-8080-exec-8] org.hibernate.SQL                        : select pse1_0.id,pse1_0.check_ref,pse1_0.check_type,pse1_0.completed_at,pse1_0.created_at,pse1_0.customer_id,pse1_0.linked_application_id,pse1_0.notes,pse1_0.requested_at,pse1_0.result_json,pse1_0.result_summary,pse1_0.status,pse1_0.updated_at from los_precheck_session pse1_0 join los_customer c1_0 on c1_0.id=pse1_0.customer_id where (? is null or ?='' or upper(pse1_0.check_type)=upper(?)) and (? is null or ?='' or lower(c1_0.cif_number)=lower(?)) and (? is null or ?='' or lower(pse1_0.check_ref) like lower(concat('%',?,'%')) escape '' or lower(c1_0.cif_number) like lower(concat('%',?,'%')) escape '' or lower(c1_0.company_name) like lower(concat('%',?,'%')) escape '' or lower(coalesce(pse1_0.status,'')) like lower(concat('%',?,'%')) escape '' or lower(coalesce(pse1_0.result_summary,'')) like lower(concat('%',?,'%')) escape '') order by pse1_0.updated_at desc limit ?
2026-04-12T10:13:38.432+07:00 DEBUG 8612 --- [ulos] [nio-8080-exec-8] m.m.a.RequestResponseBodyMethodProcessor : Using 'application/json', given [*/*] and supported [application/json, application/*+json]
2026-04-12T10:13:38.432+07:00 DEBUG 8612 --- [ulos] [nio-8080-exec-8] m.m.a.RequestResponseBodyMethodProcessor : Writing [PrecheckPageResponse[items=[], totalElements=0, totalPages=0, page=0, size=10]]
2026-04-12T10:13:38.433+07:00 DEBUG 8612 --- [ulos] [nio-8080-exec-8] o.s.web.servlet.DispatcherServlet        : Completed 200 OK
2026-04-12T10:13:38.477+07:00 DEBUG 8612 --- [ulos] [nio-8080-exec-7] org.hibernate.SQL                        : select ate1_0.id,ate1_0.created_at,ate1_0.expires_at,ate1_0.issued_at,ate1_0.last_accessed_at,ate1_0.revoked_flag,ate1_0.token_value,ate1_0.updated_at,ate1_0.user_id from los_auth_token ate1_0 where ate1_0.token_value=? and not(ate1_0.revoked_flag)
2026-04-12T10:13:38.479+07:00 DEBUG 8612 --- [ulos] [nio-8080-exec-7] org.hibernate.SQL                        : select ue1_0.id,ue1_0.active_flag,ue1_0.created_at,ue1_0.email,ue1_0.full_name,ue1_0.last_login_at,ue1_0.password_hash,r1_0.user_id,r1_1.id,r1_1.active_flag,r1_1.created_at,r1_1.description,r1_1.role_code,r1_1.role_name,r1_1.updated_at,ue1_0.updated_at,ue1_0.username from los_user ue1_0 left join los_user_role r1_0 on ue1_0.id=r1_0.user_id left join los_role r1_1 on r1_1.id=r1_0.role_id where ue1_0.id=?
2026-04-12T10:13:38.482+07:00 DEBUG 8612 --- [ulos] [nio-8080-exec-7] org.hibernate.SQL                        : update los_auth_token set created_at=?,expires_at=?,issued_at=?,last_accessed_at=?,revoked_flag=?,token_value=?,updated_at=?,user_id=? where id=?
2026-04-12T10:13:38.482+07:00 DEBUG 8612 --- [ulos] [nio-8080-exec-9] org.hibernate.SQL                        : select ate1_0.id,ate1_0.created_at,ate1_0.expires_at,ate1_0.issued_at,ate1_0.last_accessed_at,ate1_0.revoked_flag,ate1_0.token_value,ate1_0.updated_at,ate1_0.user_id from los_auth_token ate1_0 where ate1_0.token_value=? and not(ate1_0.revoked_flag)
2026-04-12T10:13:38.487+07:00 DEBUG 8612 --- [ulos] [nio-8080-exec-9] org.hibernate.SQL                        : select ue1_0.id,ue1_0.active_flag,ue1_0.created_at,ue1_0.email,ue1_0.full_name,ue1_0.last_login_at,ue1_0.password_hash,r1_0.user_id,r1_1.id,r1_1.active_flag,r1_1.created_at,r1_1.description,r1_1.role_code,r1_1.role_name,r1_1.updated_at,ue1_0.updated_at,ue1_0.username from los_user ue1_0 left join los_user_role r1_0 on ue1_0.id=r1_0.user_id left join los_role r1_1 on r1_1.id=r1_0.role_id where ue1_0.id=?
2026-04-12T10:13:38.489+07:00 DEBUG 8612 --- [ulos] [nio-8080-exec-9] org.hibernate.SQL                        : update los_auth_token set created_at=?,expires_at=?,issued_at=?,last_accessed_at=?,revoked_flag=?,token_value=?,updated_at=?,user_id=? where id=?
2026-04-12T10:13:38.495+07:00 DEBUG 8612 --- [ulos] [nio-8080-exec-7] o.s.web.servlet.DispatcherServlet        : GET "/api/customers", parameters={}
2026-04-12T10:13:38.496+07:00 DEBUG 8612 --- [ulos] [nio-8080-exec-7] s.w.s.m.m.a.RequestMappingHandlerMapping : Mapped to com.enterprise.ulos.los.controller.CustomerPortfolioController#list()
2026-04-12T10:13:38.498+07:00 DEBUG 8612 --- [ulos] [nio-8080-exec-7] org.hibernate.SQL                        : select ate1_0.id,ate1_0.created_at,ate1_0.expires_at,ate1_0.issued_at,ate1_0.last_accessed_at,ate1_0.revoked_flag,ate1_0.token_value,ate1_0.updated_at,ate1_0.user_id from los_auth_token ate1_0 where ate1_0.token_value=? and not(ate1_0.revoked_flag)
2026-04-12T10:13:38.500+07:00 DEBUG 8612 --- [ulos] [nio-8080-exec-7] org.hibernate.SQL                        : select ue1_0.id,ue1_0.active_flag,ue1_0.created_at,ue1_0.email,ue1_0.full_name,ue1_0.last_login_at,ue1_0.password_hash,r1_0.user_id,r1_1.id,r1_1.active_flag,r1_1.created_at,r1_1.description,r1_1.role_code,r1_1.role_name,r1_1.updated_at,ue1_0.updated_at,ue1_0.username from los_user ue1_0 left join los_user_role r1_0 on ue1_0.id=r1_0.user_id left join los_role r1_1 on r1_1.id=r1_0.role_id where ue1_0.id=?
2026-04-12T10:13:38.503+07:00 DEBUG 8612 --- [ulos] [nio-8080-exec-7] org.hibernate.SQL                        : update los_auth_token set created_at=?,expires_at=?,issued_at=?,last_accessed_at=?,revoked_flag=?,token_value=?,updated_at=?,user_id=? where id=?
2026-04-12T10:13:38.503+07:00 DEBUG 8612 --- [ulos] [nio-8080-exec-9] o.s.web.servlet.DispatcherServlet        : GET "/api/prechecks?type=SLIK&page=0&size=10", parameters={masked}
2026-04-12T10:13:38.503+07:00 DEBUG 8612 --- [ulos] [nio-8080-exec-9] s.w.s.m.m.a.RequestMappingHandlerMapping : Mapped to com.enterprise.ulos.los.controller.PrecheckController#list(String, String, String, int, int)
2026-04-12T10:13:38.505+07:00 DEBUG 8612 --- [ulos] [nio-8080-exec-9] org.hibernate.SQL                        : select ate1_0.id,ate1_0.created_at,ate1_0.expires_at,ate1_0.issued_at,ate1_0.last_accessed_at,ate1_0.revoked_flag,ate1_0.token_value,ate1_0.updated_at,ate1_0.user_id from los_auth_token ate1_0 where ate1_0.token_value=? and not(ate1_0.revoked_flag)
2026-04-12T10:13:38.506+07:00 DEBUG 8612 --- [ulos] [nio-8080-exec-9] org.hibernate.SQL                        : select ue1_0.id,ue1_0.active_flag,ue1_0.created_at,ue1_0.email,ue1_0.full_name,ue1_0.last_login_at,ue1_0.password_hash,r1_0.user_id,r1_1.id,r1_1.active_flag,r1_1.created_at,r1_1.description,r1_1.role_code,r1_1.role_name,r1_1.updated_at,ue1_0.updated_at,ue1_0.username from los_user ue1_0 left join los_user_role r1_0 on ue1_0.id=r1_0.user_id left join los_role r1_1 on r1_1.id=r1_0.role_id where ue1_0.id=?
2026-04-12T10:13:38.509+07:00 DEBUG 8612 --- [ulos] [nio-8080-exec-9] org.hibernate.SQL                        : update los_auth_token set created_at=?,expires_at=?,issued_at=?,last_accessed_at=?,revoked_flag=?,token_value=?,updated_at=?,user_id=? where id=?
2026-04-12T10:13:38.510+07:00 DEBUG 8612 --- [ulos] [nio-8080-exec-7] org.hibernate.SQL                        : select ce1_0.id,ce1_0.cif_number,ce1_0.company_name,ce1_0.company_type,ce1_0.created_at,ce1_0.legal_name,ce1_0.location,ce1_0.profile_json,ce1_0.registration_date,ce1_0.sector,ce1_0.status,ce1_0.tax_id,ce1_0.updated_at from los_customer ce1_0
2026-04-12T10:13:38.510+07:00 DEBUG 8612 --- [ulos] [nio-8080-exec-7] m.m.a.RequestResponseBodyMethodProcessor : Using 'application/json', given [*/*] and supported [application/json, application/*+json]
2026-04-12T10:13:38.510+07:00 DEBUG 8612 --- [ulos] [nio-8080-exec-7] m.m.a.RequestResponseBodyMethodProcessor : Writing [[CustomerSummaryResponse[cifNumber=DEB-9920-X1, companyName=Global Logistics Systems Corp., sector=n (truncated)...]
2026-04-12T10:13:38.510+07:00 DEBUG 8612 --- [ulos] [nio-8080-exec-7] o.s.web.servlet.DispatcherServlet        : Completed 200 OK
2026-04-12T10:13:38.510+07:00 DEBUG 8612 --- [ulos] [nio-8080-exec-9] org.hibernate.SQL                        : select pse1_0.id,pse1_0.check_ref,pse1_0.check_type,pse1_0.completed_at,pse1_0.created_at,pse1_0.customer_id,pse1_0.linked_application_id,pse1_0.notes,pse1_0.requested_at,pse1_0.result_json,pse1_0.result_summary,pse1_0.status,pse1_0.updated_at from los_precheck_session pse1_0 join los_customer c1_0 on c1_0.id=pse1_0.customer_id where (? is null or ?='' or upper(pse1_0.check_type)=upper(?)) and (? is null or ?='' or lower(c1_0.cif_number)=lower(?)) and (? is null or ?='' or lower(pse1_0.check_ref) like lower(concat('%',?,'%')) escape '' or lower(c1_0.cif_number) like lower(concat('%',?,'%')) escape '' or lower(c1_0.company_name) like lower(concat('%',?,'%')) escape '' or lower(coalesce(pse1_0.status,'')) like lower(concat('%',?,'%')) escape '' or lower(coalesce(pse1_0.result_summary,'')) like lower(concat('%',?,'%')) escape '') order by pse1_0.updated_at desc limit ?
2026-04-12T10:13:38.510+07:00 DEBUG 8612 --- [ulos] [nio-8080-exec-9] m.m.a.RequestResponseBodyMethodProcessor : Using 'application/json', given [*/*] and supported [application/json, application/*+json]
2026-04-12T10:13:38.510+07:00 DEBUG 8612 --- [ulos] [nio-8080-exec-9] m.m.a.RequestResponseBodyMethodProcessor : Writing [PrecheckPageResponse[items=[], totalElements=0, totalPages=0, page=0, size=10]]
2026-04-12T10:13:38.526+07:00 DEBUG 8612 --- [ulos] [nio-8080-exec-9] o.s.web.servlet.DispatcherServlet        : Completed 200 OK
2026-04-12T10:13:56.679+07:00 DEBUG 8612 --- [ulos] [io-8080-exec-10] org.hibernate.SQL                        : select ate1_0.id,ate1_0.created_at,ate1_0.expires_at,ate1_0.issued_at,ate1_0.last_accessed_at,ate1_0.revoked_flag,ate1_0.token_value,ate1_0.updated_at,ate1_0.user_id from los_auth_token ate1_0 where ate1_0.token_value=? and not(ate1_0.revoked_flag)
2026-04-12T10:13:56.682+07:00 DEBUG 8612 --- [ulos] [io-8080-exec-10] org.hibernate.SQL                        : select ue1_0.id,ue1_0.active_flag,ue1_0.created_at,ue1_0.email,ue1_0.full_name,ue1_0.last_login_at,ue1_0.password_hash,r1_0.user_id,r1_1.id,r1_1.active_flag,r1_1.created_at,r1_1.description,r1_1.role_code,r1_1.role_name,r1_1.updated_at,ue1_0.updated_at,ue1_0.username from los_user ue1_0 left join los_user_role r1_0 on ue1_0.id=r1_0.user_id left join los_role r1_1 on r1_1.id=r1_0.role_id where ue1_0.id=?
2026-04-12T10:13:56.684+07:00 DEBUG 8612 --- [ulos] [io-8080-exec-10] org.hibernate.SQL                        : update los_auth_token set created_at=?,expires_at=?,issued_at=?,last_accessed_at=?,revoked_flag=?,token_value=?,updated_at=?,user_id=? where id=?
2026-04-12T10:13:56.697+07:00 DEBUG 8612 --- [ulos] [io-8080-exec-10] o.s.web.servlet.DispatcherServlet        : GET "/api/customers/page?page=0&size=20", parameters={masked}
2026-04-12T10:13:56.697+07:00 DEBUG 8612 --- [ulos] [io-8080-exec-10] s.w.s.m.m.a.RequestMappingHandlerMapping : Mapped to com.enterprise.ulos.los.controller.CustomerPortfolioController#listPage(String, int, int)
2026-04-12T10:13:56.699+07:00 DEBUG 8612 --- [ulos] [io-8080-exec-10] org.hibernate.SQL                        : select ate1_0.id,ate1_0.created_at,ate1_0.expires_at,ate1_0.issued_at,ate1_0.last_accessed_at,ate1_0.revoked_flag,ate1_0.token_value,ate1_0.updated_at,ate1_0.user_id from los_auth_token ate1_0 where ate1_0.token_value=? and not(ate1_0.revoked_flag)
2026-04-12T10:13:56.700+07:00 DEBUG 8612 --- [ulos] [io-8080-exec-10] org.hibernate.SQL                        : select ue1_0.id,ue1_0.active_flag,ue1_0.created_at,ue1_0.email,ue1_0.full_name,ue1_0.last_login_at,ue1_0.password_hash,r1_0.user_id,r1_1.id,r1_1.active_flag,r1_1.created_at,r1_1.description,r1_1.role_code,r1_1.role_name,r1_1.updated_at,ue1_0.updated_at,ue1_0.username from los_user ue1_0 left join los_user_role r1_0 on ue1_0.id=r1_0.user_id left join los_role r1_1 on r1_1.id=r1_0.role_id where ue1_0.id=?
2026-04-12T10:13:56.703+07:00 DEBUG 8612 --- [ulos] [io-8080-exec-10] org.hibernate.SQL                        : update los_auth_token set created_at=?,expires_at=?,issued_at=?,last_accessed_at=?,revoked_flag=?,token_value=?,updated_at=?,user_id=? where id=?
2026-04-12T10:13:56.714+07:00 DEBUG 8612 --- [ulos] [io-8080-exec-10] org.hibernate.SQL                        : select ce1_0.id,ce1_0.cif_number,ce1_0.company_name,ce1_0.company_type,ce1_0.created_at,ce1_0.legal_name,ce1_0.location,ce1_0.profile_json,ce1_0.registration_date,ce1_0.sector,ce1_0.status,ce1_0.tax_id,ce1_0.updated_at from los_customer ce1_0 where (? is null or ?='' or lower(ce1_0.cif_number) like lower(concat('%',?,'%')) escape '' or lower(ce1_0.company_name) like lower(concat('%',?,'%')) escape '' or lower(coalesce(ce1_0.sector,'')) like lower(concat('%',?,'%')) escape '' or lower(coalesce(ce1_0.location,'')) like lower(concat('%',?,'%')) escape '' or lower(coalesce(ce1_0.status,'')) like lower(concat('%',?,'%')) escape '') order by ce1_0.updated_at desc limit ?
2026-04-12T10:13:56.723+07:00 DEBUG 8612 --- [ulos] [io-8080-exec-10] m.m.a.RequestResponseBodyMethodProcessor : Using 'application/json', given [*/*] and supported [application/json, application/*+json]
2026-04-12T10:13:56.723+07:00 DEBUG 8612 --- [ulos] [io-8080-exec-10] m.m.a.RequestResponseBodyMethodProcessor : Writing [CustomerSummaryPageResponse[items=[CustomerSummaryResponse[cifNumber=DEB-9920-X1, companyName=Global (truncated)...]
2026-04-12T10:13:56.724+07:00 DEBUG 8612 --- [ulos] [io-8080-exec-10] o.s.web.servlet.DispatcherServlet        : Completed 200 OK
2026-04-12T10:13:56.737+07:00 DEBUG 8612 --- [ulos] [nio-8080-exec-2] org.hibernate.SQL                        : select ate1_0.id,ate1_0.created_at,ate1_0.expires_at,ate1_0.issued_at,ate1_0.last_accessed_at,ate1_0.revoked_flag,ate1_0.token_value,ate1_0.updated_at,ate1_0.user_id from los_auth_token ate1_0 where ate1_0.token_value=? and not(ate1_0.revoked_flag)
2026-04-12T10:13:56.738+07:00 DEBUG 8612 --- [ulos] [nio-8080-exec-2] org.hibernate.SQL                        : select ue1_0.id,ue1_0.active_flag,ue1_0.created_at,ue1_0.email,ue1_0.full_name,ue1_0.last_login_at,ue1_0.password_hash,r1_0.user_id,r1_1.id,r1_1.active_flag,r1_1.created_at,r1_1.description,r1_1.role_code,r1_1.role_name,r1_1.updated_at,ue1_0.updated_at,ue1_0.username from los_user ue1_0 left join los_user_role r1_0 on ue1_0.id=r1_0.user_id left join los_role r1_1 on r1_1.id=r1_0.role_id where ue1_0.id=?
2026-04-12T10:13:56.741+07:00 DEBUG 8612 --- [ulos] [nio-8080-exec-2] org.hibernate.SQL                        : update los_auth_token set created_at=?,expires_at=?,issued_at=?,last_accessed_at=?,revoked_flag=?,token_value=?,updated_at=?,user_id=? where id=?
2026-04-12T10:13:56.752+07:00 DEBUG 8612 --- [ulos] [nio-8080-exec-2] o.s.web.servlet.DispatcherServlet        : GET "/api/customers/page?page=0&size=20", parameters={masked}
2026-04-12T10:13:56.753+07:00 DEBUG 8612 --- [ulos] [nio-8080-exec-2] s.w.s.m.m.a.RequestMappingHandlerMapping : Mapped to com.enterprise.ulos.los.controller.CustomerPortfolioController#listPage(String, int, int)
2026-04-12T10:13:56.755+07:00 DEBUG 8612 --- [ulos] [nio-8080-exec-2] org.hibernate.SQL                        : select ate1_0.id,ate1_0.created_at,ate1_0.expires_at,ate1_0.issued_at,ate1_0.last_accessed_at,ate1_0.revoked_flag,ate1_0.token_value,ate1_0.updated_at,ate1_0.user_id from los_auth_token ate1_0 where ate1_0.token_value=? and not(ate1_0.revoked_flag)
2026-04-12T10:13:56.757+07:00 DEBUG 8612 --- [ulos] [nio-8080-exec-2] org.hibernate.SQL                        : select ue1_0.id,ue1_0.active_flag,ue1_0.created_at,ue1_0.email,ue1_0.full_name,ue1_0.last_login_at,ue1_0.password_hash,r1_0.user_id,r1_1.id,r1_1.active_flag,r1_1.created_at,r1_1.description,r1_1.role_code,r1_1.role_name,r1_1.updated_at,ue1_0.updated_at,ue1_0.username from los_user ue1_0 left join los_user_role r1_0 on ue1_0.id=r1_0.user_id left join los_role r1_1 on r1_1.id=r1_0.role_id where ue1_0.id=?
2026-04-12T10:13:56.760+07:00 DEBUG 8612 --- [ulos] [nio-8080-exec-2] org.hibernate.SQL                        : update los_auth_token set created_at=?,expires_at=?,issued_at=?,last_accessed_at=?,revoked_flag=?,token_value=?,updated_at=?,user_id=? where id=?
2026-04-12T10:13:56.764+07:00 DEBUG 8612 --- [ulos] [nio-8080-exec-2] org.hibernate.SQL                        : select ce1_0.id,ce1_0.cif_number,ce1_0.company_name,ce1_0.company_type,ce1_0.created_at,ce1_0.legal_name,ce1_0.location,ce1_0.profile_json,ce1_0.registration_date,ce1_0.sector,ce1_0.status,ce1_0.tax_id,ce1_0.updated_at from los_customer ce1_0 where (? is null or ?='' or lower(ce1_0.cif_number) like lower(concat('%',?,'%')) escape '' or lower(ce1_0.company_name) like lower(concat('%',?,'%')) escape '' or lower(coalesce(ce1_0.sector,'')) like lower(concat('%',?,'%')) escape '' or lower(coalesce(ce1_0.location,'')) like lower(concat('%',?,'%')) escape '' or lower(coalesce(ce1_0.status,'')) like lower(concat('%',?,'%')) escape '') order by ce1_0.updated_at desc limit ?
2026-04-12T10:13:56.764+07:00 DEBUG 8612 --- [ulos] [nio-8080-exec-2] m.m.a.RequestResponseBodyMethodProcessor : Using 'application/json', given [*/*] and supported [application/json, application/*+json]
2026-04-12T10:13:56.779+07:00 DEBUG 8612 --- [ulos] [nio-8080-exec-2] m.m.a.RequestResponseBodyMethodProcessor : Writing [CustomerSummaryPageResponse[items=[CustomerSummaryResponse[cifNumber=DEB-9920-X1, companyName=Global (truncated)...]
2026-04-12T10:13:56.779+07:00 DEBUG 8612 --- [ulos] [nio-8080-exec-2] o.s.web.servlet.DispatcherServlet        : Completed 200 OK
2026-04-12T10:13:58.596+07:00 DEBUG 8612 --- [ulos] [nio-8080-exec-4] org.hibernate.SQL                        : select ate1_0.id,ate1_0.created_at,ate1_0.expires_at,ate1_0.issued_at,ate1_0.last_accessed_at,ate1_0.revoked_flag,ate1_0.token_value,ate1_0.updated_at,ate1_0.user_id from los_auth_token ate1_0 where ate1_0.token_value=? and not(ate1_0.revoked_flag)
2026-04-12T10:13:58.598+07:00 DEBUG 8612 --- [ulos] [nio-8080-exec-4] org.hibernate.SQL                        : select ue1_0.id,ue1_0.active_flag,ue1_0.created_at,ue1_0.email,ue1_0.full_name,ue1_0.last_login_at,ue1_0.password_hash,r1_0.user_id,r1_1.id,r1_1.active_flag,r1_1.created_at,r1_1.description,r1_1.role_code,r1_1.role_name,r1_1.updated_at,ue1_0.updated_at,ue1_0.username from los_user ue1_0 left join los_user_role r1_0 on ue1_0.id=r1_0.user_id left join los_role r1_1 on r1_1.id=r1_0.role_id where ue1_0.id=?
2026-04-12T10:13:58.600+07:00 DEBUG 8612 --- [ulos] [nio-8080-exec-4] org.hibernate.SQL                        : update los_auth_token set created_at=?,expires_at=?,issued_at=?,last_accessed_at=?,revoked_flag=?,token_value=?,updated_at=?,user_id=? where id=?
2026-04-12T10:13:58.603+07:00 DEBUG 8612 --- [ulos] [nio-8080-exec-1] org.hibernate.SQL                        : select ate1_0.id,ate1_0.created_at,ate1_0.expires_at,ate1_0.issued_at,ate1_0.last_accessed_at,ate1_0.revoked_flag,ate1_0.token_value,ate1_0.updated_at,ate1_0.user_id from los_auth_token ate1_0 where ate1_0.token_value=? and not(ate1_0.revoked_flag)
2026-04-12T10:13:58.604+07:00 DEBUG 8612 --- [ulos] [nio-8080-exec-1] org.hibernate.SQL                        : select ue1_0.id,ue1_0.active_flag,ue1_0.created_at,ue1_0.email,ue1_0.full_name,ue1_0.last_login_at,ue1_0.password_hash,r1_0.user_id,r1_1.id,r1_1.active_flag,r1_1.created_at,r1_1.description,r1_1.role_code,r1_1.role_name,r1_1.updated_at,ue1_0.updated_at,ue1_0.username from los_user ue1_0 left join los_user_role r1_0 on ue1_0.id=r1_0.user_id left join los_role r1_1 on r1_1.id=r1_0.role_id where ue1_0.id=?
2026-04-12T10:13:58.607+07:00 DEBUG 8612 --- [ulos] [nio-8080-exec-1] org.hibernate.SQL                        : update los_auth_token set created_at=?,expires_at=?,issued_at=?,last_accessed_at=?,revoked_flag=?,token_value=?,updated_at=?,user_id=? where id=?
2026-04-12T10:13:58.618+07:00 DEBUG 8612 --- [ulos] [nio-8080-exec-6] org.hibernate.SQL                        : select ate1_0.id,ate1_0.created_at,ate1_0.expires_at,ate1_0.issued_at,ate1_0.last_accessed_at,ate1_0.revoked_flag,ate1_0.token_value,ate1_0.updated_at,ate1_0.user_id from los_auth_token ate1_0 where ate1_0.token_value=? and not(ate1_0.revoked_flag)
2026-04-12T10:13:58.620+07:00 DEBUG 8612 --- [ulos] [nio-8080-exec-6] org.hibernate.SQL                        : select ue1_0.id,ue1_0.active_flag,ue1_0.created_at,ue1_0.email,ue1_0.full_name,ue1_0.last_login_at,ue1_0.password_hash,r1_0.user_id,r1_1.id,r1_1.active_flag,r1_1.created_at,r1_1.description,r1_1.role_code,r1_1.role_name,r1_1.updated_at,ue1_0.updated_at,ue1_0.username from los_user ue1_0 left join los_user_role r1_0 on ue1_0.id=r1_0.user_id left join los_role r1_1 on r1_1.id=r1_0.role_id where ue1_0.id=?
2026-04-12T10:13:58.622+07:00 DEBUG 8612 --- [ulos] [nio-8080-exec-6] org.hibernate.SQL                        : update los_auth_token set created_at=?,expires_at=?,issued_at=?,last_accessed_at=?,revoked_flag=?,token_value=?,updated_at=?,user_id=? where id=?
2026-04-12T10:13:58.624+07:00 DEBUG 8612 --- [ulos] [nio-8080-exec-4] o.s.web.servlet.DispatcherServlet        : GET "/api/customers/DEB-9920-X1", parameters={}
2026-04-12T10:13:58.625+07:00 DEBUG 8612 --- [ulos] [nio-8080-exec-4] s.w.s.m.m.a.RequestMappingHandlerMapping : Mapped to com.enterprise.ulos.los.controller.CustomerPortfolioController#get(String)
2026-04-12T10:13:58.627+07:00 DEBUG 8612 --- [ulos] [nio-8080-exec-4] org.hibernate.SQL                        : select ate1_0.id,ate1_0.created_at,ate1_0.expires_at,ate1_0.issued_at,ate1_0.last_accessed_at,ate1_0.revoked_flag,ate1_0.token_value,ate1_0.updated_at,ate1_0.user_id from los_auth_token ate1_0 where ate1_0.token_value=? and not(ate1_0.revoked_flag)
2026-04-12T10:13:58.628+07:00 DEBUG 8612 --- [ulos] [nio-8080-exec-4] org.hibernate.SQL                        : select ue1_0.id,ue1_0.active_flag,ue1_0.created_at,ue1_0.email,ue1_0.full_name,ue1_0.last_login_at,ue1_0.password_hash,r1_0.user_id,r1_1.id,r1_1.active_flag,r1_1.created_at,r1_1.description,r1_1.role_code,r1_1.role_name,r1_1.updated_at,ue1_0.updated_at,ue1_0.username from los_user ue1_0 left join los_user_role r1_0 on ue1_0.id=r1_0.user_id left join los_role r1_1 on r1_1.id=r1_0.role_id where ue1_0.id=?
2026-04-12T10:13:58.630+07:00 DEBUG 8612 --- [ulos] [nio-8080-exec-4] org.hibernate.SQL                        : update los_auth_token set created_at=?,expires_at=?,issued_at=?,last_accessed_at=?,revoked_flag=?,token_value=?,updated_at=?,user_id=? where id=?
2026-04-12T10:13:58.636+07:00 DEBUG 8612 --- [ulos] [nio-8080-exec-1] o.s.web.servlet.DispatcherServlet        : GET "/api/prechecks?type=SLIK&customerCif=DEB-9920-X1&page=0&size=5", parameters={masked}
2026-04-12T10:13:58.636+07:00 DEBUG 8612 --- [ulos] [nio-8080-exec-1] s.w.s.m.m.a.RequestMappingHandlerMapping : Mapped to com.enterprise.ulos.los.controller.PrecheckController#list(String, String, String, int, int)
2026-04-12T10:13:58.638+07:00 DEBUG 8612 --- [ulos] [nio-8080-exec-1] org.hibernate.SQL                        : select ate1_0.id,ate1_0.created_at,ate1_0.expires_at,ate1_0.issued_at,ate1_0.last_accessed_at,ate1_0.revoked_flag,ate1_0.token_value,ate1_0.updated_at,ate1_0.user_id from los_auth_token ate1_0 where ate1_0.token_value=? and not(ate1_0.revoked_flag)
2026-04-12T10:13:58.638+07:00 DEBUG 8612 --- [ulos] [nio-8080-exec-1] org.hibernate.SQL                        : select ue1_0.id,ue1_0.active_flag,ue1_0.created_at,ue1_0.email,ue1_0.full_name,ue1_0.last_login_at,ue1_0.password_hash,r1_0.user_id,r1_1.id,r1_1.active_flag,r1_1.created_at,r1_1.description,r1_1.role_code,r1_1.role_name,r1_1.updated_at,ue1_0.updated_at,ue1_0.username from los_user ue1_0 left join los_user_role r1_0 on ue1_0.id=r1_0.user_id left join los_role r1_1 on r1_1.id=r1_0.role_id where ue1_0.id=?
2026-04-12T10:13:58.638+07:00 DEBUG 8612 --- [ulos] [nio-8080-exec-1] org.hibernate.SQL                        : update los_auth_token set created_at=?,expires_at=?,issued_at=?,last_accessed_at=?,revoked_flag=?,token_value=?,updated_at=?,user_id=? where id=?
2026-04-12T10:13:58.653+07:00 DEBUG 8612 --- [ulos] [nio-8080-exec-6] o.s.web.servlet.DispatcherServlet        : GET "/api/prechecks?type=COLLATERAL&customerCif=DEB-9920-X1&page=0&size=5", parameters={masked}
2026-04-12T10:13:58.654+07:00 DEBUG 8612 --- [ulos] [nio-8080-exec-6] s.w.s.m.m.a.RequestMappingHandlerMapping : Mapped to com.enterprise.ulos.los.controller.PrecheckController#list(String, String, String, int, int)
2026-04-12T10:13:58.658+07:00 DEBUG 8612 --- [ulos] [nio-8080-exec-6] org.hibernate.SQL                        : select ate1_0.id,ate1_0.created_at,ate1_0.expires_at,ate1_0.issued_at,ate1_0.last_accessed_at,ate1_0.revoked_flag,ate1_0.token_value,ate1_0.updated_at,ate1_0.user_id from los_auth_token ate1_0 where ate1_0.token_value=? and not(ate1_0.revoked_flag)
2026-04-12T10:13:58.660+07:00 DEBUG 8612 --- [ulos] [nio-8080-exec-6] org.hibernate.SQL                        : select ue1_0.id,ue1_0.active_flag,ue1_0.created_at,ue1_0.email,ue1_0.full_name,ue1_0.last_login_at,ue1_0.password_hash,r1_0.user_id,r1_1.id,r1_1.active_flag,r1_1.created_at,r1_1.description,r1_1.role_code,r1_1.role_name,r1_1.updated_at,ue1_0.updated_at,ue1_0.username from los_user ue1_0 left join los_user_role r1_0 on ue1_0.id=r1_0.user_id left join los_role r1_1 on r1_1.id=r1_0.role_id where ue1_0.id=?
2026-04-12T10:13:58.662+07:00 DEBUG 8612 --- [ulos] [nio-8080-exec-6] org.hibernate.SQL                        : update los_auth_token set created_at=?,expires_at=?,issued_at=?,last_accessed_at=?,revoked_flag=?,token_value=?,updated_at=?,user_id=? where id=?
2026-04-12T10:13:58.671+07:00 DEBUG 8612 --- [ulos] [nio-8080-exec-4] org.hibernate.SQL                        : select ce1_0.id,ce1_0.cif_number,ce1_0.company_name,ce1_0.company_type,ce1_0.created_at,ce1_0.legal_name,ce1_0.location,ce1_0.profile_json,ce1_0.registration_date,ce1_0.sector,ce1_0.status,ce1_0.tax_id,ce1_0.updated_at from los_customer ce1_0 where ce1_0.cif_number=?
2026-04-12T10:13:58.673+07:00 DEBUG 8612 --- [ulos] [nio-8080-exec-4] m.m.a.RequestResponseBodyMethodProcessor : Using 'application/json', given [*/*] and supported [application/json, application/*+json]
2026-04-12T10:13:58.674+07:00 DEBUG 8612 --- [ulos] [nio-8080-exec-4] m.m.a.RequestResponseBodyMethodProcessor : Writing [CustomerDetailResponse[id=1, cifNumber=DEB-9920-X1, companyName=Global Logistics Systems Corp., lega (truncated)...]
2026-04-12T10:13:58.675+07:00 DEBUG 8612 --- [ulos] [nio-8080-exec-4] o.s.web.servlet.DispatcherServlet        : Completed 200 OK
2026-04-12T10:13:58.681+07:00 DEBUG 8612 --- [ulos] [nio-8080-exec-1] org.hibernate.SQL                        : select pse1_0.id,pse1_0.check_ref,pse1_0.check_type,pse1_0.completed_at,pse1_0.created_at,pse1_0.customer_id,pse1_0.linked_application_id,pse1_0.notes,pse1_0.requested_at,pse1_0.result_json,pse1_0.result_summary,pse1_0.status,pse1_0.updated_at from los_precheck_session pse1_0 join los_customer c1_0 on c1_0.id=pse1_0.customer_id where (? is null or ?='' or upper(pse1_0.check_type)=upper(?)) and (? is null or ?='' or lower(c1_0.cif_number)=lower(?)) and (? is null or ?='' or lower(pse1_0.check_ref) like lower(concat('%',?,'%')) escape '' or lower(c1_0.cif_number) like lower(concat('%',?,'%')) escape '' or lower(c1_0.company_name) like lower(concat('%',?,'%')) escape '' or lower(coalesce(pse1_0.status,'')) like lower(concat('%',?,'%')) escape '' or lower(coalesce(pse1_0.result_summary,'')) like lower(concat('%',?,'%')) escape '') order by pse1_0.updated_at desc limit ?
2026-04-12T10:13:58.684+07:00 DEBUG 8612 --- [ulos] [nio-8080-exec-1] m.m.a.RequestResponseBodyMethodProcessor : Using 'application/json', given [*/*] and supported [application/json, application/*+json]
2026-04-12T10:13:58.684+07:00 DEBUG 8612 --- [ulos] [nio-8080-exec-1] m.m.a.RequestResponseBodyMethodProcessor : Writing [PrecheckPageResponse[items=[], totalElements=0, totalPages=0, page=0, size=5]]
2026-04-12T10:13:58.685+07:00 DEBUG 8612 --- [ulos] [nio-8080-exec-1] o.s.web.servlet.DispatcherServlet        : Completed 200 OK
2026-04-12T10:13:58.695+07:00 DEBUG 8612 --- [ulos] [nio-8080-exec-3] org.hibernate.SQL                        : select ate1_0.id,ate1_0.created_at,ate1_0.expires_at,ate1_0.issued_at,ate1_0.last_accessed_at,ate1_0.revoked_flag,ate1_0.token_value,ate1_0.updated_at,ate1_0.user_id from los_auth_token ate1_0 where ate1_0.token_value=? and not(ate1_0.revoked_flag)
2026-04-12T10:13:58.695+07:00 DEBUG 8612 --- [ulos] [nio-8080-exec-5] org.hibernate.SQL                        : select ate1_0.id,ate1_0.created_at,ate1_0.expires_at,ate1_0.issued_at,ate1_0.last_accessed_at,ate1_0.revoked_flag,ate1_0.token_value,ate1_0.updated_at,ate1_0.user_id from los_auth_token ate1_0 where ate1_0.token_value=? and not(ate1_0.revoked_flag)
2026-04-12T10:13:58.697+07:00 DEBUG 8612 --- [ulos] [nio-8080-exec-5] org.hibernate.SQL                        : select ue1_0.id,ue1_0.active_flag,ue1_0.created_at,ue1_0.email,ue1_0.full_name,ue1_0.last_login_at,ue1_0.password_hash,r1_0.user_id,r1_1.id,r1_1.active_flag,r1_1.created_at,r1_1.description,r1_1.role_code,r1_1.role_name,r1_1.updated_at,ue1_0.updated_at,ue1_0.username from los_user ue1_0 left join los_user_role r1_0 on ue1_0.id=r1_0.user_id left join los_role r1_1 on r1_1.id=r1_0.role_id where ue1_0.id=?
2026-04-12T10:13:58.697+07:00 DEBUG 8612 --- [ulos] [nio-8080-exec-3] org.hibernate.SQL                        : select ue1_0.id,ue1_0.active_flag,ue1_0.created_at,ue1_0.email,ue1_0.full_name,ue1_0.last_login_at,ue1_0.password_hash,r1_0.user_id,r1_1.id,r1_1.active_flag,r1_1.created_at,r1_1.description,r1_1.role_code,r1_1.role_name,r1_1.updated_at,ue1_0.updated_at,ue1_0.username from los_user ue1_0 left join los_user_role r1_0 on ue1_0.id=r1_0.user_id left join los_role r1_1 on r1_1.id=r1_0.role_id where ue1_0.id=?
2026-04-12T10:13:58.699+07:00 DEBUG 8612 --- [ulos] [nio-8080-exec-6] org.hibernate.SQL                        : select pse1_0.id,pse1_0.check_ref,pse1_0.check_type,pse1_0.completed_at,pse1_0.created_at,pse1_0.customer_id,pse1_0.linked_application_id,pse1_0.notes,pse1_0.requested_at,pse1_0.result_json,pse1_0.result_summary,pse1_0.status,pse1_0.updated_at from los_precheck_session pse1_0 join los_customer c1_0 on c1_0.id=pse1_0.customer_id where (? is null or ?='' or upper(pse1_0.check_type)=upper(?)) and (? is null or ?='' or lower(c1_0.cif_number)=lower(?)) and (? is null or ?='' or lower(pse1_0.check_ref) like lower(concat('%',?,'%')) escape '' or lower(c1_0.cif_number) like lower(concat('%',?,'%')) escape '' or lower(c1_0.company_name) like lower(concat('%',?,'%')) escape '' or lower(coalesce(pse1_0.status,'')) like lower(concat('%',?,'%')) escape '' or lower(coalesce(pse1_0.result_summary,'')) like lower(concat('%',?,'%')) escape '') order by pse1_0.updated_at desc limit ?
2026-04-12T10:13:58.700+07:00 DEBUG 8612 --- [ulos] [nio-8080-exec-3] org.hibernate.SQL                        : update los_auth_token set created_at=?,expires_at=?,issued_at=?,last_accessed_at=?,revoked_flag=?,token_value=?,updated_at=?,user_id=? where id=?
2026-04-12T10:13:58.701+07:00 DEBUG 8612 --- [ulos] [nio-8080-exec-5] org.hibernate.SQL                        : update los_auth_token set created_at=?,expires_at=?,issued_at=?,last_accessed_at=?,revoked_flag=?,token_value=?,updated_at=?,user_id=? where id=?
2026-04-12T10:13:58.702+07:00 DEBUG 8612 --- [ulos] [nio-8080-exec-6] m.m.a.RequestResponseBodyMethodProcessor : Using 'application/json', given [*/*] and supported [application/json, application/*+json]
2026-04-12T10:13:58.702+07:00 DEBUG 8612 --- [ulos] [nio-8080-exec-6] m.m.a.RequestResponseBodyMethodProcessor : Writing [PrecheckPageResponse[items=[], totalElements=0, totalPages=0, page=0, size=5]]
2026-04-12T10:13:58.703+07:00 DEBUG 8612 --- [ulos] [nio-8080-exec-6] o.s.web.servlet.DispatcherServlet        : Completed 200 OK
2026-04-12T10:13:58.716+07:00 DEBUG 8612 --- [ulos] [nio-8080-exec-8] org.hibernate.SQL                        : select ate1_0.id,ate1_0.created_at,ate1_0.expires_at,ate1_0.issued_at,ate1_0.last_accessed_at,ate1_0.revoked_flag,ate1_0.token_value,ate1_0.updated_at,ate1_0.user_id from los_auth_token ate1_0 where ate1_0.token_value=? and not(ate1_0.revoked_flag)
2026-04-12T10:13:58.717+07:00 DEBUG 8612 --- [ulos] [nio-8080-exec-8] org.hibernate.SQL                        : select ue1_0.id,ue1_0.active_flag,ue1_0.created_at,ue1_0.email,ue1_0.full_name,ue1_0.last_login_at,ue1_0.password_hash,r1_0.user_id,r1_1.id,r1_1.active_flag,r1_1.created_at,r1_1.description,r1_1.role_code,r1_1.role_name,r1_1.updated_at,ue1_0.updated_at,ue1_0.username from los_user ue1_0 left join los_user_role r1_0 on ue1_0.id=r1_0.user_id left join los_role r1_1 on r1_1.id=r1_0.role_id where ue1_0.id=?
2026-04-12T10:13:58.720+07:00 DEBUG 8612 --- [ulos] [nio-8080-exec-8] org.hibernate.SQL                        : update los_auth_token set created_at=?,expires_at=?,issued_at=?,last_accessed_at=?,revoked_flag=?,token_value=?,updated_at=?,user_id=? where id=?
2026-04-12T10:13:58.723+07:00 DEBUG 8612 --- [ulos] [nio-8080-exec-3] o.s.web.servlet.DispatcherServlet        : GET "/api/customers/DEB-9920-X1", parameters={}
2026-04-12T10:13:58.723+07:00 DEBUG 8612 --- [ulos] [nio-8080-exec-3] s.w.s.m.m.a.RequestMappingHandlerMapping : Mapped to com.enterprise.ulos.los.controller.CustomerPortfolioController#get(String)
2026-04-12T10:13:58.724+07:00 DEBUG 8612 --- [ulos] [nio-8080-exec-3] org.hibernate.SQL                        : select ate1_0.id,ate1_0.created_at,ate1_0.expires_at,ate1_0.issued_at,ate1_0.last_accessed_at,ate1_0.revoked_flag,ate1_0.token_value,ate1_0.updated_at,ate1_0.user_id from los_auth_token ate1_0 where ate1_0.token_value=? and not(ate1_0.revoked_flag)
2026-04-12T10:13:58.726+07:00 DEBUG 8612 --- [ulos] [nio-8080-exec-3] org.hibernate.SQL                        : select ue1_0.id,ue1_0.active_flag,ue1_0.created_at,ue1_0.email,ue1_0.full_name,ue1_0.last_login_at,ue1_0.password_hash,r1_0.user_id,r1_1.id,r1_1.active_flag,r1_1.created_at,r1_1.description,r1_1.role_code,r1_1.role_name,r1_1.updated_at,ue1_0.updated_at,ue1_0.username from los_user ue1_0 left join los_user_role r1_0 on ue1_0.id=r1_0.user_id left join los_role r1_1 on r1_1.id=r1_0.role_id where ue1_0.id=?
2026-04-12T10:13:58.728+07:00 DEBUG 8612 --- [ulos] [nio-8080-exec-3] org.hibernate.SQL                        : update los_auth_token set created_at=?,expires_at=?,issued_at=?,last_accessed_at=?,revoked_flag=?,token_value=?,updated_at=?,user_id=? where id=?
2026-04-12T10:13:58.732+07:00 DEBUG 8612 --- [ulos] [nio-8080-exec-5] o.s.web.servlet.DispatcherServlet        : GET "/api/prechecks?type=SLIK&customerCif=DEB-9920-X1&page=0&size=5", parameters={masked}
2026-04-12T10:13:58.732+07:00 DEBUG 8612 --- [ulos] [nio-8080-exec-5] s.w.s.m.m.a.RequestMappingHandlerMapping : Mapped to com.enterprise.ulos.los.controller.PrecheckController#list(String, String, String, int, int)
2026-04-12T10:13:58.732+07:00 DEBUG 8612 --- [ulos] [nio-8080-exec-5] org.hibernate.SQL                        : select ate1_0.id,ate1_0.created_at,ate1_0.expires_at,ate1_0.issued_at,ate1_0.last_accessed_at,ate1_0.revoked_flag,ate1_0.token_value,ate1_0.updated_at,ate1_0.user_id from los_auth_token ate1_0 where ate1_0.token_value=? and not(ate1_0.revoked_flag)
2026-04-12T10:13:58.732+07:00 DEBUG 8612 --- [ulos] [nio-8080-exec-5] org.hibernate.SQL                        : select ue1_0.id,ue1_0.active_flag,ue1_0.created_at,ue1_0.email,ue1_0.full_name,ue1_0.last_login_at,ue1_0.password_hash,r1_0.user_id,r1_1.id,r1_1.active_flag,r1_1.created_at,r1_1.description,r1_1.role_code,r1_1.role_name,r1_1.updated_at,ue1_0.updated_at,ue1_0.username from los_user ue1_0 left join los_user_role r1_0 on ue1_0.id=r1_0.user_id left join los_role r1_1 on r1_1.id=r1_0.role_id where ue1_0.id=?
2026-04-12T10:13:58.732+07:00 DEBUG 8612 --- [ulos] [nio-8080-exec-5] org.hibernate.SQL                        : update los_auth_token set created_at=?,expires_at=?,issued_at=?,last_accessed_at=?,revoked_flag=?,token_value=?,updated_at=?,user_id=? where id=?
2026-04-12T10:13:58.748+07:00 DEBUG 8612 --- [ulos] [nio-8080-exec-8] o.s.web.servlet.DispatcherServlet        : GET "/api/prechecks?type=COLLATERAL&customerCif=DEB-9920-X1&page=0&size=5", parameters={masked}
2026-04-12T10:13:58.748+07:00 DEBUG 8612 --- [ulos] [nio-8080-exec-8] s.w.s.m.m.a.RequestMappingHandlerMapping : Mapped to com.enterprise.ulos.los.controller.PrecheckController#list(String, String, String, int, int)
2026-04-12T10:13:58.748+07:00 DEBUG 8612 --- [ulos] [nio-8080-exec-8] org.hibernate.SQL                        : select ate1_0.id,ate1_0.created_at,ate1_0.expires_at,ate1_0.issued_at,ate1_0.last_accessed_at,ate1_0.revoked_flag,ate1_0.token_value,ate1_0.updated_at,ate1_0.user_id from los_auth_token ate1_0 where ate1_0.token_value=? and not(ate1_0.revoked_flag)
2026-04-12T10:13:58.748+07:00 DEBUG 8612 --- [ulos] [nio-8080-exec-8] org.hibernate.SQL                        : select ue1_0.id,ue1_0.active_flag,ue1_0.created_at,ue1_0.email,ue1_0.full_name,ue1_0.last_login_at,ue1_0.password_hash,r1_0.user_id,r1_1.id,r1_1.active_flag,r1_1.created_at,r1_1.description,r1_1.role_code,r1_1.role_name,r1_1.updated_at,ue1_0.updated_at,ue1_0.username from los_user ue1_0 left join los_user_role r1_0 on ue1_0.id=r1_0.user_id left join los_role r1_1 on r1_1.id=r1_0.role_id where ue1_0.id=?
2026-04-12T10:13:58.763+07:00 DEBUG 8612 --- [ulos] [nio-8080-exec-8] org.hibernate.SQL                        : update los_auth_token set created_at=?,expires_at=?,issued_at=?,last_accessed_at=?,revoked_flag=?,token_value=?,updated_at=?,user_id=? where id=?
2026-04-12T10:13:58.763+07:00 DEBUG 8612 --- [ulos] [nio-8080-exec-3] org.hibernate.SQL                        : select ce1_0.id,ce1_0.cif_number,ce1_0.company_name,ce1_0.company_type,ce1_0.created_at,ce1_0.legal_name,ce1_0.location,ce1_0.profile_json,ce1_0.registration_date,ce1_0.sector,ce1_0.status,ce1_0.tax_id,ce1_0.updated_at from los_customer ce1_0 where ce1_0.cif_number=?
2026-04-12T10:13:58.781+07:00 DEBUG 8612 --- [ulos] [nio-8080-exec-3] m.m.a.RequestResponseBodyMethodProcessor : Using 'application/json', given [*/*] and supported [application/json, application/*+json]
2026-04-12T10:13:58.782+07:00 DEBUG 8612 --- [ulos] [nio-8080-exec-3] m.m.a.RequestResponseBodyMethodProcessor : Writing [CustomerDetailResponse[id=1, cifNumber=DEB-9920-X1, companyName=Global Logistics Systems Corp., lega (truncated)...]
2026-04-12T10:13:58.783+07:00 DEBUG 8612 --- [ulos] [nio-8080-exec-3] o.s.web.servlet.DispatcherServlet        : Completed 200 OK
2026-04-12T10:13:58.797+07:00 DEBUG 8612 --- [ulos] [nio-8080-exec-5] org.hibernate.SQL                        : select pse1_0.id,pse1_0.check_ref,pse1_0.check_type,pse1_0.completed_at,pse1_0.created_at,pse1_0.customer_id,pse1_0.linked_application_id,pse1_0.notes,pse1_0.requested_at,pse1_0.result_json,pse1_0.result_summary,pse1_0.status,pse1_0.updated_at from los_precheck_session pse1_0 join los_customer c1_0 on c1_0.id=pse1_0.customer_id where (? is null or ?='' or upper(pse1_0.check_type)=upper(?)) and (? is null or ?='' or lower(c1_0.cif_number)=lower(?)) and (? is null or ?='' or lower(pse1_0.check_ref) like lower(concat('%',?,'%')) escape '' or lower(c1_0.cif_number) like lower(concat('%',?,'%')) escape '' or lower(c1_0.company_name) like lower(concat('%',?,'%')) escape '' or lower(coalesce(pse1_0.status,'')) like lower(concat('%',?,'%')) escape '' or lower(coalesce(pse1_0.result_summary,'')) like lower(concat('%',?,'%')) escape '') order by pse1_0.updated_at desc limit ?
2026-04-12T10:13:58.799+07:00 DEBUG 8612 --- [ulos] [nio-8080-exec-5] m.m.a.RequestResponseBodyMethodProcessor : Using 'application/json', given [*/*] and supported [application/json, application/*+json]
2026-04-12T10:13:58.799+07:00 DEBUG 8612 --- [ulos] [nio-8080-exec-5] m.m.a.RequestResponseBodyMethodProcessor : Writing [PrecheckPageResponse[items=[], totalElements=0, totalPages=0, page=0, size=5]]
2026-04-12T10:13:58.800+07:00 DEBUG 8612 --- [ulos] [nio-8080-exec-5] o.s.web.servlet.DispatcherServlet        : Completed 200 OK
2026-04-12T10:13:58.817+07:00 DEBUG 8612 --- [ulos] [nio-8080-exec-8] org.hibernate.SQL                        : select pse1_0.id,pse1_0.check_ref,pse1_0.check_type,pse1_0.completed_at,pse1_0.created_at,pse1_0.customer_id,pse1_0.linked_application_id,pse1_0.notes,pse1_0.requested_at,pse1_0.result_json,pse1_0.result_summary,pse1_0.status,pse1_0.updated_at from los_precheck_session pse1_0 join los_customer c1_0 on c1_0.id=pse1_0.customer_id where (? is null or ?='' or upper(pse1_0.check_type)=upper(?)) and (? is null or ?='' or lower(c1_0.cif_number)=lower(?)) and (? is null or ?='' or lower(pse1_0.check_ref) like lower(concat('%',?,'%')) escape '' or lower(c1_0.cif_number) like lower(concat('%',?,'%')) escape '' or lower(c1_0.company_name) like lower(concat('%',?,'%')) escape '' or lower(coalesce(pse1_0.status,'')) like lower(concat('%',?,'%')) escape '' or lower(coalesce(pse1_0.result_summary,'')) like lower(concat('%',?,'%')) escape '') order by pse1_0.updated_at desc limit ?
2026-04-12T10:13:58.830+07:00 DEBUG 8612 --- [ulos] [nio-8080-exec-8] m.m.a.RequestResponseBodyMethodProcessor : Using 'application/json', given [*/*] and supported [application/json, application/*+json]
2026-04-12T10:13:58.830+07:00 DEBUG 8612 --- [ulos] [nio-8080-exec-8] m.m.a.RequestResponseBodyMethodProcessor : Writing [PrecheckPageResponse[items=[], totalElements=0, totalPages=0, page=0, size=5]]
2026-04-12T10:13:58.830+07:00 DEBUG 8612 --- [ulos] [nio-8080-exec-8] o.s.web.servlet.DispatcherServlet        : Completed 200 OK
2026-04-12T10:14:02.779+07:00 DEBUG 8612 --- [ulos] [nio-8080-exec-7] org.hibernate.SQL                        : select ate1_0.id,ate1_0.created_at,ate1_0.expires_at,ate1_0.issued_at,ate1_0.last_accessed_at,ate1_0.revoked_flag,ate1_0.token_value,ate1_0.updated_at,ate1_0.user_id from los_auth_token ate1_0 where ate1_0.token_value=? and not(ate1_0.revoked_flag)
2026-04-12T10:14:02.780+07:00 DEBUG 8612 --- [ulos] [nio-8080-exec-7] org.hibernate.SQL                        : select ue1_0.id,ue1_0.active_flag,ue1_0.created_at,ue1_0.email,ue1_0.full_name,ue1_0.last_login_at,ue1_0.password_hash,r1_0.user_id,r1_1.id,r1_1.active_flag,r1_1.created_at,r1_1.description,r1_1.role_code,r1_1.role_name,r1_1.updated_at,ue1_0.updated_at,ue1_0.username from los_user ue1_0 left join los_user_role r1_0 on ue1_0.id=r1_0.user_id left join los_role r1_1 on r1_1.id=r1_0.role_id where ue1_0.id=?
2026-04-12T10:14:02.783+07:00 DEBUG 8612 --- [ulos] [nio-8080-exec-7] org.hibernate.SQL                        : update los_auth_token set created_at=?,expires_at=?,issued_at=?,last_accessed_at=?,revoked_flag=?,token_value=?,updated_at=?,user_id=? where id=?
2026-04-12T10:14:02.783+07:00 DEBUG 8612 --- [ulos] [nio-8080-exec-9] org.hibernate.SQL                        : select ate1_0.id,ate1_0.created_at,ate1_0.expires_at,ate1_0.issued_at,ate1_0.last_accessed_at,ate1_0.revoked_flag,ate1_0.token_value,ate1_0.updated_at,ate1_0.user_id from los_auth_token ate1_0 where ate1_0.token_value=? and not(ate1_0.revoked_flag)
2026-04-12T10:14:02.784+07:00 DEBUG 8612 --- [ulos] [nio-8080-exec-9] org.hibernate.SQL                        : select ue1_0.id,ue1_0.active_flag,ue1_0.created_at,ue1_0.email,ue1_0.full_name,ue1_0.last_login_at,ue1_0.password_hash,r1_0.user_id,r1_1.id,r1_1.active_flag,r1_1.created_at,r1_1.description,r1_1.role_code,r1_1.role_name,r1_1.updated_at,ue1_0.updated_at,ue1_0.username from los_user ue1_0 left join los_user_role r1_0 on ue1_0.id=r1_0.user_id left join los_role r1_1 on r1_1.id=r1_0.role_id where ue1_0.id=?
2026-04-12T10:14:02.786+07:00 DEBUG 8612 --- [ulos] [nio-8080-exec-9] org.hibernate.SQL                        : update los_auth_token set created_at=?,expires_at=?,issued_at=?,last_accessed_at=?,revoked_flag=?,token_value=?,updated_at=?,user_id=? where id=?
2026-04-12T10:14:02.797+07:00 DEBUG 8612 --- [ulos] [nio-8080-exec-7] o.s.web.servlet.DispatcherServlet        : GET "/api/customers", parameters={}
2026-04-12T10:14:02.797+07:00 DEBUG 8612 --- [ulos] [nio-8080-exec-7] s.w.s.m.m.a.RequestMappingHandlerMapping : Mapped to com.enterprise.ulos.los.controller.CustomerPortfolioController#list()
2026-04-12T10:14:02.799+07:00 DEBUG 8612 --- [ulos] [nio-8080-exec-7] org.hibernate.SQL                        : select ate1_0.id,ate1_0.created_at,ate1_0.expires_at,ate1_0.issued_at,ate1_0.last_accessed_at,ate1_0.revoked_flag,ate1_0.token_value,ate1_0.updated_at,ate1_0.user_id from los_auth_token ate1_0 where ate1_0.token_value=? and not(ate1_0.revoked_flag)
2026-04-12T10:14:02.801+07:00 DEBUG 8612 --- [ulos] [nio-8080-exec-7] org.hibernate.SQL                        : select ue1_0.id,ue1_0.active_flag,ue1_0.created_at,ue1_0.email,ue1_0.full_name,ue1_0.last_login_at,ue1_0.password_hash,r1_0.user_id,r1_1.id,r1_1.active_flag,r1_1.created_at,r1_1.description,r1_1.role_code,r1_1.role_name,r1_1.updated_at,ue1_0.updated_at,ue1_0.username from los_user ue1_0 left join los_user_role r1_0 on ue1_0.id=r1_0.user_id left join los_role r1_1 on r1_1.id=r1_0.role_id where ue1_0.id=?
2026-04-12T10:14:02.802+07:00 DEBUG 8612 --- [ulos] [nio-8080-exec-7] org.hibernate.SQL                        : update los_auth_token set created_at=?,expires_at=?,issued_at=?,last_accessed_at=?,revoked_flag=?,token_value=?,updated_at=?,user_id=? where id=?
2026-04-12T10:14:02.805+07:00 DEBUG 8612 --- [ulos] [nio-8080-exec-9] o.s.web.servlet.DispatcherServlet        : GET "/api/prechecks?type=SLIK&page=0&size=10", parameters={masked}
2026-04-12T10:14:02.806+07:00 DEBUG 8612 --- [ulos] [nio-8080-exec-9] s.w.s.m.m.a.RequestMappingHandlerMapping : Mapped to com.enterprise.ulos.los.controller.PrecheckController#list(String, String, String, int, int)
2026-04-12T10:14:02.807+07:00 DEBUG 8612 --- [ulos] [nio-8080-exec-9] org.hibernate.SQL                        : select ate1_0.id,ate1_0.created_at,ate1_0.expires_at,ate1_0.issued_at,ate1_0.last_accessed_at,ate1_0.revoked_flag,ate1_0.token_value,ate1_0.updated_at,ate1_0.user_id from los_auth_token ate1_0 where ate1_0.token_value=? and not(ate1_0.revoked_flag)
2026-04-12T10:14:02.809+07:00 DEBUG 8612 --- [ulos] [nio-8080-exec-9] org.hibernate.SQL                        : select ue1_0.id,ue1_0.active_flag,ue1_0.created_at,ue1_0.email,ue1_0.full_name,ue1_0.last_login_at,ue1_0.password_hash,r1_0.user_id,r1_1.id,r1_1.active_flag,r1_1.created_at,r1_1.description,r1_1.role_code,r1_1.role_name,r1_1.updated_at,ue1_0.updated_at,ue1_0.username from los_user ue1_0 left join los_user_role r1_0 on ue1_0.id=r1_0.user_id left join los_role r1_1 on r1_1.id=r1_0.role_id where ue1_0.id=?
2026-04-12T10:14:02.811+07:00 DEBUG 8612 --- [ulos] [nio-8080-exec-9] org.hibernate.SQL                        : update los_auth_token set created_at=?,expires_at=?,issued_at=?,last_accessed_at=?,revoked_flag=?,token_value=?,updated_at=?,user_id=? where id=?
2026-04-12T10:14:02.818+07:00 DEBUG 8612 --- [ulos] [nio-8080-exec-7] org.hibernate.SQL                        : select ce1_0.id,ce1_0.cif_number,ce1_0.company_name,ce1_0.company_type,ce1_0.created_at,ce1_0.legal_name,ce1_0.location,ce1_0.profile_json,ce1_0.registration_date,ce1_0.sector,ce1_0.status,ce1_0.tax_id,ce1_0.updated_at from los_customer ce1_0
2026-04-12T10:14:02.819+07:00 DEBUG 8612 --- [ulos] [nio-8080-exec-7] m.m.a.RequestResponseBodyMethodProcessor : Using 'application/json', given [*/*] and supported [application/json, application/*+json]
2026-04-12T10:14:02.819+07:00 DEBUG 8612 --- [ulos] [nio-8080-exec-7] m.m.a.RequestResponseBodyMethodProcessor : Writing [[CustomerSummaryResponse[cifNumber=DEB-9920-X1, companyName=Global Logistics Systems Corp., sector=n (truncated)...]
2026-04-12T10:14:02.819+07:00 DEBUG 8612 --- [ulos] [nio-8080-exec-7] o.s.web.servlet.DispatcherServlet        : Completed 200 OK
2026-04-12T10:14:02.830+07:00 DEBUG 8612 --- [ulos] [nio-8080-exec-9] org.hibernate.SQL                        : select pse1_0.id,pse1_0.check_ref,pse1_0.check_type,pse1_0.completed_at,pse1_0.created_at,pse1_0.customer_id,pse1_0.linked_application_id,pse1_0.notes,pse1_0.requested_at,pse1_0.result_json,pse1_0.result_summary,pse1_0.status,pse1_0.updated_at from los_precheck_session pse1_0 join los_customer c1_0 on c1_0.id=pse1_0.customer_id where (? is null or ?='' or upper(pse1_0.check_type)=upper(?)) and (? is null or ?='' or lower(c1_0.cif_number)=lower(?)) and (? is null or ?='' or lower(pse1_0.check_ref) like lower(concat('%',?,'%')) escape '' or lower(c1_0.cif_number) like lower(concat('%',?,'%')) escape '' or lower(c1_0.company_name) like lower(concat('%',?,'%')) escape '' or lower(coalesce(pse1_0.status,'')) like lower(concat('%',?,'%')) escape '' or lower(coalesce(pse1_0.result_summary,'')) like lower(concat('%',?,'%')) escape '') order by pse1_0.updated_at desc limit ?
2026-04-12T10:14:02.834+07:00 DEBUG 8612 --- [ulos] [nio-8080-exec-9] m.m.a.RequestResponseBodyMethodProcessor : Using 'application/json', given [*/*] and supported [application/json, application/*+json]
2026-04-12T10:14:02.834+07:00 DEBUG 8612 --- [ulos] [nio-8080-exec-9] m.m.a.RequestResponseBodyMethodProcessor : Writing [PrecheckPageResponse[items=[], totalElements=0, totalPages=0, page=0, size=10]]
2026-04-12T10:14:02.835+07:00 DEBUG 8612 --- [ulos] [nio-8080-exec-9] o.s.web.servlet.DispatcherServlet        : Completed 200 OK
2026-04-12T10:14:02.837+07:00 DEBUG 8612 --- [ulos] [io-8080-exec-10] org.hibernate.SQL                        : select ate1_0.id,ate1_0.created_at,ate1_0.expires_at,ate1_0.issued_at,ate1_0.last_accessed_at,ate1_0.revoked_flag,ate1_0.token_value,ate1_0.updated_at,ate1_0.user_id from los_auth_token ate1_0 where ate1_0.token_value=? and not(ate1_0.revoked_flag)
2026-04-12T10:14:02.840+07:00 DEBUG 8612 --- [ulos] [io-8080-exec-10] org.hibernate.SQL                        : select ue1_0.id,ue1_0.active_flag,ue1_0.created_at,ue1_0.email,ue1_0.full_name,ue1_0.last_login_at,ue1_0.password_hash,r1_0.user_id,r1_1.id,r1_1.active_flag,r1_1.created_at,r1_1.description,r1_1.role_code,r1_1.role_name,r1_1.updated_at,ue1_0.updated_at,ue1_0.username from los_user ue1_0 left join los_user_role r1_0 on ue1_0.id=r1_0.user_id left join los_role r1_1 on r1_1.id=r1_0.role_id where ue1_0.id=?
2026-04-12T10:14:02.844+07:00 DEBUG 8612 --- [ulos] [io-8080-exec-10] org.hibernate.SQL                        : update los_auth_token set created_at=?,expires_at=?,issued_at=?,last_accessed_at=?,revoked_flag=?,token_value=?,updated_at=?,user_id=? where id=?
2026-04-12T10:14:02.844+07:00 DEBUG 8612 --- [ulos] [nio-8080-exec-2] org.hibernate.SQL                        : select ate1_0.id,ate1_0.created_at,ate1_0.expires_at,ate1_0.issued_at,ate1_0.last_accessed_at,ate1_0.revoked_flag,ate1_0.token_value,ate1_0.updated_at,ate1_0.user_id from los_auth_token ate1_0 where ate1_0.token_value=? and not(ate1_0.revoked_flag)
2026-04-12T10:14:02.844+07:00 DEBUG 8612 --- [ulos] [nio-8080-exec-2] org.hibernate.SQL                        : select ue1_0.id,ue1_0.active_flag,ue1_0.created_at,ue1_0.email,ue1_0.full_name,ue1_0.last_login_at,ue1_0.password_hash,r1_0.user_id,r1_1.id,r1_1.active_flag,r1_1.created_at,r1_1.description,r1_1.role_code,r1_1.role_name,r1_1.updated_at,ue1_0.updated_at,ue1_0.username from los_user ue1_0 left join los_user_role r1_0 on ue1_0.id=r1_0.user_id left join los_role r1_1 on r1_1.id=r1_0.role_id where ue1_0.id=?
2026-04-12T10:14:02.844+07:00 DEBUG 8612 --- [ulos] [nio-8080-exec-2] org.hibernate.SQL                        : update los_auth_token set created_at=?,expires_at=?,issued_at=?,last_accessed_at=?,revoked_flag=?,token_value=?,updated_at=?,user_id=? where id=?
2026-04-12T10:14:02.860+07:00 DEBUG 8612 --- [ulos] [io-8080-exec-10] o.s.web.servlet.DispatcherServlet        : GET "/api/customers", parameters={}
2026-04-12T10:14:02.860+07:00 DEBUG 8612 --- [ulos] [io-8080-exec-10] s.w.s.m.m.a.RequestMappingHandlerMapping : Mapped to com.enterprise.ulos.los.controller.CustomerPortfolioController#list()
2026-04-12T10:14:02.860+07:00 DEBUG 8612 --- [ulos] [nio-8080-exec-2] o.s.web.servlet.DispatcherServlet        : GET "/api/prechecks?type=SLIK&page=0&size=10", parameters={masked}
2026-04-12T10:14:02.860+07:00 DEBUG 8612 --- [ulos] [nio-8080-exec-2] s.w.s.m.m.a.RequestMappingHandlerMapping : Mapped to com.enterprise.ulos.los.controller.PrecheckController#list(String, String, String, int, int)
2026-04-12T10:14:02.860+07:00 DEBUG 8612 --- [ulos] [io-8080-exec-10] org.hibernate.SQL                        : select ate1_0.id,ate1_0.created_at,ate1_0.expires_at,ate1_0.issued_at,ate1_0.last_accessed_at,ate1_0.revoked_flag,ate1_0.token_value,ate1_0.updated_at,ate1_0.user_id from los_auth_token ate1_0 where ate1_0.token_value=? and not(ate1_0.revoked_flag)
2026-04-12T10:14:02.860+07:00 DEBUG 8612 --- [ulos] [nio-8080-exec-2] org.hibernate.SQL                        : select ate1_0.id,ate1_0.created_at,ate1_0.expires_at,ate1_0.issued_at,ate1_0.last_accessed_at,ate1_0.revoked_flag,ate1_0.token_value,ate1_0.updated_at,ate1_0.user_id from los_auth_token ate1_0 where ate1_0.token_value=? and not(ate1_0.revoked_flag)
2026-04-12T10:14:02.860+07:00 DEBUG 8612 --- [ulos] [nio-8080-exec-2] org.hibernate.SQL                        : select ue1_0.id,ue1_0.active_flag,ue1_0.created_at,ue1_0.email,ue1_0.full_name,ue1_0.last_login_at,ue1_0.password_hash,r1_0.user_id,r1_1.id,r1_1.active_flag,r1_1.created_at,r1_1.description,r1_1.role_code,r1_1.role_name,r1_1.updated_at,ue1_0.updated_at,ue1_0.username from los_user ue1_0 left join los_user_role r1_0 on ue1_0.id=r1_0.user_id left join los_role r1_1 on r1_1.id=r1_0.role_id where ue1_0.id=?
2026-04-12T10:14:02.860+07:00 DEBUG 8612 --- [ulos] [io-8080-exec-10] org.hibernate.SQL                        : select ue1_0.id,ue1_0.active_flag,ue1_0.created_at,ue1_0.email,ue1_0.full_name,ue1_0.last_login_at,ue1_0.password_hash,r1_0.user_id,r1_1.id,r1_1.active_flag,r1_1.created_at,r1_1.description,r1_1.role_code,r1_1.role_name,r1_1.updated_at,ue1_0.updated_at,ue1_0.username from los_user ue1_0 left join los_user_role r1_0 on ue1_0.id=r1_0.user_id left join los_role r1_1 on r1_1.id=r1_0.role_id where ue1_0.id=?
2026-04-12T10:14:02.860+07:00 DEBUG 8612 --- [ulos] [nio-8080-exec-2] org.hibernate.SQL                        : update los_auth_token set created_at=?,expires_at=?,issued_at=?,last_accessed_at=?,revoked_flag=?,token_value=?,updated_at=?,user_id=? where id=?
2026-04-12T10:14:02.860+07:00 DEBUG 8612 --- [ulos] [io-8080-exec-10] org.hibernate.SQL                        : update los_auth_token set created_at=?,expires_at=?,issued_at=?,last_accessed_at=?,revoked_flag=?,token_value=?,updated_at=?,user_id=? where id=?
2026-04-12T10:14:02.877+07:00 DEBUG 8612 --- [ulos] [io-8080-exec-10] org.hibernate.SQL                        : select ce1_0.id,ce1_0.cif_number,ce1_0.company_name,ce1_0.company_type,ce1_0.created_at,ce1_0.legal_name,ce1_0.location,ce1_0.profile_json,ce1_0.registration_date,ce1_0.sector,ce1_0.status,ce1_0.tax_id,ce1_0.updated_at from los_customer ce1_0
2026-04-12T10:14:02.877+07:00 DEBUG 8612 --- [ulos] [nio-8080-exec-2] org.hibernate.SQL                        : select pse1_0.id,pse1_0.check_ref,pse1_0.check_type,pse1_0.completed_at,pse1_0.created_at,pse1_0.customer_id,pse1_0.linked_application_id,pse1_0.notes,pse1_0.requested_at,pse1_0.result_json,pse1_0.result_summary,pse1_0.status,pse1_0.updated_at from los_precheck_session pse1_0 join los_customer c1_0 on c1_0.id=pse1_0.customer_id where (? is null or ?='' or upper(pse1_0.check_type)=upper(?)) and (? is null or ?='' or lower(c1_0.cif_number)=lower(?)) and (? is null or ?='' or lower(pse1_0.check_ref) like lower(concat('%',?,'%')) escape '' or lower(c1_0.cif_number) like lower(concat('%',?,'%')) escape '' or lower(c1_0.company_name) like lower(concat('%',?,'%')) escape '' or lower(coalesce(pse1_0.status,'')) like lower(concat('%',?,'%')) escape '' or lower(coalesce(pse1_0.result_summary,'')) like lower(concat('%',?,'%')) escape '') order by pse1_0.updated_at desc limit ?
2026-04-12T10:14:02.877+07:00 DEBUG 8612 --- [ulos] [io-8080-exec-10] m.m.a.RequestResponseBodyMethodProcessor : Using 'application/json', given [*/*] and supported [application/json, application/*+json]
2026-04-12T10:14:02.877+07:00 DEBUG 8612 --- [ulos] [io-8080-exec-10] m.m.a.RequestResponseBodyMethodProcessor : Writing [[CustomerSummaryResponse[cifNumber=DEB-9920-X1, companyName=Global Logistics Systems Corp., sector=n (truncated)...]
2026-04-12T10:14:02.877+07:00 DEBUG 8612 --- [ulos] [io-8080-exec-10] o.s.web.servlet.DispatcherServlet        : Completed 200 OK
2026-04-12T10:14:02.877+07:00 DEBUG 8612 --- [ulos] [nio-8080-exec-2] m.m.a.RequestResponseBodyMethodProcessor : Using 'application/json', given [*/*] and supported [application/json, application/*+json]
2026-04-12T10:14:02.877+07:00 DEBUG 8612 --- [ulos] [nio-8080-exec-2] m.m.a.RequestResponseBodyMethodProcessor : Writing [PrecheckPageResponse[items=[], totalElements=0, totalPages=0, page=0, size=10]]
2026-04-12T10:14:02.877+07:00 DEBUG 8612 --- [ulos] [nio-8080-exec-2] o.s.web.servlet.DispatcherServlet        : Completed 200 OK
2026-04-12T10:14:13.549+07:00 DEBUG 8612 --- [ulos] [nio-8080-exec-4] org.hibernate.SQL                        : select ate1_0.id,ate1_0.created_at,ate1_0.expires_at,ate1_0.issued_at,ate1_0.last_accessed_at,ate1_0.revoked_flag,ate1_0.token_value,ate1_0.updated_at,ate1_0.user_id from los_auth_token ate1_0 where ate1_0.token_value=? and not(ate1_0.revoked_flag)
2026-04-12T10:14:13.551+07:00 DEBUG 8612 --- [ulos] [nio-8080-exec-4] org.hibernate.SQL                        : select ue1_0.id,ue1_0.active_flag,ue1_0.created_at,ue1_0.email,ue1_0.full_name,ue1_0.last_login_at,ue1_0.password_hash,r1_0.user_id,r1_1.id,r1_1.active_flag,r1_1.created_at,r1_1.description,r1_1.role_code,r1_1.role_name,r1_1.updated_at,ue1_0.updated_at,ue1_0.username from los_user ue1_0 left join los_user_role r1_0 on ue1_0.id=r1_0.user_id left join los_role r1_1 on r1_1.id=r1_0.role_id where ue1_0.id=?
2026-04-12T10:14:13.552+07:00 DEBUG 8612 --- [ulos] [nio-8080-exec-1] org.hibernate.SQL                        : select ate1_0.id,ate1_0.created_at,ate1_0.expires_at,ate1_0.issued_at,ate1_0.last_accessed_at,ate1_0.revoked_flag,ate1_0.token_value,ate1_0.updated_at,ate1_0.user_id from los_auth_token ate1_0 where ate1_0.token_value=? and not(ate1_0.revoked_flag)
2026-04-12T10:14:13.553+07:00 DEBUG 8612 --- [ulos] [nio-8080-exec-4] org.hibernate.SQL                        : update los_auth_token set created_at=?,expires_at=?,issued_at=?,last_accessed_at=?,revoked_flag=?,token_value=?,updated_at=?,user_id=? where id=?
2026-04-12T10:14:13.553+07:00 DEBUG 8612 --- [ulos] [nio-8080-exec-1] org.hibernate.SQL                        : select ue1_0.id,ue1_0.active_flag,ue1_0.created_at,ue1_0.email,ue1_0.full_name,ue1_0.last_login_at,ue1_0.password_hash,r1_0.user_id,r1_1.id,r1_1.active_flag,r1_1.created_at,r1_1.description,r1_1.role_code,r1_1.role_name,r1_1.updated_at,ue1_0.updated_at,ue1_0.username from los_user ue1_0 left join los_user_role r1_0 on ue1_0.id=r1_0.user_id left join los_role r1_1 on r1_1.id=r1_0.role_id where ue1_0.id=?
2026-04-12T10:14:13.556+07:00 DEBUG 8612 --- [ulos] [nio-8080-exec-1] org.hibernate.SQL                        : update los_auth_token set created_at=?,expires_at=?,issued_at=?,last_accessed_at=?,revoked_flag=?,token_value=?,updated_at=?,user_id=? where id=?
2026-04-12T10:14:13.560+07:00 DEBUG 8612 --- [ulos] [nio-8080-exec-6] org.hibernate.SQL                        : select ate1_0.id,ate1_0.created_at,ate1_0.expires_at,ate1_0.issued_at,ate1_0.last_accessed_at,ate1_0.revoked_flag,ate1_0.token_value,ate1_0.updated_at,ate1_0.user_id from los_auth_token ate1_0 where ate1_0.token_value=? and not(ate1_0.revoked_flag)
2026-04-12T10:14:13.561+07:00 DEBUG 8612 --- [ulos] [nio-8080-exec-6] org.hibernate.SQL                        : select ue1_0.id,ue1_0.active_flag,ue1_0.created_at,ue1_0.email,ue1_0.full_name,ue1_0.last_login_at,ue1_0.password_hash,r1_0.user_id,r1_1.id,r1_1.active_flag,r1_1.created_at,r1_1.description,r1_1.role_code,r1_1.role_name,r1_1.updated_at,ue1_0.updated_at,ue1_0.username from los_user ue1_0 left join los_user_role r1_0 on ue1_0.id=r1_0.user_id left join los_role r1_1 on r1_1.id=r1_0.role_id where ue1_0.id=?
2026-04-12T10:14:13.565+07:00 DEBUG 8612 --- [ulos] [nio-8080-exec-6] org.hibernate.SQL                        : update los_auth_token set created_at=?,expires_at=?,issued_at=?,last_accessed_at=?,revoked_flag=?,token_value=?,updated_at=?,user_id=? where id=?
2026-04-12T10:14:13.572+07:00 DEBUG 8612 --- [ulos] [nio-8080-exec-4] o.s.web.servlet.DispatcherServlet        : GET "/api/master/portfolio-lookups?masterType=application_purpose&includeInactive=true", parameters={masked}
2026-04-12T10:14:13.573+07:00 DEBUG 8612 --- [ulos] [nio-8080-exec-4] s.w.s.m.m.a.RequestMappingHandlerMapping : Mapped to com.enterprise.ulos.los.controller.MasterDataController#portfolioLookups(String, boolean)
2026-04-12T10:14:13.576+07:00 DEBUG 8612 --- [ulos] [nio-8080-exec-4] org.hibernate.SQL                        : select mple1_0.id,mple1_0.active_flag,mple1_0.created_at,mple1_0.description,mple1_0.extra_json,mple1_0.item_code,mple1_0.item_name,mple1_0.legacy_code,mple1_0.master_type,mple1_0.sort_order,mple1_0.updated_at from los_master_portfolio_lookup mple1_0 where upper(mple1_0.master_type)=upper(?) order by mple1_0.sort_order,mple1_0.item_name
2026-04-12T10:14:13.581+07:00 DEBUG 8612 --- [ulos] [nio-8080-exec-1] o.s.web.servlet.DispatcherServlet        : GET "/api/prechecks?type=SLIK&customerCif=DEB-9920-X1&page=0&size=100", parameters={masked}
2026-04-12T10:14:13.582+07:00 DEBUG 8612 --- [ulos] [nio-8080-exec-1] s.w.s.m.m.a.RequestMappingHandlerMapping : Mapped to com.enterprise.ulos.los.controller.PrecheckController#list(String, String, String, int, int)
2026-04-12T10:14:13.582+07:00 DEBUG 8612 --- [ulos] [nio-8080-exec-4] m.m.a.RequestResponseBodyMethodProcessor : Using 'application/json', given [*/*] and supported [application/json, application/*+json]
2026-04-12T10:14:13.583+07:00 DEBUG 8612 --- [ulos] [nio-8080-exec-4] m.m.a.RequestResponseBodyMethodProcessor : Writing [[PortfolioLookupResponse[masterType=application_purpose, code=NEW, name=New, legacyCode=NEW, sortOrd (truncated)...]
2026-04-12T10:14:13.583+07:00 DEBUG 8612 --- [ulos] [nio-8080-exec-1] org.hibernate.SQL                        : select ate1_0.id,ate1_0.created_at,ate1_0.expires_at,ate1_0.issued_at,ate1_0.last_accessed_at,ate1_0.revoked_flag,ate1_0.token_value,ate1_0.updated_at,ate1_0.user_id from los_auth_token ate1_0 where ate1_0.token_value=? and not(ate1_0.revoked_flag)
2026-04-12T10:14:13.584+07:00 DEBUG 8612 --- [ulos] [nio-8080-exec-4] o.s.web.servlet.DispatcherServlet        : Completed 200 OK
2026-04-12T10:14:13.585+07:00 DEBUG 8612 --- [ulos] [nio-8080-exec-1] org.hibernate.SQL                        : select ue1_0.id,ue1_0.active_flag,ue1_0.created_at,ue1_0.email,ue1_0.full_name,ue1_0.last_login_at,ue1_0.password_hash,r1_0.user_id,r1_1.id,r1_1.active_flag,r1_1.created_at,r1_1.description,r1_1.role_code,r1_1.role_name,r1_1.updated_at,ue1_0.updated_at,ue1_0.username from los_user ue1_0 left join los_user_role r1_0 on ue1_0.id=r1_0.user_id left join los_role r1_1 on r1_1.id=r1_0.role_id where ue1_0.id=?
2026-04-12T10:14:13.587+07:00 DEBUG 8612 --- [ulos] [nio-8080-exec-1] org.hibernate.SQL                        : update los_auth_token set created_at=?,expires_at=?,issued_at=?,last_accessed_at=?,revoked_flag=?,token_value=?,updated_at=?,user_id=? where id=?
2026-04-12T10:14:13.597+07:00 DEBUG 8612 --- [ulos] [nio-8080-exec-6] o.s.web.servlet.DispatcherServlet        : GET "/api/prechecks?type=COLLATERAL&customerCif=DEB-9920-X1&page=0&size=100", parameters={masked}
2026-04-12T10:14:13.597+07:00 DEBUG 8612 --- [ulos] [nio-8080-exec-6] s.w.s.m.m.a.RequestMappingHandlerMapping : Mapped to com.enterprise.ulos.los.controller.PrecheckController#list(String, String, String, int, int)
2026-04-12T10:14:13.599+07:00 DEBUG 8612 --- [ulos] [nio-8080-exec-6] org.hibernate.SQL                        : select ate1_0.id,ate1_0.created_at,ate1_0.expires_at,ate1_0.issued_at,ate1_0.last_accessed_at,ate1_0.revoked_flag,ate1_0.token_value,ate1_0.updated_at,ate1_0.user_id from los_auth_token ate1_0 where ate1_0.token_value=? and not(ate1_0.revoked_flag)
2026-04-12T10:14:13.601+07:00 DEBUG 8612 --- [ulos] [nio-8080-exec-6] org.hibernate.SQL                        : select ue1_0.id,ue1_0.active_flag,ue1_0.created_at,ue1_0.email,ue1_0.full_name,ue1_0.last_login_at,ue1_0.password_hash,r1_0.user_id,r1_1.id,r1_1.active_flag,r1_1.created_at,r1_1.description,r1_1.role_code,r1_1.role_name,r1_1.updated_at,ue1_0.updated_at,ue1_0.username from los_user ue1_0 left join los_user_role r1_0 on ue1_0.id=r1_0.user_id left join los_role r1_1 on r1_1.id=r1_0.role_id where ue1_0.id=?
2026-04-12T10:14:13.603+07:00 DEBUG 8612 --- [ulos] [nio-8080-exec-6] org.hibernate.SQL                        : update los_auth_token set created_at=?,expires_at=?,issued_at=?,last_accessed_at=?,revoked_flag=?,token_value=?,updated_at=?,user_id=? where id=?
2026-04-12T10:14:13.612+07:00 DEBUG 8612 --- [ulos] [nio-8080-exec-1] org.hibernate.SQL                        : select pse1_0.id,pse1_0.check_ref,pse1_0.check_type,pse1_0.completed_at,pse1_0.created_at,pse1_0.customer_id,pse1_0.linked_application_id,pse1_0.notes,pse1_0.requested_at,pse1_0.result_json,pse1_0.result_summary,pse1_0.status,pse1_0.updated_at from los_precheck_session pse1_0 join los_customer c1_0 on c1_0.id=pse1_0.customer_id where (? is null or ?='' or upper(pse1_0.check_type)=upper(?)) and (? is null or ?='' or lower(c1_0.cif_number)=lower(?)) and (? is null or ?='' or lower(pse1_0.check_ref) like lower(concat('%',?,'%')) escape '' or lower(c1_0.cif_number) like lower(concat('%',?,'%')) escape '' or lower(c1_0.company_name) like lower(concat('%',?,'%')) escape '' or lower(coalesce(pse1_0.status,'')) like lower(concat('%',?,'%')) escape '' or lower(coalesce(pse1_0.result_summary,'')) like lower(concat('%',?,'%')) escape '') order by pse1_0.updated_at desc limit ?
2026-04-12T10:14:13.615+07:00 DEBUG 8612 --- [ulos] [nio-8080-exec-1] m.m.a.RequestResponseBodyMethodProcessor : Using 'application/json', given [*/*] and supported [application/json, application/*+json]
2026-04-12T10:14:13.615+07:00 DEBUG 8612 --- [ulos] [nio-8080-exec-1] m.m.a.RequestResponseBodyMethodProcessor : Writing [PrecheckPageResponse[items=[], totalElements=0, totalPages=0, page=0, size=100]]
2026-04-12T10:14:13.616+07:00 DEBUG 8612 --- [ulos] [nio-8080-exec-1] o.s.web.servlet.DispatcherServlet        : Completed 200 OK
2026-04-12T10:14:13.640+07:00 DEBUG 8612 --- [ulos] [nio-8080-exec-6] org.hibernate.SQL                        : select pse1_0.id,pse1_0.check_ref,pse1_0.check_type,pse1_0.completed_at,pse1_0.created_at,pse1_0.customer_id,pse1_0.linked_application_id,pse1_0.notes,pse1_0.requested_at,pse1_0.result_json,pse1_0.result_summary,pse1_0.status,pse1_0.updated_at from los_precheck_session pse1_0 join los_customer c1_0 on c1_0.id=pse1_0.customer_id where (? is null or ?='' or upper(pse1_0.check_type)=upper(?)) and (? is null or ?='' or lower(c1_0.cif_number)=lower(?)) and (? is null or ?='' or lower(pse1_0.check_ref) like lower(concat('%',?,'%')) escape '' or lower(c1_0.cif_number) like lower(concat('%',?,'%')) escape '' or lower(c1_0.company_name) like lower(concat('%',?,'%')) escape '' or lower(coalesce(pse1_0.status,'')) like lower(concat('%',?,'%')) escape '' or lower(coalesce(pse1_0.result_summary,'')) like lower(concat('%',?,'%')) escape '') order by pse1_0.updated_at desc limit ?
2026-04-12T10:14:13.656+07:00 DEBUG 8612 --- [ulos] [nio-8080-exec-6] m.m.a.RequestResponseBodyMethodProcessor : Using 'application/json', given [*/*] and supported [application/json, application/*+json]
2026-04-12T10:14:13.656+07:00 DEBUG 8612 --- [ulos] [nio-8080-exec-6] m.m.a.RequestResponseBodyMethodProcessor : Writing [PrecheckPageResponse[items=[], totalElements=0, totalPages=0, page=0, size=100]]
2026-04-12T10:14:13.656+07:00 DEBUG 8612 --- [ulos] [nio-8080-exec-6] o.s.web.servlet.DispatcherServlet        : Completed 200 OK
2026-04-12T10:14:13.663+07:00 DEBUG 8612 --- [ulos] [nio-8080-exec-3] org.hibernate.SQL                        : select ate1_0.id,ate1_0.created_at,ate1_0.expires_at,ate1_0.issued_at,ate1_0.last_accessed_at,ate1_0.revoked_flag,ate1_0.token_value,ate1_0.updated_at,ate1_0.user_id from los_auth_token ate1_0 where ate1_0.token_value=? and not(ate1_0.revoked_flag)
2026-04-12T10:14:13.665+07:00 DEBUG 8612 --- [ulos] [nio-8080-exec-3] org.hibernate.SQL                        : select ue1_0.id,ue1_0.active_flag,ue1_0.created_at,ue1_0.email,ue1_0.full_name,ue1_0.last_login_at,ue1_0.password_hash,r1_0.user_id,r1_1.id,r1_1.active_flag,r1_1.created_at,r1_1.description,r1_1.role_code,r1_1.role_name,r1_1.updated_at,ue1_0.updated_at,ue1_0.username from los_user ue1_0 left join los_user_role r1_0 on ue1_0.id=r1_0.user_id left join los_role r1_1 on r1_1.id=r1_0.role_id where ue1_0.id=?
2026-04-12T10:14:13.667+07:00 DEBUG 8612 --- [ulos] [nio-8080-exec-3] org.hibernate.SQL                        : update los_auth_token set created_at=?,expires_at=?,issued_at=?,last_accessed_at=?,revoked_flag=?,token_value=?,updated_at=?,user_id=? where id=?
2026-04-12T10:14:13.670+07:00 DEBUG 8612 --- [ulos] [nio-8080-exec-5] org.hibernate.SQL                        : select ate1_0.id,ate1_0.created_at,ate1_0.expires_at,ate1_0.issued_at,ate1_0.last_accessed_at,ate1_0.revoked_flag,ate1_0.token_value,ate1_0.updated_at,ate1_0.user_id from los_auth_token ate1_0 where ate1_0.token_value=? and not(ate1_0.revoked_flag)
2026-04-12T10:14:13.672+07:00 DEBUG 8612 --- [ulos] [nio-8080-exec-5] org.hibernate.SQL                        : select ue1_0.id,ue1_0.active_flag,ue1_0.created_at,ue1_0.email,ue1_0.full_name,ue1_0.last_login_at,ue1_0.password_hash,r1_0.user_id,r1_1.id,r1_1.active_flag,r1_1.created_at,r1_1.description,r1_1.role_code,r1_1.role_name,r1_1.updated_at,ue1_0.updated_at,ue1_0.username from los_user ue1_0 left join los_user_role r1_0 on ue1_0.id=r1_0.user_id left join los_role r1_1 on r1_1.id=r1_0.role_id where ue1_0.id=?
2026-04-12T10:14:13.674+07:00 DEBUG 8612 --- [ulos] [nio-8080-exec-5] org.hibernate.SQL                        : update los_auth_token set created_at=?,expires_at=?,issued_at=?,last_accessed_at=?,revoked_flag=?,token_value=?,updated_at=?,user_id=? where id=?
2026-04-12T10:14:13.677+07:00 DEBUG 8612 --- [ulos] [nio-8080-exec-3] o.s.web.servlet.DispatcherServlet        : GET "/api/prechecks?type=SLIK&customerCif=DEB-9920-X1&page=0&size=100", parameters={masked}
2026-04-12T10:14:13.677+07:00 DEBUG 8612 --- [ulos] [nio-8080-exec-3] s.w.s.m.m.a.RequestMappingHandlerMapping : Mapped to com.enterprise.ulos.los.controller.PrecheckController#list(String, String, String, int, int)
2026-04-12T10:14:13.679+07:00 DEBUG 8612 --- [ulos] [nio-8080-exec-3] org.hibernate.SQL                        : select ate1_0.id,ate1_0.created_at,ate1_0.expires_at,ate1_0.issued_at,ate1_0.last_accessed_at,ate1_0.revoked_flag,ate1_0.token_value,ate1_0.updated_at,ate1_0.user_id from los_auth_token ate1_0 where ate1_0.token_value=? and not(ate1_0.revoked_flag)
2026-04-12T10:14:13.680+07:00 DEBUG 8612 --- [ulos] [nio-8080-exec-3] org.hibernate.SQL                        : select ue1_0.id,ue1_0.active_flag,ue1_0.created_at,ue1_0.email,ue1_0.full_name,ue1_0.last_login_at,ue1_0.password_hash,r1_0.user_id,r1_1.id,r1_1.active_flag,r1_1.created_at,r1_1.description,r1_1.role_code,r1_1.role_name,r1_1.updated_at,ue1_0.updated_at,ue1_0.username from los_user ue1_0 left join los_user_role r1_0 on ue1_0.id=r1_0.user_id left join los_role r1_1 on r1_1.id=r1_0.role_id where ue1_0.id=?
2026-04-12T10:14:13.683+07:00 DEBUG 8612 --- [ulos] [nio-8080-exec-3] org.hibernate.SQL                        : update los_auth_token set created_at=?,expires_at=?,issued_at=?,last_accessed_at=?,revoked_flag=?,token_value=?,updated_at=?,user_id=? where id=?
2026-04-12T10:14:13.695+07:00 DEBUG 8612 --- [ulos] [nio-8080-exec-5] o.s.web.servlet.DispatcherServlet        : GET "/api/prechecks?type=COLLATERAL&customerCif=DEB-9920-X1&page=0&size=100", parameters={masked}
2026-04-12T10:14:13.695+07:00 DEBUG 8612 --- [ulos] [nio-8080-exec-5] s.w.s.m.m.a.RequestMappingHandlerMapping : Mapped to com.enterprise.ulos.los.controller.PrecheckController#list(String, String, String, int, int)
2026-04-12T10:14:13.697+07:00 DEBUG 8612 --- [ulos] [nio-8080-exec-5] org.hibernate.SQL                        : select ate1_0.id,ate1_0.created_at,ate1_0.expires_at,ate1_0.issued_at,ate1_0.last_accessed_at,ate1_0.revoked_flag,ate1_0.token_value,ate1_0.updated_at,ate1_0.user_id from los_auth_token ate1_0 where ate1_0.token_value=? and not(ate1_0.revoked_flag)
2026-04-12T10:14:13.698+07:00 DEBUG 8612 --- [ulos] [nio-8080-exec-5] org.hibernate.SQL                        : select ue1_0.id,ue1_0.active_flag,ue1_0.created_at,ue1_0.email,ue1_0.full_name,ue1_0.last_login_at,ue1_0.password_hash,r1_0.user_id,r1_1.id,r1_1.active_flag,r1_1.created_at,r1_1.description,r1_1.role_code,r1_1.role_name,r1_1.updated_at,ue1_0.updated_at,ue1_0.username from los_user ue1_0 left join los_user_role r1_0 on ue1_0.id=r1_0.user_id left join los_role r1_1 on r1_1.id=r1_0.role_id where ue1_0.id=?
2026-04-12T10:14:13.700+07:00 DEBUG 8612 --- [ulos] [nio-8080-exec-5] org.hibernate.SQL                        : update los_auth_token set created_at=?,expires_at=?,issued_at=?,last_accessed_at=?,revoked_flag=?,token_value=?,updated_at=?,user_id=? where id=?
2026-04-12T10:14:13.708+07:00 DEBUG 8612 --- [ulos] [nio-8080-exec-3] org.hibernate.SQL                        : select pse1_0.id,pse1_0.check_ref,pse1_0.check_type,pse1_0.completed_at,pse1_0.created_at,pse1_0.customer_id,pse1_0.linked_application_id,pse1_0.notes,pse1_0.requested_at,pse1_0.result_json,pse1_0.result_summary,pse1_0.status,pse1_0.updated_at from los_precheck_session pse1_0 join los_customer c1_0 on c1_0.id=pse1_0.customer_id where (? is null or ?='' or upper(pse1_0.check_type)=upper(?)) and (? is null or ?='' or lower(c1_0.cif_number)=lower(?)) and (? is null or ?='' or lower(pse1_0.check_ref) like lower(concat('%',?,'%')) escape '' or lower(c1_0.cif_number) like lower(concat('%',?,'%')) escape '' or lower(c1_0.company_name) like lower(concat('%',?,'%')) escape '' or lower(coalesce(pse1_0.status,'')) like lower(concat('%',?,'%')) escape '' or lower(coalesce(pse1_0.result_summary,'')) like lower(concat('%',?,'%')) escape '') order by pse1_0.updated_at desc limit ?
2026-04-12T10:14:13.715+07:00 DEBUG 8612 --- [ulos] [nio-8080-exec-5] org.hibernate.SQL                        : select pse1_0.id,pse1_0.check_ref,pse1_0.check_type,pse1_0.completed_at,pse1_0.created_at,pse1_0.customer_id,pse1_0.linked_application_id,pse1_0.notes,pse1_0.requested_at,pse1_0.result_json,pse1_0.result_summary,pse1_0.status,pse1_0.updated_at from los_precheck_session pse1_0 join los_customer c1_0 on c1_0.id=pse1_0.customer_id where (? is null or ?='' or upper(pse1_0.check_type)=upper(?)) and (? is null or ?='' or lower(c1_0.cif_number)=lower(?)) and (? is null or ?='' or lower(pse1_0.check_ref) like lower(concat('%',?,'%')) escape '' or lower(c1_0.cif_number) like lower(concat('%',?,'%')) escape '' or lower(c1_0.company_name) like lower(concat('%',?,'%')) escape '' or lower(coalesce(pse1_0.status,'')) like lower(concat('%',?,'%')) escape '' or lower(coalesce(pse1_0.result_summary,'')) like lower(concat('%',?,'%')) escape '') order by pse1_0.updated_at desc limit ?
2026-04-12T10:14:13.716+07:00 DEBUG 8612 --- [ulos] [nio-8080-exec-3] m.m.a.RequestResponseBodyMethodProcessor : Using 'application/json', given [*/*] and supported [application/json, application/*+json]
2026-04-12T10:14:13.717+07:00 DEBUG 8612 --- [ulos] [nio-8080-exec-3] m.m.a.RequestResponseBodyMethodProcessor : Writing [PrecheckPageResponse[items=[], totalElements=0, totalPages=0, page=0, size=100]]
2026-04-12T10:14:13.717+07:00 DEBUG 8612 --- [ulos] [nio-8080-exec-5] m.m.a.RequestResponseBodyMethodProcessor : Using 'application/json', given [*/*] and supported [application/json, application/*+json]
2026-04-12T10:14:13.717+07:00 DEBUG 8612 --- [ulos] [nio-8080-exec-3] o.s.web.servlet.DispatcherServlet        : Completed 200 OK
2026-04-12T10:14:13.718+07:00 DEBUG 8612 --- [ulos] [nio-8080-exec-5] m.m.a.RequestResponseBodyMethodProcessor : Writing [PrecheckPageResponse[items=[], totalElements=0, totalPages=0, page=0, size=100]]
2026-04-12T10:14:13.718+07:00 DEBUG 8612 --- [ulos] [nio-8080-exec-5] o.s.web.servlet.DispatcherServlet        : Completed 200 OK
2026-04-12T10:14:16.047+07:00 DEBUG 8612 --- [ulos] [nio-8080-exec-8] org.hibernate.SQL                        : select ate1_0.id,ate1_0.created_at,ate1_0.expires_at,ate1_0.issued_at,ate1_0.last_accessed_at,ate1_0.revoked_flag,ate1_0.token_value,ate1_0.updated_at,ate1_0.user_id from los_auth_token ate1_0 where ate1_0.token_value=? and not(ate1_0.revoked_flag)
2026-04-12T10:14:16.048+07:00 DEBUG 8612 --- [ulos] [nio-8080-exec-8] org.hibernate.SQL                        : select ue1_0.id,ue1_0.active_flag,ue1_0.created_at,ue1_0.email,ue1_0.full_name,ue1_0.last_login_at,ue1_0.password_hash,r1_0.user_id,r1_1.id,r1_1.active_flag,r1_1.created_at,r1_1.description,r1_1.role_code,r1_1.role_name,r1_1.updated_at,ue1_0.updated_at,ue1_0.username from los_user ue1_0 left join los_user_role r1_0 on ue1_0.id=r1_0.user_id left join los_role r1_1 on r1_1.id=r1_0.role_id where ue1_0.id=?
2026-04-12T10:14:16.050+07:00 DEBUG 8612 --- [ulos] [nio-8080-exec-8] org.hibernate.SQL                        : update los_auth_token set created_at=?,expires_at=?,issued_at=?,last_accessed_at=?,revoked_flag=?,token_value=?,updated_at=?,user_id=? where id=?
2026-04-12T10:14:16.069+07:00 DEBUG 8612 --- [ulos] [nio-8080-exec-8] o.s.web.servlet.DispatcherServlet        : GET "/api/customers/page?page=0&size=20", parameters={masked}
2026-04-12T10:14:16.069+07:00 DEBUG 8612 --- [ulos] [nio-8080-exec-8] s.w.s.m.m.a.RequestMappingHandlerMapping : Mapped to com.enterprise.ulos.los.controller.CustomerPortfolioController#listPage(String, int, int)
2026-04-12T10:14:16.072+07:00 DEBUG 8612 --- [ulos] [nio-8080-exec-8] org.hibernate.SQL                        : select ate1_0.id,ate1_0.created_at,ate1_0.expires_at,ate1_0.issued_at,ate1_0.last_accessed_at,ate1_0.revoked_flag,ate1_0.token_value,ate1_0.updated_at,ate1_0.user_id from los_auth_token ate1_0 where ate1_0.token_value=? and not(ate1_0.revoked_flag)
2026-04-12T10:14:16.073+07:00 DEBUG 8612 --- [ulos] [nio-8080-exec-8] org.hibernate.SQL                        : select ue1_0.id,ue1_0.active_flag,ue1_0.created_at,ue1_0.email,ue1_0.full_name,ue1_0.last_login_at,ue1_0.password_hash,r1_0.user_id,r1_1.id,r1_1.active_flag,r1_1.created_at,r1_1.description,r1_1.role_code,r1_1.role_name,r1_1.updated_at,ue1_0.updated_at,ue1_0.username from los_user ue1_0 left join los_user_role r1_0 on ue1_0.id=r1_0.user_id left join los_role r1_1 on r1_1.id=r1_0.role_id where ue1_0.id=?
2026-04-12T10:14:16.076+07:00 DEBUG 8612 --- [ulos] [nio-8080-exec-8] org.hibernate.SQL                        : update los_auth_token set created_at=?,expires_at=?,issued_at=?,last_accessed_at=?,revoked_flag=?,token_value=?,updated_at=?,user_id=? where id=?
2026-04-12T10:14:16.088+07:00 DEBUG 8612 --- [ulos] [nio-8080-exec-8] org.hibernate.SQL                        : select ce1_0.id,ce1_0.cif_number,ce1_0.company_name,ce1_0.company_type,ce1_0.created_at,ce1_0.legal_name,ce1_0.location,ce1_0.profile_json,ce1_0.registration_date,ce1_0.sector,ce1_0.status,ce1_0.tax_id,ce1_0.updated_at from los_customer ce1_0 where (? is null or ?='' or lower(ce1_0.cif_number) like lower(concat('%',?,'%')) escape '' or lower(ce1_0.company_name) like lower(concat('%',?,'%')) escape '' or lower(coalesce(ce1_0.sector,'')) like lower(concat('%',?,'%')) escape '' or lower(coalesce(ce1_0.location,'')) like lower(concat('%',?,'%')) escape '' or lower(coalesce(ce1_0.status,'')) like lower(concat('%',?,'%')) escape '') order by ce1_0.updated_at desc limit ?
2026-04-12T10:14:16.091+07:00 DEBUG 8612 --- [ulos] [nio-8080-exec-8] m.m.a.RequestResponseBodyMethodProcessor : Using 'application/json', given [*/*] and supported [application/json, application/*+json]
2026-04-12T10:14:16.091+07:00 DEBUG 8612 --- [ulos] [nio-8080-exec-8] m.m.a.RequestResponseBodyMethodProcessor : Writing [CustomerSummaryPageResponse[items=[CustomerSummaryResponse[cifNumber=DEB-9920-X1, companyName=Global (truncated)...]
2026-04-12T10:14:16.095+07:00 DEBUG 8612 --- [ulos] [nio-8080-exec-8] o.s.web.servlet.DispatcherServlet        : Completed 200 OK
2026-04-12T10:14:16.105+07:00 DEBUG 8612 --- [ulos] [nio-8080-exec-7] org.hibernate.SQL                        : select ate1_0.id,ate1_0.created_at,ate1_0.expires_at,ate1_0.issued_at,ate1_0.last_accessed_at,ate1_0.revoked_flag,ate1_0.token_value,ate1_0.updated_at,ate1_0.user_id from los_auth_token ate1_0 where ate1_0.token_value=? and not(ate1_0.revoked_flag)
2026-04-12T10:14:16.107+07:00 DEBUG 8612 --- [ulos] [nio-8080-exec-7] org.hibernate.SQL                        : select ue1_0.id,ue1_0.active_flag,ue1_0.created_at,ue1_0.email,ue1_0.full_name,ue1_0.last_login_at,ue1_0.password_hash,r1_0.user_id,r1_1.id,r1_1.active_flag,r1_1.created_at,r1_1.description,r1_1.role_code,r1_1.role_name,r1_1.updated_at,ue1_0.updated_at,ue1_0.username from los_user ue1_0 left join los_user_role r1_0 on ue1_0.id=r1_0.user_id left join los_role r1_1 on r1_1.id=r1_0.role_id where ue1_0.id=?
2026-04-12T10:14:16.109+07:00 DEBUG 8612 --- [ulos] [nio-8080-exec-7] org.hibernate.SQL                        : update los_auth_token set created_at=?,expires_at=?,issued_at=?,last_accessed_at=?,revoked_flag=?,token_value=?,updated_at=?,user_id=? where id=?
2026-04-12T10:14:16.136+07:00 DEBUG 8612 --- [ulos] [nio-8080-exec-7] o.s.web.servlet.DispatcherServlet        : GET "/api/customers/page?page=0&size=20", parameters={masked}
2026-04-12T10:14:16.136+07:00 DEBUG 8612 --- [ulos] [nio-8080-exec-7] s.w.s.m.m.a.RequestMappingHandlerMapping : Mapped to com.enterprise.ulos.los.controller.CustomerPortfolioController#listPage(String, int, int)
2026-04-12T10:14:16.146+07:00 DEBUG 8612 --- [ulos] [nio-8080-exec-7] org.hibernate.SQL                        : select ate1_0.id,ate1_0.created_at,ate1_0.expires_at,ate1_0.issued_at,ate1_0.last_accessed_at,ate1_0.revoked_flag,ate1_0.token_value,ate1_0.updated_at,ate1_0.user_id from los_auth_token ate1_0 where ate1_0.token_value=? and not(ate1_0.revoked_flag)
2026-04-12T10:14:16.148+07:00 DEBUG 8612 --- [ulos] [nio-8080-exec-7] org.hibernate.SQL                        : select ue1_0.id,ue1_0.active_flag,ue1_0.created_at,ue1_0.email,ue1_0.full_name,ue1_0.last_login_at,ue1_0.password_hash,r1_0.user_id,r1_1.id,r1_1.active_flag,r1_1.created_at,r1_1.description,r1_1.role_code,r1_1.role_name,r1_1.updated_at,ue1_0.updated_at,ue1_0.username from los_user ue1_0 left join los_user_role r1_0 on ue1_0.id=r1_0.user_id left join los_role r1_1 on r1_1.id=r1_0.role_id where ue1_0.id=?
2026-04-12T10:14:16.153+07:00 DEBUG 8612 --- [ulos] [nio-8080-exec-7] org.hibernate.SQL                        : update los_auth_token set created_at=?,expires_at=?,issued_at=?,last_accessed_at=?,revoked_flag=?,token_value=?,updated_at=?,user_id=? where id=?
2026-04-12T10:14:16.186+07:00 DEBUG 8612 --- [ulos] [nio-8080-exec-7] org.hibernate.SQL                        : select ce1_0.id,ce1_0.cif_number,ce1_0.company_name,ce1_0.company_type,ce1_0.created_at,ce1_0.legal_name,ce1_0.location,ce1_0.profile_json,ce1_0.registration_date,ce1_0.sector,ce1_0.status,ce1_0.tax_id,ce1_0.updated_at from los_customer ce1_0 where (? is null or ?='' or lower(ce1_0.cif_number) like lower(concat('%',?,'%')) escape '' or lower(ce1_0.company_name) like lower(concat('%',?,'%')) escape '' or lower(coalesce(ce1_0.sector,'')) like lower(concat('%',?,'%')) escape '' or lower(coalesce(ce1_0.location,'')) like lower(concat('%',?,'%')) escape '' or lower(coalesce(ce1_0.status,'')) like lower(concat('%',?,'%')) escape '') order by ce1_0.updated_at desc limit ?
2026-04-12T10:14:16.202+07:00 DEBUG 8612 --- [ulos] [nio-8080-exec-7] m.m.a.RequestResponseBodyMethodProcessor : Using 'application/json', given [*/*] and supported [application/json, application/*+json]
2026-04-12T10:14:16.202+07:00 DEBUG 8612 --- [ulos] [nio-8080-exec-7] m.m.a.RequestResponseBodyMethodProcessor : Writing [CustomerSummaryPageResponse[items=[CustomerSummaryResponse[cifNumber=DEB-9920-X1, companyName=Global (truncated)...]
2026-04-12T10:14:16.202+07:00 DEBUG 8612 --- [ulos] [nio-8080-exec-7] o.s.web.servlet.DispatcherServlet        : Completed 200 OK
2026-04-12T10:14:19.644+07:00 DEBUG 8612 --- [ulos] [nio-8080-exec-9] org.hibernate.SQL                        : select ate1_0.id,ate1_0.created_at,ate1_0.expires_at,ate1_0.issued_at,ate1_0.last_accessed_at,ate1_0.revoked_flag,ate1_0.token_value,ate1_0.updated_at,ate1_0.user_id from los_auth_token ate1_0 where ate1_0.token_value=? and not(ate1_0.revoked_flag)
2026-04-12T10:14:19.645+07:00 DEBUG 8612 --- [ulos] [nio-8080-exec-9] org.hibernate.SQL                        : select ue1_0.id,ue1_0.active_flag,ue1_0.created_at,ue1_0.email,ue1_0.full_name,ue1_0.last_login_at,ue1_0.password_hash,r1_0.user_id,r1_1.id,r1_1.active_flag,r1_1.created_at,r1_1.description,r1_1.role_code,r1_1.role_name,r1_1.updated_at,ue1_0.updated_at,ue1_0.username from los_user ue1_0 left join los_user_role r1_0 on ue1_0.id=r1_0.user_id left join los_role r1_1 on r1_1.id=r1_0.role_id where ue1_0.id=?
2026-04-12T10:14:19.647+07:00 DEBUG 8612 --- [ulos] [nio-8080-exec-9] org.hibernate.SQL                        : update los_auth_token set created_at=?,expires_at=?,issued_at=?,last_accessed_at=?,revoked_flag=?,token_value=?,updated_at=?,user_id=? where id=?
2026-04-12T10:14:19.647+07:00 DEBUG 8612 --- [ulos] [io-8080-exec-10] org.hibernate.SQL                        : select ate1_0.id,ate1_0.created_at,ate1_0.expires_at,ate1_0.issued_at,ate1_0.last_accessed_at,ate1_0.revoked_flag,ate1_0.token_value,ate1_0.updated_at,ate1_0.user_id from los_auth_token ate1_0 where ate1_0.token_value=? and not(ate1_0.revoked_flag)
2026-04-12T10:14:19.648+07:00 DEBUG 8612 --- [ulos] [io-8080-exec-10] org.hibernate.SQL                        : select ue1_0.id,ue1_0.active_flag,ue1_0.created_at,ue1_0.email,ue1_0.full_name,ue1_0.last_login_at,ue1_0.password_hash,r1_0.user_id,r1_1.id,r1_1.active_flag,r1_1.created_at,r1_1.description,r1_1.role_code,r1_1.role_name,r1_1.updated_at,ue1_0.updated_at,ue1_0.username from los_user ue1_0 left join los_user_role r1_0 on ue1_0.id=r1_0.user_id left join los_role r1_1 on r1_1.id=r1_0.role_id where ue1_0.id=?
2026-04-12T10:14:19.657+07:00 DEBUG 8612 --- [ulos] [io-8080-exec-10] org.hibernate.SQL                        : update los_auth_token set created_at=?,expires_at=?,issued_at=?,last_accessed_at=?,revoked_flag=?,token_value=?,updated_at=?,user_id=? where id=?
2026-04-12T10:14:19.657+07:00 DEBUG 8612 --- [ulos] [nio-8080-exec-2] org.hibernate.SQL                        : select ate1_0.id,ate1_0.created_at,ate1_0.expires_at,ate1_0.issued_at,ate1_0.last_accessed_at,ate1_0.revoked_flag,ate1_0.token_value,ate1_0.updated_at,ate1_0.user_id from los_auth_token ate1_0 where ate1_0.token_value=? and not(ate1_0.revoked_flag)
2026-04-12T10:14:19.658+07:00 DEBUG 8612 --- [ulos] [nio-8080-exec-2] org.hibernate.SQL                        : select ue1_0.id,ue1_0.active_flag,ue1_0.created_at,ue1_0.email,ue1_0.full_name,ue1_0.last_login_at,ue1_0.password_hash,r1_0.user_id,r1_1.id,r1_1.active_flag,r1_1.created_at,r1_1.description,r1_1.role_code,r1_1.role_name,r1_1.updated_at,ue1_0.updated_at,ue1_0.username from los_user ue1_0 left join los_user_role r1_0 on ue1_0.id=r1_0.user_id left join los_role r1_1 on r1_1.id=r1_0.role_id where ue1_0.id=?
2026-04-12T10:14:19.660+07:00 DEBUG 8612 --- [ulos] [nio-8080-exec-2] org.hibernate.SQL                        : update los_auth_token set created_at=?,expires_at=?,issued_at=?,last_accessed_at=?,revoked_flag=?,token_value=?,updated_at=?,user_id=? where id=?
2026-04-12T10:14:19.688+07:00 DEBUG 8612 --- [ulos] [nio-8080-exec-9] o.s.web.servlet.DispatcherServlet        : GET "/api/customers/DEB-9920-X1", parameters={}
2026-04-12T10:14:19.689+07:00 DEBUG 8612 --- [ulos] [nio-8080-exec-9] s.w.s.m.m.a.RequestMappingHandlerMapping : Mapped to com.enterprise.ulos.los.controller.CustomerPortfolioController#get(String)
2026-04-12T10:14:19.690+07:00 DEBUG 8612 --- [ulos] [nio-8080-exec-9] org.hibernate.SQL                        : select ate1_0.id,ate1_0.created_at,ate1_0.expires_at,ate1_0.issued_at,ate1_0.last_accessed_at,ate1_0.revoked_flag,ate1_0.token_value,ate1_0.updated_at,ate1_0.user_id from los_auth_token ate1_0 where ate1_0.token_value=? and not(ate1_0.revoked_flag)
2026-04-12T10:14:19.691+07:00 DEBUG 8612 --- [ulos] [nio-8080-exec-9] org.hibernate.SQL                        : select ue1_0.id,ue1_0.active_flag,ue1_0.created_at,ue1_0.email,ue1_0.full_name,ue1_0.last_login_at,ue1_0.password_hash,r1_0.user_id,r1_1.id,r1_1.active_flag,r1_1.created_at,r1_1.description,r1_1.role_code,r1_1.role_name,r1_1.updated_at,ue1_0.updated_at,ue1_0.username from los_user ue1_0 left join los_user_role r1_0 on ue1_0.id=r1_0.user_id left join los_role r1_1 on r1_1.id=r1_0.role_id where ue1_0.id=?
2026-04-12T10:14:19.693+07:00 DEBUG 8612 --- [ulos] [nio-8080-exec-9] org.hibernate.SQL                        : update los_auth_token set created_at=?,expires_at=?,issued_at=?,last_accessed_at=?,revoked_flag=?,token_value=?,updated_at=?,user_id=? where id=?
2026-04-12T10:14:19.751+07:00 DEBUG 8612 --- [ulos] [io-8080-exec-10] o.s.web.servlet.DispatcherServlet        : GET "/api/prechecks?type=SLIK&customerCif=DEB-9920-X1&page=0&size=5", parameters={masked}
2026-04-12T10:14:19.751+07:00 DEBUG 8612 --- [ulos] [io-8080-exec-10] s.w.s.m.m.a.RequestMappingHandlerMapping : Mapped to com.enterprise.ulos.los.controller.PrecheckController#list(String, String, String, int, int)
2026-04-12T10:14:19.751+07:00 DEBUG 8612 --- [ulos] [io-8080-exec-10] org.hibernate.SQL                        : select ate1_0.id,ate1_0.created_at,ate1_0.expires_at,ate1_0.issued_at,ate1_0.last_accessed_at,ate1_0.revoked_flag,ate1_0.token_value,ate1_0.updated_at,ate1_0.user_id from los_auth_token ate1_0 where ate1_0.token_value=? and not(ate1_0.revoked_flag)
2026-04-12T10:14:19.751+07:00 DEBUG 8612 --- [ulos] [io-8080-exec-10] org.hibernate.SQL                        : select ue1_0.id,ue1_0.active_flag,ue1_0.created_at,ue1_0.email,ue1_0.full_name,ue1_0.last_login_at,ue1_0.password_hash,r1_0.user_id,r1_1.id,r1_1.active_flag,r1_1.created_at,r1_1.description,r1_1.role_code,r1_1.role_name,r1_1.updated_at,ue1_0.updated_at,ue1_0.username from los_user ue1_0 left join los_user_role r1_0 on ue1_0.id=r1_0.user_id left join los_role r1_1 on r1_1.id=r1_0.role_id where ue1_0.id=?
2026-04-12T10:14:19.751+07:00 DEBUG 8612 --- [ulos] [io-8080-exec-10] org.hibernate.SQL                        : update los_auth_token set created_at=?,expires_at=?,issued_at=?,last_accessed_at=?,revoked_flag=?,token_value=?,updated_at=?,user_id=? where id=?
2026-04-12T10:14:19.769+07:00 DEBUG 8612 --- [ulos] [nio-8080-exec-2] o.s.web.servlet.DispatcherServlet        : GET "/api/prechecks?type=COLLATERAL&customerCif=DEB-9920-X1&page=0&size=5", parameters={masked}
2026-04-12T10:14:19.769+07:00 DEBUG 8612 --- [ulos] [nio-8080-exec-2] s.w.s.m.m.a.RequestMappingHandlerMapping : Mapped to com.enterprise.ulos.los.controller.PrecheckController#list(String, String, String, int, int)
2026-04-12T10:14:19.769+07:00 DEBUG 8612 --- [ulos] [nio-8080-exec-2] org.hibernate.SQL                        : select ate1_0.id,ate1_0.created_at,ate1_0.expires_at,ate1_0.issued_at,ate1_0.last_accessed_at,ate1_0.revoked_flag,ate1_0.token_value,ate1_0.updated_at,ate1_0.user_id from los_auth_token ate1_0 where ate1_0.token_value=? and not(ate1_0.revoked_flag)
2026-04-12T10:14:19.769+07:00 DEBUG 8612 --- [ulos] [nio-8080-exec-2] org.hibernate.SQL                        : select ue1_0.id,ue1_0.active_flag,ue1_0.created_at,ue1_0.email,ue1_0.full_name,ue1_0.last_login_at,ue1_0.password_hash,r1_0.user_id,r1_1.id,r1_1.active_flag,r1_1.created_at,r1_1.description,r1_1.role_code,r1_1.role_name,r1_1.updated_at,ue1_0.updated_at,ue1_0.username from los_user ue1_0 left join los_user_role r1_0 on ue1_0.id=r1_0.user_id left join los_role r1_1 on r1_1.id=r1_0.role_id where ue1_0.id=?
2026-04-12T10:14:19.769+07:00 DEBUG 8612 --- [ulos] [nio-8080-exec-2] org.hibernate.SQL                        : update los_auth_token set created_at=?,expires_at=?,issued_at=?,last_accessed_at=?,revoked_flag=?,token_value=?,updated_at=?,user_id=? where id=?
2026-04-12T10:14:19.783+07:00 DEBUG 8612 --- [ulos] [nio-8080-exec-9] org.hibernate.SQL                        : select ce1_0.id,ce1_0.cif_number,ce1_0.company_name,ce1_0.company_type,ce1_0.created_at,ce1_0.legal_name,ce1_0.location,ce1_0.profile_json,ce1_0.registration_date,ce1_0.sector,ce1_0.status,ce1_0.tax_id,ce1_0.updated_at from los_customer ce1_0 where ce1_0.cif_number=?
2026-04-12T10:14:19.783+07:00 DEBUG 8612 --- [ulos] [nio-8080-exec-9] m.m.a.RequestResponseBodyMethodProcessor : Using 'application/json', given [*/*] and supported [application/json, application/*+json]
2026-04-12T10:14:19.783+07:00 DEBUG 8612 --- [ulos] [nio-8080-exec-9] m.m.a.RequestResponseBodyMethodProcessor : Writing [CustomerDetailResponse[id=1, cifNumber=DEB-9920-X1, companyName=Global Logistics Systems Corp., lega (truncated)...]
2026-04-12T10:14:19.783+07:00 DEBUG 8612 --- [ulos] [nio-8080-exec-9] o.s.web.servlet.DispatcherServlet        : Completed 200 OK
2026-04-12T10:14:19.799+07:00 DEBUG 8612 --- [ulos] [io-8080-exec-10] org.hibernate.SQL                        : select pse1_0.id,pse1_0.check_ref,pse1_0.check_type,pse1_0.completed_at,pse1_0.created_at,pse1_0.customer_id,pse1_0.linked_application_id,pse1_0.notes,pse1_0.requested_at,pse1_0.result_json,pse1_0.result_summary,pse1_0.status,pse1_0.updated_at from los_precheck_session pse1_0 join los_customer c1_0 on c1_0.id=pse1_0.customer_id where (? is null or ?='' or upper(pse1_0.check_type)=upper(?)) and (? is null or ?='' or lower(c1_0.cif_number)=lower(?)) and (? is null or ?='' or lower(pse1_0.check_ref) like lower(concat('%',?,'%')) escape '' or lower(c1_0.cif_number) like lower(concat('%',?,'%')) escape '' or lower(c1_0.company_name) like lower(concat('%',?,'%')) escape '' or lower(coalesce(pse1_0.status,'')) like lower(concat('%',?,'%')) escape '' or lower(coalesce(pse1_0.result_summary,'')) like lower(concat('%',?,'%')) escape '') order by pse1_0.updated_at desc limit ?
2026-04-12T10:14:19.802+07:00 DEBUG 8612 --- [ulos] [io-8080-exec-10] m.m.a.RequestResponseBodyMethodProcessor : Using 'application/json', given [*/*] and supported [application/json, application/*+json]
2026-04-12T10:14:19.802+07:00 DEBUG 8612 --- [ulos] [io-8080-exec-10] m.m.a.RequestResponseBodyMethodProcessor : Writing [PrecheckPageResponse[items=[], totalElements=0, totalPages=0, page=0, size=5]]
2026-04-12T10:14:19.802+07:00 DEBUG 8612 --- [ulos] [io-8080-exec-10] o.s.web.servlet.DispatcherServlet        : Completed 200 OK
2026-04-12T10:14:19.802+07:00 DEBUG 8612 --- [ulos] [nio-8080-exec-2] org.hibernate.SQL                        : select pse1_0.id,pse1_0.check_ref,pse1_0.check_type,pse1_0.completed_at,pse1_0.created_at,pse1_0.customer_id,pse1_0.linked_application_id,pse1_0.notes,pse1_0.requested_at,pse1_0.result_json,pse1_0.result_summary,pse1_0.status,pse1_0.updated_at from los_precheck_session pse1_0 join los_customer c1_0 on c1_0.id=pse1_0.customer_id where (? is null or ?='' or upper(pse1_0.check_type)=upper(?)) and (? is null or ?='' or lower(c1_0.cif_number)=lower(?)) and (? is null or ?='' or lower(pse1_0.check_ref) like lower(concat('%',?,'%')) escape '' or lower(c1_0.cif_number) like lower(concat('%',?,'%')) escape '' or lower(c1_0.company_name) like lower(concat('%',?,'%')) escape '' or lower(coalesce(pse1_0.status,'')) like lower(concat('%',?,'%')) escape '' or lower(coalesce(pse1_0.result_summary,'')) like lower(concat('%',?,'%')) escape '') order by pse1_0.updated_at desc limit ?
2026-04-12T10:14:19.802+07:00 DEBUG 8612 --- [ulos] [nio-8080-exec-2] m.m.a.RequestResponseBodyMethodProcessor : Using 'application/json', given [*/*] and supported [application/json, application/*+json]
2026-04-12T10:14:19.802+07:00 DEBUG 8612 --- [ulos] [nio-8080-exec-2] m.m.a.RequestResponseBodyMethodProcessor : Writing [PrecheckPageResponse[items=[], totalElements=0, totalPages=0, page=0, size=5]]
2026-04-12T10:14:19.802+07:00 DEBUG 8612 --- [ulos] [nio-8080-exec-2] o.s.web.servlet.DispatcherServlet        : Completed 200 OK
2026-04-12T10:14:19.802+07:00 DEBUG 8612 --- [ulos] [nio-8080-exec-4] org.hibernate.SQL                        : select ate1_0.id,ate1_0.created_at,ate1_0.expires_at,ate1_0.issued_at,ate1_0.last_accessed_at,ate1_0.revoked_flag,ate1_0.token_value,ate1_0.updated_at,ate1_0.user_id from los_auth_token ate1_0 where ate1_0.token_value=? and not(ate1_0.revoked_flag)
2026-04-12T10:14:19.816+07:00 DEBUG 8612 --- [ulos] [nio-8080-exec-4] org.hibernate.SQL                        : select ue1_0.id,ue1_0.active_flag,ue1_0.created_at,ue1_0.email,ue1_0.full_name,ue1_0.last_login_at,ue1_0.password_hash,r1_0.user_id,r1_1.id,r1_1.active_flag,r1_1.created_at,r1_1.description,r1_1.role_code,r1_1.role_name,r1_1.updated_at,ue1_0.updated_at,ue1_0.username from los_user ue1_0 left join los_user_role r1_0 on ue1_0.id=r1_0.user_id left join los_role r1_1 on r1_1.id=r1_0.role_id where ue1_0.id=?
2026-04-12T10:14:19.816+07:00 DEBUG 8612 --- [ulos] [nio-8080-exec-4] org.hibernate.SQL                        : update los_auth_token set created_at=?,expires_at=?,issued_at=?,last_accessed_at=?,revoked_flag=?,token_value=?,updated_at=?,user_id=? where id=?
2026-04-12T10:14:19.816+07:00 DEBUG 8612 --- [ulos] [nio-8080-exec-1] org.hibernate.SQL                        : select ate1_0.id,ate1_0.created_at,ate1_0.expires_at,ate1_0.issued_at,ate1_0.last_accessed_at,ate1_0.revoked_flag,ate1_0.token_value,ate1_0.updated_at,ate1_0.user_id from los_auth_token ate1_0 where ate1_0.token_value=? and not(ate1_0.revoked_flag)
2026-04-12T10:14:19.816+07:00 DEBUG 8612 --- [ulos] [nio-8080-exec-1] org.hibernate.SQL                        : select ue1_0.id,ue1_0.active_flag,ue1_0.created_at,ue1_0.email,ue1_0.full_name,ue1_0.last_login_at,ue1_0.password_hash,r1_0.user_id,r1_1.id,r1_1.active_flag,r1_1.created_at,r1_1.description,r1_1.role_code,r1_1.role_name,r1_1.updated_at,ue1_0.updated_at,ue1_0.username from los_user ue1_0 left join los_user_role r1_0 on ue1_0.id=r1_0.user_id left join los_role r1_1 on r1_1.id=r1_0.role_id where ue1_0.id=?
2026-04-12T10:14:19.833+07:00 DEBUG 8612 --- [ulos] [nio-8080-exec-1] org.hibernate.SQL                        : update los_auth_token set created_at=?,expires_at=?,issued_at=?,last_accessed_at=?,revoked_flag=?,token_value=?,updated_at=?,user_id=? where id=?
2026-04-12T10:14:19.833+07:00 DEBUG 8612 --- [ulos] [nio-8080-exec-4] o.s.web.servlet.DispatcherServlet        : GET "/api/customers/DEB-9920-X1", parameters={}
2026-04-12T10:14:19.833+07:00 DEBUG 8612 --- [ulos] [nio-8080-exec-4] s.w.s.m.m.a.RequestMappingHandlerMapping : Mapped to com.enterprise.ulos.los.controller.CustomerPortfolioController#get(String)
2026-04-12T10:14:19.833+07:00 DEBUG 8612 --- [ulos] [nio-8080-exec-6] org.hibernate.SQL                        : select ate1_0.id,ate1_0.created_at,ate1_0.expires_at,ate1_0.issued_at,ate1_0.last_accessed_at,ate1_0.revoked_flag,ate1_0.token_value,ate1_0.updated_at,ate1_0.user_id from los_auth_token ate1_0 where ate1_0.token_value=? and not(ate1_0.revoked_flag)
2026-04-12T10:14:19.833+07:00 DEBUG 8612 --- [ulos] [nio-8080-exec-4] org.hibernate.SQL                        : select ate1_0.id,ate1_0.created_at,ate1_0.expires_at,ate1_0.issued_at,ate1_0.last_accessed_at,ate1_0.revoked_flag,ate1_0.token_value,ate1_0.updated_at,ate1_0.user_id from los_auth_token ate1_0 where ate1_0.token_value=? and not(ate1_0.revoked_flag)
2026-04-12T10:14:19.833+07:00 DEBUG 8612 --- [ulos] [nio-8080-exec-6] org.hibernate.SQL                        : select ue1_0.id,ue1_0.active_flag,ue1_0.created_at,ue1_0.email,ue1_0.full_name,ue1_0.last_login_at,ue1_0.password_hash,r1_0.user_id,r1_1.id,r1_1.active_flag,r1_1.created_at,r1_1.description,r1_1.role_code,r1_1.role_name,r1_1.updated_at,ue1_0.updated_at,ue1_0.username from los_user ue1_0 left join los_user_role r1_0 on ue1_0.id=r1_0.user_id left join los_role r1_1 on r1_1.id=r1_0.role_id where ue1_0.id=?
2026-04-12T10:14:19.833+07:00 DEBUG 8612 --- [ulos] [nio-8080-exec-4] org.hibernate.SQL                        : select ue1_0.id,ue1_0.active_flag,ue1_0.created_at,ue1_0.email,ue1_0.full_name,ue1_0.last_login_at,ue1_0.password_hash,r1_0.user_id,r1_1.id,r1_1.active_flag,r1_1.created_at,r1_1.description,r1_1.role_code,r1_1.role_name,r1_1.updated_at,ue1_0.updated_at,ue1_0.username from los_user ue1_0 left join los_user_role r1_0 on ue1_0.id=r1_0.user_id left join los_role r1_1 on r1_1.id=r1_0.role_id where ue1_0.id=?
2026-04-12T10:14:19.833+07:00 DEBUG 8612 --- [ulos] [nio-8080-exec-6] org.hibernate.SQL                        : update los_auth_token set created_at=?,expires_at=?,issued_at=?,last_accessed_at=?,revoked_flag=?,token_value=?,updated_at=?,user_id=? where id=?
2026-04-12T10:14:19.833+07:00 DEBUG 8612 --- [ulos] [nio-8080-exec-4] org.hibernate.SQL                        : update los_auth_token set created_at=?,expires_at=?,issued_at=?,last_accessed_at=?,revoked_flag=?,token_value=?,updated_at=?,user_id=? where id=?
2026-04-12T10:14:19.850+07:00 DEBUG 8612 --- [ulos] [nio-8080-exec-1] o.s.web.servlet.DispatcherServlet        : GET "/api/prechecks?type=SLIK&customerCif=DEB-9920-X1&page=0&size=5", parameters={masked}
2026-04-12T10:14:19.850+07:00 DEBUG 8612 --- [ulos] [nio-8080-exec-1] s.w.s.m.m.a.RequestMappingHandlerMapping : Mapped to com.enterprise.ulos.los.controller.PrecheckController#list(String, String, String, int, int)
2026-04-12T10:14:19.850+07:00 DEBUG 8612 --- [ulos] [nio-8080-exec-6] o.s.web.servlet.DispatcherServlet        : GET "/api/prechecks?type=COLLATERAL&customerCif=DEB-9920-X1&page=0&size=5", parameters={masked}
2026-04-12T10:14:19.850+07:00 DEBUG 8612 --- [ulos] [nio-8080-exec-6] s.w.s.m.m.a.RequestMappingHandlerMapping : Mapped to com.enterprise.ulos.los.controller.PrecheckController#list(String, String, String, int, int)
2026-04-12T10:14:19.850+07:00 DEBUG 8612 --- [ulos] [nio-8080-exec-1] org.hibernate.SQL                        : select ate1_0.id,ate1_0.created_at,ate1_0.expires_at,ate1_0.issued_at,ate1_0.last_accessed_at,ate1_0.revoked_flag,ate1_0.token_value,ate1_0.updated_at,ate1_0.user_id from los_auth_token ate1_0 where ate1_0.token_value=? and not(ate1_0.revoked_flag)
2026-04-12T10:14:19.850+07:00 DEBUG 8612 --- [ulos] [nio-8080-exec-6] org.hibernate.SQL                        : select ate1_0.id,ate1_0.created_at,ate1_0.expires_at,ate1_0.issued_at,ate1_0.last_accessed_at,ate1_0.revoked_flag,ate1_0.token_value,ate1_0.updated_at,ate1_0.user_id from los_auth_token ate1_0 where ate1_0.token_value=? and not(ate1_0.revoked_flag)
2026-04-12T10:14:19.850+07:00 DEBUG 8612 --- [ulos] [nio-8080-exec-4] org.hibernate.SQL                        : select ce1_0.id,ce1_0.cif_number,ce1_0.company_name,ce1_0.company_type,ce1_0.created_at,ce1_0.legal_name,ce1_0.location,ce1_0.profile_json,ce1_0.registration_date,ce1_0.sector,ce1_0.status,ce1_0.tax_id,ce1_0.updated_at from los_customer ce1_0 where ce1_0.cif_number=?
2026-04-12T10:14:19.850+07:00 DEBUG 8612 --- [ulos] [nio-8080-exec-1] org.hibernate.SQL                        : select ue1_0.id,ue1_0.active_flag,ue1_0.created_at,ue1_0.email,ue1_0.full_name,ue1_0.last_login_at,ue1_0.password_hash,r1_0.user_id,r1_1.id,r1_1.active_flag,r1_1.created_at,r1_1.description,r1_1.role_code,r1_1.role_name,r1_1.updated_at,ue1_0.updated_at,ue1_0.username from los_user ue1_0 left join los_user_role r1_0 on ue1_0.id=r1_0.user_id left join los_role r1_1 on r1_1.id=r1_0.role_id where ue1_0.id=?
2026-04-12T10:14:19.850+07:00 DEBUG 8612 --- [ulos] [nio-8080-exec-6] org.hibernate.SQL                        : select ue1_0.id,ue1_0.active_flag,ue1_0.created_at,ue1_0.email,ue1_0.full_name,ue1_0.last_login_at,ue1_0.password_hash,r1_0.user_id,r1_1.id,r1_1.active_flag,r1_1.created_at,r1_1.description,r1_1.role_code,r1_1.role_name,r1_1.updated_at,ue1_0.updated_at,ue1_0.username from los_user ue1_0 left join los_user_role r1_0 on ue1_0.id=r1_0.user_id left join los_role r1_1 on r1_1.id=r1_0.role_id where ue1_0.id=?
2026-04-12T10:14:19.850+07:00 DEBUG 8612 --- [ulos] [nio-8080-exec-1] org.hibernate.SQL                        : update los_auth_token set created_at=?,expires_at=?,issued_at=?,last_accessed_at=?,revoked_flag=?,token_value=?,updated_at=?,user_id=? where id=?
2026-04-12T10:14:19.850+07:00 DEBUG 8612 --- [ulos] [nio-8080-exec-4] m.m.a.RequestResponseBodyMethodProcessor : Using 'application/json', given [*/*] and supported [application/json, application/*+json]
2026-04-12T10:14:19.850+07:00 DEBUG 8612 --- [ulos] [nio-8080-exec-4] m.m.a.RequestResponseBodyMethodProcessor : Writing [CustomerDetailResponse[id=1, cifNumber=DEB-9920-X1, companyName=Global Logistics Systems Corp., lega (truncated)...]
2026-04-12T10:14:19.850+07:00 DEBUG 8612 --- [ulos] [nio-8080-exec-6] org.hibernate.SQL                        : update los_auth_token set created_at=?,expires_at=?,issued_at=?,last_accessed_at=?,revoked_flag=?,token_value=?,updated_at=?,user_id=? where id=?
2026-04-12T10:14:19.850+07:00 DEBUG 8612 --- [ulos] [nio-8080-exec-4] o.s.web.servlet.DispatcherServlet        : Completed 200 OK
2026-04-12T10:14:19.870+07:00 DEBUG 8612 --- [ulos] [nio-8080-exec-1] org.hibernate.SQL                        : select pse1_0.id,pse1_0.check_ref,pse1_0.check_type,pse1_0.completed_at,pse1_0.created_at,pse1_0.customer_id,pse1_0.linked_application_id,pse1_0.notes,pse1_0.requested_at,pse1_0.result_json,pse1_0.result_summary,pse1_0.status,pse1_0.updated_at from los_precheck_session pse1_0 join los_customer c1_0 on c1_0.id=pse1_0.customer_id where (? is null or ?='' or upper(pse1_0.check_type)=upper(?)) and (? is null or ?='' or lower(c1_0.cif_number)=lower(?)) and (? is null or ?='' or lower(pse1_0.check_ref) like lower(concat('%',?,'%')) escape '' or lower(c1_0.cif_number) like lower(concat('%',?,'%')) escape '' or lower(c1_0.company_name) like lower(concat('%',?,'%')) escape '' or lower(coalesce(pse1_0.status,'')) like lower(concat('%',?,'%')) escape '' or lower(coalesce(pse1_0.result_summary,'')) like lower(concat('%',?,'%')) escape '') order by pse1_0.updated_at desc limit ?
2026-04-12T10:14:19.872+07:00 DEBUG 8612 --- [ulos] [nio-8080-exec-1] m.m.a.RequestResponseBodyMethodProcessor : Using 'application/json', given [*/*] and supported [application/json, application/*+json]
2026-04-12T10:14:19.872+07:00 DEBUG 8612 --- [ulos] [nio-8080-exec-1] m.m.a.RequestResponseBodyMethodProcessor : Writing [PrecheckPageResponse[items=[], totalElements=0, totalPages=0, page=0, size=5]]
2026-04-12T10:14:19.873+07:00 DEBUG 8612 --- [ulos] [nio-8080-exec-1] o.s.web.servlet.DispatcherServlet        : Completed 200 OK
2026-04-12T10:14:19.873+07:00 DEBUG 8612 --- [ulos] [nio-8080-exec-6] org.hibernate.SQL                        : select pse1_0.id,pse1_0.check_ref,pse1_0.check_type,pse1_0.completed_at,pse1_0.created_at,pse1_0.customer_id,pse1_0.linked_application_id,pse1_0.notes,pse1_0.requested_at,pse1_0.result_json,pse1_0.result_summary,pse1_0.status,pse1_0.updated_at from los_precheck_session pse1_0 join los_customer c1_0 on c1_0.id=pse1_0.customer_id where (? is null or ?='' or upper(pse1_0.check_type)=upper(?)) and (? is null or ?='' or lower(c1_0.cif_number)=lower(?)) and (? is null or ?='' or lower(pse1_0.check_ref) like lower(concat('%',?,'%')) escape '' or lower(c1_0.cif_number) like lower(concat('%',?,'%')) escape '' or lower(c1_0.company_name) like lower(concat('%',?,'%')) escape '' or lower(coalesce(pse1_0.status,'')) like lower(concat('%',?,'%')) escape '' or lower(coalesce(pse1_0.result_summary,'')) like lower(concat('%',?,'%')) escape '') order by pse1_0.updated_at desc limit ?
2026-04-12T10:14:19.875+07:00 DEBUG 8612 --- [ulos] [nio-8080-exec-6] m.m.a.RequestResponseBodyMethodProcessor : Using 'application/json', given [*/*] and supported [application/json, application/*+json]
2026-04-12T10:14:19.875+07:00 DEBUG 8612 --- [ulos] [nio-8080-exec-6] m.m.a.RequestResponseBodyMethodProcessor : Writing [PrecheckPageResponse[items=[], totalElements=0, totalPages=0, page=0, size=5]]
2026-04-12T10:14:19.876+07:00 DEBUG 8612 --- [ulos] [nio-8080-exec-6] o.s.web.servlet.DispatcherServlet        : Completed 200 OK
2026-04-12T10:15:57.381+07:00 DEBUG 8612 --- [ulos] [nio-8080-exec-7] org.hibernate.SQL                        : select ate1_0.id,ate1_0.created_at,ate1_0.expires_at,ate1_0.issued_at,ate1_0.last_accessed_at,ate1_0.revoked_flag,ate1_0.token_value,ate1_0.updated_at,ate1_0.user_id from los_auth_token ate1_0 where ate1_0.token_value=? and not(ate1_0.revoked_flag)
2026-04-12T10:15:57.382+07:00 DEBUG 8612 --- [ulos] [nio-8080-exec-7] org.hibernate.SQL                        : select ue1_0.id,ue1_0.active_flag,ue1_0.created_at,ue1_0.email,ue1_0.full_name,ue1_0.last_login_at,ue1_0.password_hash,r1_0.user_id,r1_1.id,r1_1.active_flag,r1_1.created_at,r1_1.description,r1_1.role_code,r1_1.role_name,r1_1.updated_at,ue1_0.updated_at,ue1_0.username from los_user ue1_0 left join los_user_role r1_0 on ue1_0.id=r1_0.user_id left join los_role r1_1 on r1_1.id=r1_0.role_id where ue1_0.id=?
2026-04-12T10:15:57.383+07:00 DEBUG 8612 --- [ulos] [nio-8080-exec-9] org.hibernate.SQL                        : select ate1_0.id,ate1_0.created_at,ate1_0.expires_at,ate1_0.issued_at,ate1_0.last_accessed_at,ate1_0.revoked_flag,ate1_0.token_value,ate1_0.updated_at,ate1_0.user_id from los_auth_token ate1_0 where ate1_0.token_value=? and not(ate1_0.revoked_flag)
2026-04-12T10:15:57.384+07:00 DEBUG 8612 --- [ulos] [nio-8080-exec-9] org.hibernate.SQL                        : select ue1_0.id,ue1_0.active_flag,ue1_0.created_at,ue1_0.email,ue1_0.full_name,ue1_0.last_login_at,ue1_0.password_hash,r1_0.user_id,r1_1.id,r1_1.active_flag,r1_1.created_at,r1_1.description,r1_1.role_code,r1_1.role_name,r1_1.updated_at,ue1_0.updated_at,ue1_0.username from los_user ue1_0 left join los_user_role r1_0 on ue1_0.id=r1_0.user_id left join los_role r1_1 on r1_1.id=r1_0.role_id where ue1_0.id=?
2026-04-12T10:15:57.385+07:00 DEBUG 8612 --- [ulos] [nio-8080-exec-7] org.hibernate.SQL                        : update los_auth_token set created_at=?,expires_at=?,issued_at=?,last_accessed_at=?,revoked_flag=?,token_value=?,updated_at=?,user_id=? where id=?
2026-04-12T10:15:57.386+07:00 DEBUG 8612 --- [ulos] [nio-8080-exec-9] org.hibernate.SQL                        : update los_auth_token set created_at=?,expires_at=?,issued_at=?,last_accessed_at=?,revoked_flag=?,token_value=?,updated_at=?,user_id=? where id=?
2026-04-12T10:15:57.396+07:00 DEBUG 8612 --- [ulos] [nio-8080-exec-7] o.s.web.servlet.DispatcherServlet        : GET "/api/customers", parameters={}
2026-04-12T10:15:57.396+07:00 DEBUG 8612 --- [ulos] [nio-8080-exec-7] s.w.s.m.m.a.RequestMappingHandlerMapping : Mapped to com.enterprise.ulos.los.controller.CustomerPortfolioController#list()
2026-04-12T10:15:57.398+07:00 DEBUG 8612 --- [ulos] [nio-8080-exec-7] org.hibernate.SQL                        : select ate1_0.id,ate1_0.created_at,ate1_0.expires_at,ate1_0.issued_at,ate1_0.last_accessed_at,ate1_0.revoked_flag,ate1_0.token_value,ate1_0.updated_at,ate1_0.user_id from los_auth_token ate1_0 where ate1_0.token_value=? and not(ate1_0.revoked_flag)
2026-04-12T10:15:57.400+07:00 DEBUG 8612 --- [ulos] [nio-8080-exec-7] org.hibernate.SQL                        : select ue1_0.id,ue1_0.active_flag,ue1_0.created_at,ue1_0.email,ue1_0.full_name,ue1_0.last_login_at,ue1_0.password_hash,r1_0.user_id,r1_1.id,r1_1.active_flag,r1_1.created_at,r1_1.description,r1_1.role_code,r1_1.role_name,r1_1.updated_at,ue1_0.updated_at,ue1_0.username from los_user ue1_0 left join los_user_role r1_0 on ue1_0.id=r1_0.user_id left join los_role r1_1 on r1_1.id=r1_0.role_id where ue1_0.id=?
2026-04-12T10:15:57.402+07:00 DEBUG 8612 --- [ulos] [nio-8080-exec-7] org.hibernate.SQL                        : update los_auth_token set created_at=?,expires_at=?,issued_at=?,last_accessed_at=?,revoked_flag=?,token_value=?,updated_at=?,user_id=? where id=?
2026-04-12T10:15:57.404+07:00 DEBUG 8612 --- [ulos] [nio-8080-exec-9] o.s.web.servlet.DispatcherServlet        : GET "/api/prechecks?type=COLLATERAL&page=0&size=10", parameters={masked}
2026-04-12T10:15:57.405+07:00 DEBUG 8612 --- [ulos] [nio-8080-exec-9] s.w.s.m.m.a.RequestMappingHandlerMapping : Mapped to com.enterprise.ulos.los.controller.PrecheckController#list(String, String, String, int, int)
2026-04-12T10:15:57.407+07:00 DEBUG 8612 --- [ulos] [nio-8080-exec-9] org.hibernate.SQL                        : select ate1_0.id,ate1_0.created_at,ate1_0.expires_at,ate1_0.issued_at,ate1_0.last_accessed_at,ate1_0.revoked_flag,ate1_0.token_value,ate1_0.updated_at,ate1_0.user_id from los_auth_token ate1_0 where ate1_0.token_value=? and not(ate1_0.revoked_flag)
2026-04-12T10:15:57.408+07:00 DEBUG 8612 --- [ulos] [nio-8080-exec-9] org.hibernate.SQL                        : select ue1_0.id,ue1_0.active_flag,ue1_0.created_at,ue1_0.email,ue1_0.full_name,ue1_0.last_login_at,ue1_0.password_hash,r1_0.user_id,r1_1.id,r1_1.active_flag,r1_1.created_at,r1_1.description,r1_1.role_code,r1_1.role_name,r1_1.updated_at,ue1_0.updated_at,ue1_0.username from los_user ue1_0 left join los_user_role r1_0 on ue1_0.id=r1_0.user_id left join los_role r1_1 on r1_1.id=r1_0.role_id where ue1_0.id=?
2026-04-12T10:15:57.410+07:00 DEBUG 8612 --- [ulos] [nio-8080-exec-9] org.hibernate.SQL                        : update los_auth_token set created_at=?,expires_at=?,issued_at=?,last_accessed_at=?,revoked_flag=?,token_value=?,updated_at=?,user_id=? where id=?
2026-04-12T10:15:57.420+07:00 DEBUG 8612 --- [ulos] [nio-8080-exec-7] org.hibernate.SQL                        : select ce1_0.id,ce1_0.cif_number,ce1_0.company_name,ce1_0.company_type,ce1_0.created_at,ce1_0.legal_name,ce1_0.location,ce1_0.profile_json,ce1_0.registration_date,ce1_0.sector,ce1_0.status,ce1_0.tax_id,ce1_0.updated_at from los_customer ce1_0
2026-04-12T10:15:57.424+07:00 DEBUG 8612 --- [ulos] [nio-8080-exec-7] m.m.a.RequestResponseBodyMethodProcessor : Using 'application/json', given [*/*] and supported [application/json, application/*+json]
2026-04-12T10:15:57.424+07:00 DEBUG 8612 --- [ulos] [nio-8080-exec-7] m.m.a.RequestResponseBodyMethodProcessor : Writing [[CustomerSummaryResponse[cifNumber=DEB-9920-X1, companyName=Global Logistics Systems Corp., sector=n (truncated)...]
2026-04-12T10:15:57.425+07:00 DEBUG 8612 --- [ulos] [nio-8080-exec-7] o.s.web.servlet.DispatcherServlet        : Completed 200 OK
2026-04-12T10:15:57.430+07:00 DEBUG 8612 --- [ulos] [nio-8080-exec-9] org.hibernate.SQL                        : select pse1_0.id,pse1_0.check_ref,pse1_0.check_type,pse1_0.completed_at,pse1_0.created_at,pse1_0.customer_id,pse1_0.linked_application_id,pse1_0.notes,pse1_0.requested_at,pse1_0.result_json,pse1_0.result_summary,pse1_0.status,pse1_0.updated_at from los_precheck_session pse1_0 join los_customer c1_0 on c1_0.id=pse1_0.customer_id where (? is null or ?='' or upper(pse1_0.check_type)=upper(?)) and (? is null or ?='' or lower(c1_0.cif_number)=lower(?)) and (? is null or ?='' or lower(pse1_0.check_ref) like lower(concat('%',?,'%')) escape '' or lower(c1_0.cif_number) like lower(concat('%',?,'%')) escape '' or lower(c1_0.company_name) like lower(concat('%',?,'%')) escape '' or lower(coalesce(pse1_0.status,'')) like lower(concat('%',?,'%')) escape '' or lower(coalesce(pse1_0.result_summary,'')) like lower(concat('%',?,'%')) escape '') order by pse1_0.updated_at desc limit ?
2026-04-12T10:15:57.433+07:00 DEBUG 8612 --- [ulos] [nio-8080-exec-9] m.m.a.RequestResponseBodyMethodProcessor : Using 'application/json', given [*/*] and supported [application/json, application/*+json]
2026-04-12T10:15:57.433+07:00 DEBUG 8612 --- [ulos] [nio-8080-exec-9] m.m.a.RequestResponseBodyMethodProcessor : Writing [PrecheckPageResponse[items=[], totalElements=0, totalPages=0, page=0, size=10]]
2026-04-12T10:15:57.434+07:00 DEBUG 8612 --- [ulos] [nio-8080-exec-9] o.s.web.servlet.DispatcherServlet        : Completed 200 OK
2026-04-12T10:15:57.445+07:00 DEBUG 8612 --- [ulos] [io-8080-exec-10] org.hibernate.SQL                        : select ate1_0.id,ate1_0.created_at,ate1_0.expires_at,ate1_0.issued_at,ate1_0.last_accessed_at,ate1_0.revoked_flag,ate1_0.token_value,ate1_0.updated_at,ate1_0.user_id from los_auth_token ate1_0 where ate1_0.token_value=? and not(ate1_0.revoked_flag)
2026-04-12T10:15:57.447+07:00 DEBUG 8612 --- [ulos] [io-8080-exec-10] org.hibernate.SQL                        : select ue1_0.id,ue1_0.active_flag,ue1_0.created_at,ue1_0.email,ue1_0.full_name,ue1_0.last_login_at,ue1_0.password_hash,r1_0.user_id,r1_1.id,r1_1.active_flag,r1_1.created_at,r1_1.description,r1_1.role_code,r1_1.role_name,r1_1.updated_at,ue1_0.updated_at,ue1_0.username from los_user ue1_0 left join los_user_role r1_0 on ue1_0.id=r1_0.user_id left join los_role r1_1 on r1_1.id=r1_0.role_id where ue1_0.id=?
2026-04-12T10:15:57.450+07:00 DEBUG 8612 --- [ulos] [io-8080-exec-10] org.hibernate.SQL                        : update los_auth_token set created_at=?,expires_at=?,issued_at=?,last_accessed_at=?,revoked_flag=?,token_value=?,updated_at=?,user_id=? where id=?
2026-04-12T10:15:57.457+07:00 DEBUG 8612 --- [ulos] [nio-8080-exec-2] org.hibernate.SQL                        : select ate1_0.id,ate1_0.created_at,ate1_0.expires_at,ate1_0.issued_at,ate1_0.last_accessed_at,ate1_0.revoked_flag,ate1_0.token_value,ate1_0.updated_at,ate1_0.user_id from los_auth_token ate1_0 where ate1_0.token_value=? and not(ate1_0.revoked_flag)
2026-04-12T10:15:57.461+07:00 DEBUG 8612 --- [ulos] [nio-8080-exec-2] org.hibernate.SQL                        : select ue1_0.id,ue1_0.active_flag,ue1_0.created_at,ue1_0.email,ue1_0.full_name,ue1_0.last_login_at,ue1_0.password_hash,r1_0.user_id,r1_1.id,r1_1.active_flag,r1_1.created_at,r1_1.description,r1_1.role_code,r1_1.role_name,r1_1.updated_at,ue1_0.updated_at,ue1_0.username from los_user ue1_0 left join los_user_role r1_0 on ue1_0.id=r1_0.user_id left join los_role r1_1 on r1_1.id=r1_0.role_id where ue1_0.id=?
2026-04-12T10:15:57.463+07:00 DEBUG 8612 --- [ulos] [nio-8080-exec-2] org.hibernate.SQL                        : update los_auth_token set created_at=?,expires_at=?,issued_at=?,last_accessed_at=?,revoked_flag=?,token_value=?,updated_at=?,user_id=? where id=?
2026-04-12T10:15:57.465+07:00 DEBUG 8612 --- [ulos] [io-8080-exec-10] o.s.web.servlet.DispatcherServlet        : GET "/api/customers", parameters={}
2026-04-12T10:15:57.466+07:00 DEBUG 8612 --- [ulos] [io-8080-exec-10] s.w.s.m.m.a.RequestMappingHandlerMapping : Mapped to com.enterprise.ulos.los.controller.CustomerPortfolioController#list()
2026-04-12T10:15:57.468+07:00 DEBUG 8612 --- [ulos] [io-8080-exec-10] org.hibernate.SQL                        : select ate1_0.id,ate1_0.created_at,ate1_0.expires_at,ate1_0.issued_at,ate1_0.last_accessed_at,ate1_0.revoked_flag,ate1_0.token_value,ate1_0.updated_at,ate1_0.user_id from los_auth_token ate1_0 where ate1_0.token_value=? and not(ate1_0.revoked_flag)
2026-04-12T10:15:57.475+07:00 DEBUG 8612 --- [ulos] [io-8080-exec-10] org.hibernate.SQL                        : select ue1_0.id,ue1_0.active_flag,ue1_0.created_at,ue1_0.email,ue1_0.full_name,ue1_0.last_login_at,ue1_0.password_hash,r1_0.user_id,r1_1.id,r1_1.active_flag,r1_1.created_at,r1_1.description,r1_1.role_code,r1_1.role_name,r1_1.updated_at,ue1_0.updated_at,ue1_0.username from los_user ue1_0 left join los_user_role r1_0 on ue1_0.id=r1_0.user_id left join los_role r1_1 on r1_1.id=r1_0.role_id where ue1_0.id=?
2026-04-12T10:15:57.478+07:00 DEBUG 8612 --- [ulos] [io-8080-exec-10] org.hibernate.SQL                        : update los_auth_token set created_at=?,expires_at=?,issued_at=?,last_accessed_at=?,revoked_flag=?,token_value=?,updated_at=?,user_id=? where id=?
2026-04-12T10:15:57.484+07:00 DEBUG 8612 --- [ulos] [nio-8080-exec-2] o.s.web.servlet.DispatcherServlet        : GET "/api/prechecks?type=COLLATERAL&page=0&size=10", parameters={masked}
2026-04-12T10:15:57.484+07:00 DEBUG 8612 --- [ulos] [nio-8080-exec-2] s.w.s.m.m.a.RequestMappingHandlerMapping : Mapped to com.enterprise.ulos.los.controller.PrecheckController#list(String, String, String, int, int)
2026-04-12T10:15:57.486+07:00 DEBUG 8612 --- [ulos] [nio-8080-exec-2] org.hibernate.SQL                        : select ate1_0.id,ate1_0.created_at,ate1_0.expires_at,ate1_0.issued_at,ate1_0.last_accessed_at,ate1_0.revoked_flag,ate1_0.token_value,ate1_0.updated_at,ate1_0.user_id from los_auth_token ate1_0 where ate1_0.token_value=? and not(ate1_0.revoked_flag)
2026-04-12T10:15:57.487+07:00 DEBUG 8612 --- [ulos] [nio-8080-exec-2] org.hibernate.SQL                        : select ue1_0.id,ue1_0.active_flag,ue1_0.created_at,ue1_0.email,ue1_0.full_name,ue1_0.last_login_at,ue1_0.password_hash,r1_0.user_id,r1_1.id,r1_1.active_flag,r1_1.created_at,r1_1.description,r1_1.role_code,r1_1.role_name,r1_1.updated_at,ue1_0.updated_at,ue1_0.username from los_user ue1_0 left join los_user_role r1_0 on ue1_0.id=r1_0.user_id left join los_role r1_1 on r1_1.id=r1_0.role_id where ue1_0.id=?
2026-04-12T10:15:57.490+07:00 DEBUG 8612 --- [ulos] [nio-8080-exec-2] org.hibernate.SQL                        : update los_auth_token set created_at=?,expires_at=?,issued_at=?,last_accessed_at=?,revoked_flag=?,token_value=?,updated_at=?,user_id=? where id=?
2026-04-12T10:15:57.493+07:00 DEBUG 8612 --- [ulos] [io-8080-exec-10] org.hibernate.SQL                        : select ce1_0.id,ce1_0.cif_number,ce1_0.company_name,ce1_0.company_type,ce1_0.created_at,ce1_0.legal_name,ce1_0.location,ce1_0.profile_json,ce1_0.registration_date,ce1_0.sector,ce1_0.status,ce1_0.tax_id,ce1_0.updated_at from los_customer ce1_0
2026-04-12T10:15:57.496+07:00 DEBUG 8612 --- [ulos] [io-8080-exec-10] m.m.a.RequestResponseBodyMethodProcessor : Using 'application/json', given [*/*] and supported [application/json, application/*+json]
2026-04-12T10:15:57.497+07:00 DEBUG 8612 --- [ulos] [io-8080-exec-10] m.m.a.RequestResponseBodyMethodProcessor : Writing [[CustomerSummaryResponse[cifNumber=DEB-9920-X1, companyName=Global Logistics Systems Corp., sector=n (truncated)...]
2026-04-12T10:15:57.497+07:00 DEBUG 8612 --- [ulos] [io-8080-exec-10] o.s.web.servlet.DispatcherServlet        : Completed 200 OK
2026-04-12T10:15:57.503+07:00 DEBUG 8612 --- [ulos] [nio-8080-exec-2] org.hibernate.SQL                        : select pse1_0.id,pse1_0.check_ref,pse1_0.check_type,pse1_0.completed_at,pse1_0.created_at,pse1_0.customer_id,pse1_0.linked_application_id,pse1_0.notes,pse1_0.requested_at,pse1_0.result_json,pse1_0.result_summary,pse1_0.status,pse1_0.updated_at from los_precheck_session pse1_0 join los_customer c1_0 on c1_0.id=pse1_0.customer_id where (? is null or ?='' or upper(pse1_0.check_type)=upper(?)) and (? is null or ?='' or lower(c1_0.cif_number)=lower(?)) and (? is null or ?='' or lower(pse1_0.check_ref) like lower(concat('%',?,'%')) escape '' or lower(c1_0.cif_number) like lower(concat('%',?,'%')) escape '' or lower(c1_0.company_name) like lower(concat('%',?,'%')) escape '' or lower(coalesce(pse1_0.status,'')) like lower(concat('%',?,'%')) escape '' or lower(coalesce(pse1_0.result_summary,'')) like lower(concat('%',?,'%')) escape '') order by pse1_0.updated_at desc limit ?
2026-04-12T10:15:57.506+07:00 DEBUG 8612 --- [ulos] [nio-8080-exec-2] m.m.a.RequestResponseBodyMethodProcessor : Using 'application/json', given [*/*] and supported [application/json, application/*+json]
2026-04-12T10:15:57.506+07:00 DEBUG 8612 --- [ulos] [nio-8080-exec-2] m.m.a.RequestResponseBodyMethodProcessor : Writing [PrecheckPageResponse[items=[], totalElements=0, totalPages=0, page=0, size=10]]
2026-04-12T10:15:57.507+07:00 DEBUG 8612 --- [ulos] [nio-8080-exec-2] o.s.web.servlet.DispatcherServlet        : Completed 200 OK
2026-04-12T10:15:58.099+07:00 DEBUG 8612 --- [ulos] [nio-8080-exec-4] org.hibernate.SQL                        : select ate1_0.id,ate1_0.created_at,ate1_0.expires_at,ate1_0.issued_at,ate1_0.last_accessed_at,ate1_0.revoked_flag,ate1_0.token_value,ate1_0.updated_at,ate1_0.user_id from los_auth_token ate1_0 where ate1_0.token_value=? and not(ate1_0.revoked_flag)
2026-04-12T10:15:58.102+07:00 DEBUG 8612 --- [ulos] [nio-8080-exec-1] org.hibernate.SQL                        : select ate1_0.id,ate1_0.created_at,ate1_0.expires_at,ate1_0.issued_at,ate1_0.last_accessed_at,ate1_0.revoked_flag,ate1_0.token_value,ate1_0.updated_at,ate1_0.user_id from los_auth_token ate1_0 where ate1_0.token_value=? and not(ate1_0.revoked_flag)
2026-04-12T10:15:58.103+07:00 DEBUG 8612 --- [ulos] [nio-8080-exec-1] org.hibernate.SQL                        : select ue1_0.id,ue1_0.active_flag,ue1_0.created_at,ue1_0.email,ue1_0.full_name,ue1_0.last_login_at,ue1_0.password_hash,r1_0.user_id,r1_1.id,r1_1.active_flag,r1_1.created_at,r1_1.description,r1_1.role_code,r1_1.role_name,r1_1.updated_at,ue1_0.updated_at,ue1_0.username from los_user ue1_0 left join los_user_role r1_0 on ue1_0.id=r1_0.user_id left join los_role r1_1 on r1_1.id=r1_0.role_id where ue1_0.id=?
2026-04-12T10:15:58.105+07:00 DEBUG 8612 --- [ulos] [nio-8080-exec-1] org.hibernate.SQL                        : update los_auth_token set created_at=?,expires_at=?,issued_at=?,last_accessed_at=?,revoked_flag=?,token_value=?,updated_at=?,user_id=? where id=?
2026-04-12T10:15:58.106+07:00 DEBUG 8612 --- [ulos] [nio-8080-exec-4] org.hibernate.SQL                        : select ue1_0.id,ue1_0.active_flag,ue1_0.created_at,ue1_0.email,ue1_0.full_name,ue1_0.last_login_at,ue1_0.password_hash,r1_0.user_id,r1_1.id,r1_1.active_flag,r1_1.created_at,r1_1.description,r1_1.role_code,r1_1.role_name,r1_1.updated_at,ue1_0.updated_at,ue1_0.username from los_user ue1_0 left join los_user_role r1_0 on ue1_0.id=r1_0.user_id left join los_role r1_1 on r1_1.id=r1_0.role_id where ue1_0.id=?
2026-04-12T10:15:58.108+07:00 DEBUG 8612 --- [ulos] [nio-8080-exec-4] org.hibernate.SQL                        : update los_auth_token set created_at=?,expires_at=?,issued_at=?,last_accessed_at=?,revoked_flag=?,token_value=?,updated_at=?,user_id=? where id=?
2026-04-12T10:15:58.118+07:00 DEBUG 8612 --- [ulos] [nio-8080-exec-1] o.s.web.servlet.DispatcherServlet        : GET "/api/prechecks?type=COLLATERAL&customerCif=DEB-9920-X1&page=0&size=100", parameters={masked}
2026-04-12T10:15:58.118+07:00 DEBUG 8612 --- [ulos] [nio-8080-exec-1] s.w.s.m.m.a.RequestMappingHandlerMapping : Mapped to com.enterprise.ulos.los.controller.PrecheckController#list(String, String, String, int, int)
2026-04-12T10:15:58.120+07:00 DEBUG 8612 --- [ulos] [nio-8080-exec-1] org.hibernate.SQL                        : select ate1_0.id,ate1_0.created_at,ate1_0.expires_at,ate1_0.issued_at,ate1_0.last_accessed_at,ate1_0.revoked_flag,ate1_0.token_value,ate1_0.updated_at,ate1_0.user_id from los_auth_token ate1_0 where ate1_0.token_value=? and not(ate1_0.revoked_flag)
2026-04-12T10:15:58.121+07:00 DEBUG 8612 --- [ulos] [nio-8080-exec-1] org.hibernate.SQL                        : select ue1_0.id,ue1_0.active_flag,ue1_0.created_at,ue1_0.email,ue1_0.full_name,ue1_0.last_login_at,ue1_0.password_hash,r1_0.user_id,r1_1.id,r1_1.active_flag,r1_1.created_at,r1_1.description,r1_1.role_code,r1_1.role_name,r1_1.updated_at,ue1_0.updated_at,ue1_0.username from los_user ue1_0 left join los_user_role r1_0 on ue1_0.id=r1_0.user_id left join los_role r1_1 on r1_1.id=r1_0.role_id where ue1_0.id=?
2026-04-12T10:15:58.124+07:00 DEBUG 8612 --- [ulos] [nio-8080-exec-1] org.hibernate.SQL                        : update los_auth_token set created_at=?,expires_at=?,issued_at=?,last_accessed_at=?,revoked_flag=?,token_value=?,updated_at=?,user_id=? where id=?
2026-04-12T10:15:58.127+07:00 DEBUG 8612 --- [ulos] [nio-8080-exec-4] o.s.web.servlet.DispatcherServlet        : GET "/api/prechecks?type=SLIK&customerCif=DEB-9920-X1&page=0&size=100", parameters={masked}
2026-04-12T10:15:58.127+07:00 DEBUG 8612 --- [ulos] [nio-8080-exec-4] s.w.s.m.m.a.RequestMappingHandlerMapping : Mapped to com.enterprise.ulos.los.controller.PrecheckController#list(String, String, String, int, int)
2026-04-12T10:15:58.129+07:00 DEBUG 8612 --- [ulos] [nio-8080-exec-4] org.hibernate.SQL                        : select ate1_0.id,ate1_0.created_at,ate1_0.expires_at,ate1_0.issued_at,ate1_0.last_accessed_at,ate1_0.revoked_flag,ate1_0.token_value,ate1_0.updated_at,ate1_0.user_id from los_auth_token ate1_0 where ate1_0.token_value=? and not(ate1_0.revoked_flag)
2026-04-12T10:15:58.130+07:00 DEBUG 8612 --- [ulos] [nio-8080-exec-4] org.hibernate.SQL                        : select ue1_0.id,ue1_0.active_flag,ue1_0.created_at,ue1_0.email,ue1_0.full_name,ue1_0.last_login_at,ue1_0.password_hash,r1_0.user_id,r1_1.id,r1_1.active_flag,r1_1.created_at,r1_1.description,r1_1.role_code,r1_1.role_name,r1_1.updated_at,ue1_0.updated_at,ue1_0.username from los_user ue1_0 left join los_user_role r1_0 on ue1_0.id=r1_0.user_id left join los_role r1_1 on r1_1.id=r1_0.role_id where ue1_0.id=?
2026-04-12T10:15:58.132+07:00 DEBUG 8612 --- [ulos] [nio-8080-exec-4] org.hibernate.SQL                        : update los_auth_token set created_at=?,expires_at=?,issued_at=?,last_accessed_at=?,revoked_flag=?,token_value=?,updated_at=?,user_id=? where id=?
2026-04-12T10:15:58.140+07:00 DEBUG 8612 --- [ulos] [nio-8080-exec-1] org.hibernate.SQL                        : select pse1_0.id,pse1_0.check_ref,pse1_0.check_type,pse1_0.completed_at,pse1_0.created_at,pse1_0.customer_id,pse1_0.linked_application_id,pse1_0.notes,pse1_0.requested_at,pse1_0.result_json,pse1_0.result_summary,pse1_0.status,pse1_0.updated_at from los_precheck_session pse1_0 join los_customer c1_0 on c1_0.id=pse1_0.customer_id where (? is null or ?='' or upper(pse1_0.check_type)=upper(?)) and (? is null or ?='' or lower(c1_0.cif_number)=lower(?)) and (? is null or ?='' or lower(pse1_0.check_ref) like lower(concat('%',?,'%')) escape '' or lower(c1_0.cif_number) like lower(concat('%',?,'%')) escape '' or lower(c1_0.company_name) like lower(concat('%',?,'%')) escape '' or lower(coalesce(pse1_0.status,'')) like lower(concat('%',?,'%')) escape '' or lower(coalesce(pse1_0.result_summary,'')) like lower(concat('%',?,'%')) escape '') order by pse1_0.updated_at desc limit ?
2026-04-12T10:15:58.142+07:00 DEBUG 8612 --- [ulos] [nio-8080-exec-1] m.m.a.RequestResponseBodyMethodProcessor : Using 'application/json', given [*/*] and supported [application/json, application/*+json]
2026-04-12T10:15:58.142+07:00 DEBUG 8612 --- [ulos] [nio-8080-exec-1] m.m.a.RequestResponseBodyMethodProcessor : Writing [PrecheckPageResponse[items=[], totalElements=0, totalPages=0, page=0, size=100]]
2026-04-12T10:15:58.143+07:00 DEBUG 8612 --- [ulos] [nio-8080-exec-1] o.s.web.servlet.DispatcherServlet        : Completed 200 OK
2026-04-12T10:15:58.161+07:00 DEBUG 8612 --- [ulos] [nio-8080-exec-4] org.hibernate.SQL                        : select pse1_0.id,pse1_0.check_ref,pse1_0.check_type,pse1_0.completed_at,pse1_0.created_at,pse1_0.customer_id,pse1_0.linked_application_id,pse1_0.notes,pse1_0.requested_at,pse1_0.result_json,pse1_0.result_summary,pse1_0.status,pse1_0.updated_at from los_precheck_session pse1_0 join los_customer c1_0 on c1_0.id=pse1_0.customer_id where (? is null or ?='' or upper(pse1_0.check_type)=upper(?)) and (? is null or ?='' or lower(c1_0.cif_number)=lower(?)) and (? is null or ?='' or lower(pse1_0.check_ref) like lower(concat('%',?,'%')) escape '' or lower(c1_0.cif_number) like lower(concat('%',?,'%')) escape '' or lower(c1_0.company_name) like lower(concat('%',?,'%')) escape '' or lower(coalesce(pse1_0.status,'')) like lower(concat('%',?,'%')) escape '' or lower(coalesce(pse1_0.result_summary,'')) like lower(concat('%',?,'%')) escape '') order by pse1_0.updated_at desc limit ?
2026-04-12T10:15:58.164+07:00 DEBUG 8612 --- [ulos] [nio-8080-exec-6] org.hibernate.SQL                        : select ate1_0.id,ate1_0.created_at,ate1_0.expires_at,ate1_0.issued_at,ate1_0.last_accessed_at,ate1_0.revoked_flag,ate1_0.token_value,ate1_0.updated_at,ate1_0.user_id from los_auth_token ate1_0 where ate1_0.token_value=? and not(ate1_0.revoked_flag)
2026-04-12T10:15:58.166+07:00 DEBUG 8612 --- [ulos] [nio-8080-exec-6] org.hibernate.SQL                        : select ue1_0.id,ue1_0.active_flag,ue1_0.created_at,ue1_0.email,ue1_0.full_name,ue1_0.last_login_at,ue1_0.password_hash,r1_0.user_id,r1_1.id,r1_1.active_flag,r1_1.created_at,r1_1.description,r1_1.role_code,r1_1.role_name,r1_1.updated_at,ue1_0.updated_at,ue1_0.username from los_user ue1_0 left join los_user_role r1_0 on ue1_0.id=r1_0.user_id left join los_role r1_1 on r1_1.id=r1_0.role_id where ue1_0.id=?
2026-04-12T10:15:58.167+07:00 DEBUG 8612 --- [ulos] [nio-8080-exec-4] m.m.a.RequestResponseBodyMethodProcessor : Using 'application/json', given [*/*] and supported [application/json, application/*+json]
2026-04-12T10:15:58.167+07:00 DEBUG 8612 --- [ulos] [nio-8080-exec-6] org.hibernate.SQL                        : update los_auth_token set created_at=?,expires_at=?,issued_at=?,last_accessed_at=?,revoked_flag=?,token_value=?,updated_at=?,user_id=? where id=?
2026-04-12T10:15:58.168+07:00 DEBUG 8612 --- [ulos] [nio-8080-exec-4] m.m.a.RequestResponseBodyMethodProcessor : Writing [PrecheckPageResponse[items=[], totalElements=0, totalPages=0, page=0, size=100]]
2026-04-12T10:15:58.168+07:00 DEBUG 8612 --- [ulos] [nio-8080-exec-4] o.s.web.servlet.DispatcherServlet        : Completed 200 OK
2026-04-12T10:15:58.183+07:00 DEBUG 8612 --- [ulos] [nio-8080-exec-3] org.hibernate.SQL                        : select ate1_0.id,ate1_0.created_at,ate1_0.expires_at,ate1_0.issued_at,ate1_0.last_accessed_at,ate1_0.revoked_flag,ate1_0.token_value,ate1_0.updated_at,ate1_0.user_id from los_auth_token ate1_0 where ate1_0.token_value=? and not(ate1_0.revoked_flag)
2026-04-12T10:15:58.185+07:00 DEBUG 8612 --- [ulos] [nio-8080-exec-3] org.hibernate.SQL                        : select ue1_0.id,ue1_0.active_flag,ue1_0.created_at,ue1_0.email,ue1_0.full_name,ue1_0.last_login_at,ue1_0.password_hash,r1_0.user_id,r1_1.id,r1_1.active_flag,r1_1.created_at,r1_1.description,r1_1.role_code,r1_1.role_name,r1_1.updated_at,ue1_0.updated_at,ue1_0.username from los_user ue1_0 left join los_user_role r1_0 on ue1_0.id=r1_0.user_id left join los_role r1_1 on r1_1.id=r1_0.role_id where ue1_0.id=?
2026-04-12T10:15:58.187+07:00 DEBUG 8612 --- [ulos] [nio-8080-exec-3] org.hibernate.SQL                        : update los_auth_token set created_at=?,expires_at=?,issued_at=?,last_accessed_at=?,revoked_flag=?,token_value=?,updated_at=?,user_id=? where id=?
2026-04-12T10:15:58.210+07:00 DEBUG 8612 --- [ulos] [nio-8080-exec-6] o.s.web.servlet.DispatcherServlet        : GET "/api/prechecks?type=COLLATERAL&customerCif=DEB-9920-X1&page=0&size=100", parameters={masked}
2026-04-12T10:15:58.210+07:00 DEBUG 8612 --- [ulos] [nio-8080-exec-6] s.w.s.m.m.a.RequestMappingHandlerMapping : Mapped to com.enterprise.ulos.los.controller.PrecheckController#list(String, String, String, int, int)
2026-04-12T10:15:58.211+07:00 DEBUG 8612 --- [ulos] [nio-8080-exec-6] org.hibernate.SQL                        : select ate1_0.id,ate1_0.created_at,ate1_0.expires_at,ate1_0.issued_at,ate1_0.last_accessed_at,ate1_0.revoked_flag,ate1_0.token_value,ate1_0.updated_at,ate1_0.user_id from los_auth_token ate1_0 where ate1_0.token_value=? and not(ate1_0.revoked_flag)
2026-04-12T10:15:58.213+07:00 DEBUG 8612 --- [ulos] [nio-8080-exec-6] org.hibernate.SQL                        : select ue1_0.id,ue1_0.active_flag,ue1_0.created_at,ue1_0.email,ue1_0.full_name,ue1_0.last_login_at,ue1_0.password_hash,r1_0.user_id,r1_1.id,r1_1.active_flag,r1_1.created_at,r1_1.description,r1_1.role_code,r1_1.role_name,r1_1.updated_at,ue1_0.updated_at,ue1_0.username from los_user ue1_0 left join los_user_role r1_0 on ue1_0.id=r1_0.user_id left join los_role r1_1 on r1_1.id=r1_0.role_id where ue1_0.id=?
2026-04-12T10:15:58.215+07:00 DEBUG 8612 --- [ulos] [nio-8080-exec-6] org.hibernate.SQL                        : update los_auth_token set created_at=?,expires_at=?,issued_at=?,last_accessed_at=?,revoked_flag=?,token_value=?,updated_at=?,user_id=? where id=?
2026-04-12T10:15:58.291+07:00 DEBUG 8612 --- [ulos] [nio-8080-exec-3] o.s.web.servlet.DispatcherServlet        : GET "/api/prechecks?type=SLIK&customerCif=DEB-9920-X1&page=0&size=100", parameters={masked}
2026-04-12T10:15:58.291+07:00 DEBUG 8612 --- [ulos] [nio-8080-exec-3] s.w.s.m.m.a.RequestMappingHandlerMapping : Mapped to com.enterprise.ulos.los.controller.PrecheckController#list(String, String, String, int, int)
2026-04-12T10:15:58.293+07:00 DEBUG 8612 --- [ulos] [nio-8080-exec-3] org.hibernate.SQL                        : select ate1_0.id,ate1_0.created_at,ate1_0.expires_at,ate1_0.issued_at,ate1_0.last_accessed_at,ate1_0.revoked_flag,ate1_0.token_value,ate1_0.updated_at,ate1_0.user_id from los_auth_token ate1_0 where ate1_0.token_value=? and not(ate1_0.revoked_flag)
2026-04-12T10:15:58.294+07:00 DEBUG 8612 --- [ulos] [nio-8080-exec-3] org.hibernate.SQL                        : select ue1_0.id,ue1_0.active_flag,ue1_0.created_at,ue1_0.email,ue1_0.full_name,ue1_0.last_login_at,ue1_0.password_hash,r1_0.user_id,r1_1.id,r1_1.active_flag,r1_1.created_at,r1_1.description,r1_1.role_code,r1_1.role_name,r1_1.updated_at,ue1_0.updated_at,ue1_0.username from los_user ue1_0 left join los_user_role r1_0 on ue1_0.id=r1_0.user_id left join los_role r1_1 on r1_1.id=r1_0.role_id where ue1_0.id=?
2026-04-12T10:15:58.297+07:00 DEBUG 8612 --- [ulos] [nio-8080-exec-3] org.hibernate.SQL                        : update los_auth_token set created_at=?,expires_at=?,issued_at=?,last_accessed_at=?,revoked_flag=?,token_value=?,updated_at=?,user_id=? where id=?
2026-04-12T10:15:58.308+07:00 DEBUG 8612 --- [ulos] [nio-8080-exec-6] org.hibernate.SQL                        : select pse1_0.id,pse1_0.check_ref,pse1_0.check_type,pse1_0.completed_at,pse1_0.created_at,pse1_0.customer_id,pse1_0.linked_application_id,pse1_0.notes,pse1_0.requested_at,pse1_0.result_json,pse1_0.result_summary,pse1_0.status,pse1_0.updated_at from los_precheck_session pse1_0 join los_customer c1_0 on c1_0.id=pse1_0.customer_id where (? is null or ?='' or upper(pse1_0.check_type)=upper(?)) and (? is null or ?='' or lower(c1_0.cif_number)=lower(?)) and (? is null or ?='' or lower(pse1_0.check_ref) like lower(concat('%',?,'%')) escape '' or lower(c1_0.cif_number) like lower(concat('%',?,'%')) escape '' or lower(c1_0.company_name) like lower(concat('%',?,'%')) escape '' or lower(coalesce(pse1_0.status,'')) like lower(concat('%',?,'%')) escape '' or lower(coalesce(pse1_0.result_summary,'')) like lower(concat('%',?,'%')) escape '') order by pse1_0.updated_at desc limit ?
2026-04-12T10:15:58.312+07:00 DEBUG 8612 --- [ulos] [nio-8080-exec-6] m.m.a.RequestResponseBodyMethodProcessor : Using 'application/json', given [*/*] and supported [application/json, application/*+json]
2026-04-12T10:15:58.312+07:00 DEBUG 8612 --- [ulos] [nio-8080-exec-6] m.m.a.RequestResponseBodyMethodProcessor : Writing [PrecheckPageResponse[items=[], totalElements=0, totalPages=0, page=0, size=100]]
2026-04-12T10:15:58.314+07:00 DEBUG 8612 --- [ulos] [nio-8080-exec-6] o.s.web.servlet.DispatcherServlet        : Completed 200 OK
2026-04-12T10:15:58.386+07:00 DEBUG 8612 --- [ulos] [nio-8080-exec-3] org.hibernate.SQL                        : select pse1_0.id,pse1_0.check_ref,pse1_0.check_type,pse1_0.completed_at,pse1_0.created_at,pse1_0.customer_id,pse1_0.linked_application_id,pse1_0.notes,pse1_0.requested_at,pse1_0.result_json,pse1_0.result_summary,pse1_0.status,pse1_0.updated_at from los_precheck_session pse1_0 join los_customer c1_0 on c1_0.id=pse1_0.customer_id where (? is null or ?='' or upper(pse1_0.check_type)=upper(?)) and (? is null or ?='' or lower(c1_0.cif_number)=lower(?)) and (? is null or ?='' or lower(pse1_0.check_ref) like lower(concat('%',?,'%')) escape '' or lower(c1_0.cif_number) like lower(concat('%',?,'%')) escape '' or lower(c1_0.company_name) like lower(concat('%',?,'%')) escape '' or lower(coalesce(pse1_0.status,'')) like lower(concat('%',?,'%')) escape '' or lower(coalesce(pse1_0.result_summary,'')) like lower(concat('%',?,'%')) escape '') order by pse1_0.updated_at desc limit ?
2026-04-12T10:15:58.387+07:00 DEBUG 8612 --- [ulos] [nio-8080-exec-3] m.m.a.RequestResponseBodyMethodProcessor : Using 'application/json', given [*/*] and supported [application/json, application/*+json]
2026-04-12T10:15:58.387+07:00 DEBUG 8612 --- [ulos] [nio-8080-exec-3] m.m.a.RequestResponseBodyMethodProcessor : Writing [PrecheckPageResponse[items=[], totalElements=0, totalPages=0, page=0, size=100]]
2026-04-12T10:15:58.387+07:00 DEBUG 8612 --- [ulos] [nio-8080-exec-3] o.s.web.servlet.DispatcherServlet        : Completed 200 OK
2026-04-12T10:15:58.927+07:00 DEBUG 8612 --- [ulos] [nio-8080-exec-8] org.hibernate.SQL                        : select ate1_0.id,ate1_0.created_at,ate1_0.expires_at,ate1_0.issued_at,ate1_0.last_accessed_at,ate1_0.revoked_flag,ate1_0.token_value,ate1_0.updated_at,ate1_0.user_id from los_auth_token ate1_0 where ate1_0.token_value=? and not(ate1_0.revoked_flag)
2026-04-12T10:15:58.928+07:00 DEBUG 8612 --- [ulos] [nio-8080-exec-8] org.hibernate.SQL                        : select ue1_0.id,ue1_0.active_flag,ue1_0.created_at,ue1_0.email,ue1_0.full_name,ue1_0.last_login_at,ue1_0.password_hash,r1_0.user_id,r1_1.id,r1_1.active_flag,r1_1.created_at,r1_1.description,r1_1.role_code,r1_1.role_name,r1_1.updated_at,ue1_0.updated_at,ue1_0.username from los_user ue1_0 left join los_user_role r1_0 on ue1_0.id=r1_0.user_id left join los_role r1_1 on r1_1.id=r1_0.role_id where ue1_0.id=?
2026-04-12T10:15:58.931+07:00 DEBUG 8612 --- [ulos] [nio-8080-exec-8] org.hibernate.SQL                        : update los_auth_token set created_at=?,expires_at=?,issued_at=?,last_accessed_at=?,revoked_flag=?,token_value=?,updated_at=?,user_id=? where id=?
2026-04-12T10:15:58.943+07:00 DEBUG 8612 --- [ulos] [nio-8080-exec-8] o.s.web.servlet.DispatcherServlet        : GET "/api/customers/page?page=0&size=20", parameters={masked}
2026-04-12T10:15:58.943+07:00 DEBUG 8612 --- [ulos] [nio-8080-exec-8] s.w.s.m.m.a.RequestMappingHandlerMapping : Mapped to com.enterprise.ulos.los.controller.CustomerPortfolioController#listPage(String, int, int)
2026-04-12T10:15:58.944+07:00 DEBUG 8612 --- [ulos] [nio-8080-exec-8] org.hibernate.SQL                        : select ate1_0.id,ate1_0.created_at,ate1_0.expires_at,ate1_0.issued_at,ate1_0.last_accessed_at,ate1_0.revoked_flag,ate1_0.token_value,ate1_0.updated_at,ate1_0.user_id from los_auth_token ate1_0 where ate1_0.token_value=? and not(ate1_0.revoked_flag)
2026-04-12T10:15:58.946+07:00 DEBUG 8612 --- [ulos] [nio-8080-exec-8] org.hibernate.SQL                        : select ue1_0.id,ue1_0.active_flag,ue1_0.created_at,ue1_0.email,ue1_0.full_name,ue1_0.last_login_at,ue1_0.password_hash,r1_0.user_id,r1_1.id,r1_1.active_flag,r1_1.created_at,r1_1.description,r1_1.role_code,r1_1.role_name,r1_1.updated_at,ue1_0.updated_at,ue1_0.username from los_user ue1_0 left join los_user_role r1_0 on ue1_0.id=r1_0.user_id left join los_role r1_1 on r1_1.id=r1_0.role_id where ue1_0.id=?
2026-04-12T10:15:58.947+07:00 DEBUG 8612 --- [ulos] [nio-8080-exec-8] org.hibernate.SQL                        : update los_auth_token set created_at=?,expires_at=?,issued_at=?,last_accessed_at=?,revoked_flag=?,token_value=?,updated_at=?,user_id=? where id=?
2026-04-12T10:15:58.960+07:00 DEBUG 8612 --- [ulos] [nio-8080-exec-8] org.hibernate.SQL                        : select ce1_0.id,ce1_0.cif_number,ce1_0.company_name,ce1_0.company_type,ce1_0.created_at,ce1_0.legal_name,ce1_0.location,ce1_0.profile_json,ce1_0.registration_date,ce1_0.sector,ce1_0.status,ce1_0.tax_id,ce1_0.updated_at from los_customer ce1_0 where (? is null or ?='' or lower(ce1_0.cif_number) like lower(concat('%',?,'%')) escape '' or lower(ce1_0.company_name) like lower(concat('%',?,'%')) escape '' or lower(coalesce(ce1_0.sector,'')) like lower(concat('%',?,'%')) escape '' or lower(coalesce(ce1_0.location,'')) like lower(concat('%',?,'%')) escape '' or lower(coalesce(ce1_0.status,'')) like lower(concat('%',?,'%')) escape '') order by ce1_0.updated_at desc limit ?
2026-04-12T10:15:58.963+07:00 DEBUG 8612 --- [ulos] [nio-8080-exec-8] m.m.a.RequestResponseBodyMethodProcessor : Using 'application/json', given [*/*] and supported [application/json, application/*+json]
2026-04-12T10:15:58.964+07:00 DEBUG 8612 --- [ulos] [nio-8080-exec-8] m.m.a.RequestResponseBodyMethodProcessor : Writing [CustomerSummaryPageResponse[items=[CustomerSummaryResponse[cifNumber=DEB-9920-X1, companyName=Global (truncated)...]
2026-04-12T10:15:58.964+07:00 DEBUG 8612 --- [ulos] [nio-8080-exec-8] o.s.web.servlet.DispatcherServlet        : Completed 200 OK
2026-04-12T10:15:58.974+07:00 DEBUG 8612 --- [ulos] [nio-8080-exec-5] org.hibernate.SQL                        : select ate1_0.id,ate1_0.created_at,ate1_0.expires_at,ate1_0.issued_at,ate1_0.last_accessed_at,ate1_0.revoked_flag,ate1_0.token_value,ate1_0.updated_at,ate1_0.user_id from los_auth_token ate1_0 where ate1_0.token_value=? and not(ate1_0.revoked_flag)
2026-04-12T10:15:58.975+07:00 DEBUG 8612 --- [ulos] [nio-8080-exec-5] org.hibernate.SQL                        : select ue1_0.id,ue1_0.active_flag,ue1_0.created_at,ue1_0.email,ue1_0.full_name,ue1_0.last_login_at,ue1_0.password_hash,r1_0.user_id,r1_1.id,r1_1.active_flag,r1_1.created_at,r1_1.description,r1_1.role_code,r1_1.role_name,r1_1.updated_at,ue1_0.updated_at,ue1_0.username from los_user ue1_0 left join los_user_role r1_0 on ue1_0.id=r1_0.user_id left join los_role r1_1 on r1_1.id=r1_0.role_id where ue1_0.id=?
2026-04-12T10:15:58.978+07:00 DEBUG 8612 --- [ulos] [nio-8080-exec-5] org.hibernate.SQL                        : update los_auth_token set created_at=?,expires_at=?,issued_at=?,last_accessed_at=?,revoked_flag=?,token_value=?,updated_at=?,user_id=? where id=?
2026-04-12T10:15:58.987+07:00 DEBUG 8612 --- [ulos] [nio-8080-exec-5] o.s.web.servlet.DispatcherServlet        : GET "/api/customers/page?page=0&size=20", parameters={masked}
2026-04-12T10:15:58.987+07:00 DEBUG 8612 --- [ulos] [nio-8080-exec-5] s.w.s.m.m.a.RequestMappingHandlerMapping : Mapped to com.enterprise.ulos.los.controller.CustomerPortfolioController#listPage(String, int, int)
2026-04-12T10:15:58.990+07:00 DEBUG 8612 --- [ulos] [nio-8080-exec-5] org.hibernate.SQL                        : select ate1_0.id,ate1_0.created_at,ate1_0.expires_at,ate1_0.issued_at,ate1_0.last_accessed_at,ate1_0.revoked_flag,ate1_0.token_value,ate1_0.updated_at,ate1_0.user_id from los_auth_token ate1_0 where ate1_0.token_value=? and not(ate1_0.revoked_flag)
2026-04-12T10:15:58.991+07:00 DEBUG 8612 --- [ulos] [nio-8080-exec-5] org.hibernate.SQL                        : select ue1_0.id,ue1_0.active_flag,ue1_0.created_at,ue1_0.email,ue1_0.full_name,ue1_0.last_login_at,ue1_0.password_hash,r1_0.user_id,r1_1.id,r1_1.active_flag,r1_1.created_at,r1_1.description,r1_1.role_code,r1_1.role_name,r1_1.updated_at,ue1_0.updated_at,ue1_0.username from los_user ue1_0 left join los_user_role r1_0 on ue1_0.id=r1_0.user_id left join los_role r1_1 on r1_1.id=r1_0.role_id where ue1_0.id=?
2026-04-12T10:15:58.993+07:00 DEBUG 8612 --- [ulos] [nio-8080-exec-5] org.hibernate.SQL                        : update los_auth_token set created_at=?,expires_at=?,issued_at=?,last_accessed_at=?,revoked_flag=?,token_value=?,updated_at=?,user_id=? where id=?
2026-04-12T10:15:59.010+07:00 DEBUG 8612 --- [ulos] [nio-8080-exec-5] org.hibernate.SQL                        : select ce1_0.id,ce1_0.cif_number,ce1_0.company_name,ce1_0.company_type,ce1_0.created_at,ce1_0.legal_name,ce1_0.location,ce1_0.profile_json,ce1_0.registration_date,ce1_0.sector,ce1_0.status,ce1_0.tax_id,ce1_0.updated_at from los_customer ce1_0 where (? is null or ?='' or lower(ce1_0.cif_number) like lower(concat('%',?,'%')) escape '' or lower(ce1_0.company_name) like lower(concat('%',?,'%')) escape '' or lower(coalesce(ce1_0.sector,'')) like lower(concat('%',?,'%')) escape '' or lower(coalesce(ce1_0.location,'')) like lower(concat('%',?,'%')) escape '' or lower(coalesce(ce1_0.status,'')) like lower(concat('%',?,'%')) escape '') order by ce1_0.updated_at desc limit ?
2026-04-12T10:15:59.013+07:00 DEBUG 8612 --- [ulos] [nio-8080-exec-5] m.m.a.RequestResponseBodyMethodProcessor : Using 'application/json', given [*/*] and supported [application/json, application/*+json]
2026-04-12T10:15:59.013+07:00 DEBUG 8612 --- [ulos] [nio-8080-exec-5] m.m.a.RequestResponseBodyMethodProcessor : Writing [CustomerSummaryPageResponse[items=[CustomerSummaryResponse[cifNumber=DEB-9920-X1, companyName=Global (truncated)...]
2026-04-12T10:15:59.015+07:00 DEBUG 8612 --- [ulos] [nio-8080-exec-5] o.s.web.servlet.DispatcherServlet        : Completed 200 OK
2026-04-12T10:16:00.382+07:00 DEBUG 8612 --- [ulos] [nio-8080-exec-7] org.hibernate.SQL                        : select ate1_0.id,ate1_0.created_at,ate1_0.expires_at,ate1_0.issued_at,ate1_0.last_accessed_at,ate1_0.revoked_flag,ate1_0.token_value,ate1_0.updated_at,ate1_0.user_id from los_auth_token ate1_0 where ate1_0.token_value=? and not(ate1_0.revoked_flag)
2026-04-12T10:16:00.383+07:00 DEBUG 8612 --- [ulos] [nio-8080-exec-9] org.hibernate.SQL                        : select ate1_0.id,ate1_0.created_at,ate1_0.expires_at,ate1_0.issued_at,ate1_0.last_accessed_at,ate1_0.revoked_flag,ate1_0.token_value,ate1_0.updated_at,ate1_0.user_id from los_auth_token ate1_0 where ate1_0.token_value=? and not(ate1_0.revoked_flag)
2026-04-12T10:16:00.385+07:00 DEBUG 8612 --- [ulos] [nio-8080-exec-7] org.hibernate.SQL                        : select ue1_0.id,ue1_0.active_flag,ue1_0.created_at,ue1_0.email,ue1_0.full_name,ue1_0.last_login_at,ue1_0.password_hash,r1_0.user_id,r1_1.id,r1_1.active_flag,r1_1.created_at,r1_1.description,r1_1.role_code,r1_1.role_name,r1_1.updated_at,ue1_0.updated_at,ue1_0.username from los_user ue1_0 left join los_user_role r1_0 on ue1_0.id=r1_0.user_id left join los_role r1_1 on r1_1.id=r1_0.role_id where ue1_0.id=?
2026-04-12T10:16:00.385+07:00 DEBUG 8612 --- [ulos] [nio-8080-exec-9] org.hibernate.SQL                        : select ue1_0.id,ue1_0.active_flag,ue1_0.created_at,ue1_0.email,ue1_0.full_name,ue1_0.last_login_at,ue1_0.password_hash,r1_0.user_id,r1_1.id,r1_1.active_flag,r1_1.created_at,r1_1.description,r1_1.role_code,r1_1.role_name,r1_1.updated_at,ue1_0.updated_at,ue1_0.username from los_user ue1_0 left join los_user_role r1_0 on ue1_0.id=r1_0.user_id left join los_role r1_1 on r1_1.id=r1_0.role_id where ue1_0.id=?
2026-04-12T10:16:00.387+07:00 DEBUG 8612 --- [ulos] [nio-8080-exec-9] org.hibernate.SQL                        : update los_auth_token set created_at=?,expires_at=?,issued_at=?,last_accessed_at=?,revoked_flag=?,token_value=?,updated_at=?,user_id=? where id=?
2026-04-12T10:16:00.387+07:00 DEBUG 8612 --- [ulos] [nio-8080-exec-7] org.hibernate.SQL                        : update los_auth_token set created_at=?,expires_at=?,issued_at=?,last_accessed_at=?,revoked_flag=?,token_value=?,updated_at=?,user_id=? where id=?
2026-04-12T10:16:00.397+07:00 DEBUG 8612 --- [ulos] [io-8080-exec-10] org.hibernate.SQL                        : select ate1_0.id,ate1_0.created_at,ate1_0.expires_at,ate1_0.issued_at,ate1_0.last_accessed_at,ate1_0.revoked_flag,ate1_0.token_value,ate1_0.updated_at,ate1_0.user_id from los_auth_token ate1_0 where ate1_0.token_value=? and not(ate1_0.revoked_flag)
2026-04-12T10:16:00.399+07:00 DEBUG 8612 --- [ulos] [io-8080-exec-10] org.hibernate.SQL                        : select ue1_0.id,ue1_0.active_flag,ue1_0.created_at,ue1_0.email,ue1_0.full_name,ue1_0.last_login_at,ue1_0.password_hash,r1_0.user_id,r1_1.id,r1_1.active_flag,r1_1.created_at,r1_1.description,r1_1.role_code,r1_1.role_name,r1_1.updated_at,ue1_0.updated_at,ue1_0.username from los_user ue1_0 left join los_user_role r1_0 on ue1_0.id=r1_0.user_id left join los_role r1_1 on r1_1.id=r1_0.role_id where ue1_0.id=?
2026-04-12T10:16:00.401+07:00 DEBUG 8612 --- [ulos] [io-8080-exec-10] org.hibernate.SQL                        : update los_auth_token set created_at=?,expires_at=?,issued_at=?,last_accessed_at=?,revoked_flag=?,token_value=?,updated_at=?,user_id=? where id=?
2026-04-12T10:16:00.413+07:00 DEBUG 8612 --- [ulos] [nio-8080-exec-9] o.s.web.servlet.DispatcherServlet        : GET "/api/prechecks?type=SLIK&customerCif=DEB-9920-X1&page=0&size=5", parameters={masked}
2026-04-12T10:16:00.414+07:00 DEBUG 8612 --- [ulos] [nio-8080-exec-9] s.w.s.m.m.a.RequestMappingHandlerMapping : Mapped to com.enterprise.ulos.los.controller.PrecheckController#list(String, String, String, int, int)
2026-04-12T10:16:00.416+07:00 DEBUG 8612 --- [ulos] [nio-8080-exec-9] org.hibernate.SQL                        : select ate1_0.id,ate1_0.created_at,ate1_0.expires_at,ate1_0.issued_at,ate1_0.last_accessed_at,ate1_0.revoked_flag,ate1_0.token_value,ate1_0.updated_at,ate1_0.user_id from los_auth_token ate1_0 where ate1_0.token_value=? and not(ate1_0.revoked_flag)
2026-04-12T10:16:00.416+07:00 DEBUG 8612 --- [ulos] [nio-8080-exec-7] o.s.web.servlet.DispatcherServlet        : GET "/api/customers/DEB-9920-X1", parameters={}
2026-04-12T10:16:00.416+07:00 DEBUG 8612 --- [ulos] [nio-8080-exec-7] s.w.s.m.m.a.RequestMappingHandlerMapping : Mapped to com.enterprise.ulos.los.controller.CustomerPortfolioController#get(String)
2026-04-12T10:16:00.417+07:00 DEBUG 8612 --- [ulos] [nio-8080-exec-9] org.hibernate.SQL                        : select ue1_0.id,ue1_0.active_flag,ue1_0.created_at,ue1_0.email,ue1_0.full_name,ue1_0.last_login_at,ue1_0.password_hash,r1_0.user_id,r1_1.id,r1_1.active_flag,r1_1.created_at,r1_1.description,r1_1.role_code,r1_1.role_name,r1_1.updated_at,ue1_0.updated_at,ue1_0.username from los_user ue1_0 left join los_user_role r1_0 on ue1_0.id=r1_0.user_id left join los_role r1_1 on r1_1.id=r1_0.role_id where ue1_0.id=?
2026-04-12T10:16:00.418+07:00 DEBUG 8612 --- [ulos] [nio-8080-exec-7] org.hibernate.SQL                        : select ate1_0.id,ate1_0.created_at,ate1_0.expires_at,ate1_0.issued_at,ate1_0.last_accessed_at,ate1_0.revoked_flag,ate1_0.token_value,ate1_0.updated_at,ate1_0.user_id from los_auth_token ate1_0 where ate1_0.token_value=? and not(ate1_0.revoked_flag)
2026-04-12T10:16:00.420+07:00 DEBUG 8612 --- [ulos] [nio-8080-exec-7] org.hibernate.SQL                        : select ue1_0.id,ue1_0.active_flag,ue1_0.created_at,ue1_0.email,ue1_0.full_name,ue1_0.last_login_at,ue1_0.password_hash,r1_0.user_id,r1_1.id,r1_1.active_flag,r1_1.created_at,r1_1.description,r1_1.role_code,r1_1.role_name,r1_1.updated_at,ue1_0.updated_at,ue1_0.username from los_user ue1_0 left join los_user_role r1_0 on ue1_0.id=r1_0.user_id left join los_role r1_1 on r1_1.id=r1_0.role_id where ue1_0.id=?
2026-04-12T10:16:00.420+07:00 DEBUG 8612 --- [ulos] [nio-8080-exec-9] org.hibernate.SQL                        : update los_auth_token set created_at=?,expires_at=?,issued_at=?,last_accessed_at=?,revoked_flag=?,token_value=?,updated_at=?,user_id=? where id=?
2026-04-12T10:16:00.422+07:00 DEBUG 8612 --- [ulos] [nio-8080-exec-7] org.hibernate.SQL                        : update los_auth_token set created_at=?,expires_at=?,issued_at=?,last_accessed_at=?,revoked_flag=?,token_value=?,updated_at=?,user_id=? where id=?
2026-04-12T10:16:00.437+07:00 DEBUG 8612 --- [ulos] [io-8080-exec-10] o.s.web.servlet.DispatcherServlet        : GET "/api/prechecks?type=COLLATERAL&customerCif=DEB-9920-X1&page=0&size=5", parameters={masked}
2026-04-12T10:16:00.437+07:00 DEBUG 8612 --- [ulos] [io-8080-exec-10] s.w.s.m.m.a.RequestMappingHandlerMapping : Mapped to com.enterprise.ulos.los.controller.PrecheckController#list(String, String, String, int, int)
2026-04-12T10:16:00.440+07:00 DEBUG 8612 --- [ulos] [io-8080-exec-10] org.hibernate.SQL                        : select ate1_0.id,ate1_0.created_at,ate1_0.expires_at,ate1_0.issued_at,ate1_0.last_accessed_at,ate1_0.revoked_flag,ate1_0.token_value,ate1_0.updated_at,ate1_0.user_id from los_auth_token ate1_0 where ate1_0.token_value=? and not(ate1_0.revoked_flag)
2026-04-12T10:16:00.441+07:00 DEBUG 8612 --- [ulos] [io-8080-exec-10] org.hibernate.SQL                        : select ue1_0.id,ue1_0.active_flag,ue1_0.created_at,ue1_0.email,ue1_0.full_name,ue1_0.last_login_at,ue1_0.password_hash,r1_0.user_id,r1_1.id,r1_1.active_flag,r1_1.created_at,r1_1.description,r1_1.role_code,r1_1.role_name,r1_1.updated_at,ue1_0.updated_at,ue1_0.username from los_user ue1_0 left join los_user_role r1_0 on ue1_0.id=r1_0.user_id left join los_role r1_1 on r1_1.id=r1_0.role_id where ue1_0.id=?
2026-04-12T10:16:00.443+07:00 DEBUG 8612 --- [ulos] [io-8080-exec-10] org.hibernate.SQL                        : update los_auth_token set created_at=?,expires_at=?,issued_at=?,last_accessed_at=?,revoked_flag=?,token_value=?,updated_at=?,user_id=? where id=?
2026-04-12T10:16:00.459+07:00 DEBUG 8612 --- [ulos] [nio-8080-exec-9] org.hibernate.SQL                        : select pse1_0.id,pse1_0.check_ref,pse1_0.check_type,pse1_0.completed_at,pse1_0.created_at,pse1_0.customer_id,pse1_0.linked_application_id,pse1_0.notes,pse1_0.requested_at,pse1_0.result_json,pse1_0.result_summary,pse1_0.status,pse1_0.updated_at from los_precheck_session pse1_0 join los_customer c1_0 on c1_0.id=pse1_0.customer_id where (? is null or ?='' or upper(pse1_0.check_type)=upper(?)) and (? is null or ?='' or lower(c1_0.cif_number)=lower(?)) and (? is null or ?='' or lower(pse1_0.check_ref) like lower(concat('%',?,'%')) escape '' or lower(c1_0.cif_number) like lower(concat('%',?,'%')) escape '' or lower(c1_0.company_name) like lower(concat('%',?,'%')) escape '' or lower(coalesce(pse1_0.status,'')) like lower(concat('%',?,'%')) escape '' or lower(coalesce(pse1_0.result_summary,'')) like lower(concat('%',?,'%')) escape '') order by pse1_0.updated_at desc limit ?
2026-04-12T10:16:00.459+07:00 DEBUG 8612 --- [ulos] [nio-8080-exec-9] m.m.a.RequestResponseBodyMethodProcessor : Using 'application/json', given [*/*] and supported [application/json, application/*+json]
2026-04-12T10:16:00.469+07:00 DEBUG 8612 --- [ulos] [nio-8080-exec-9] m.m.a.RequestResponseBodyMethodProcessor : Writing [PrecheckPageResponse[items=[], totalElements=0, totalPages=0, page=0, size=5]]
2026-04-12T10:16:00.469+07:00 DEBUG 8612 --- [ulos] [nio-8080-exec-9] o.s.web.servlet.DispatcherServlet        : Completed 200 OK
2026-04-12T10:16:00.486+07:00 DEBUG 8612 --- [ulos] [nio-8080-exec-2] org.hibernate.SQL                        : select ate1_0.id,ate1_0.created_at,ate1_0.expires_at,ate1_0.issued_at,ate1_0.last_accessed_at,ate1_0.revoked_flag,ate1_0.token_value,ate1_0.updated_at,ate1_0.user_id from los_auth_token ate1_0 where ate1_0.token_value=? and not(ate1_0.revoked_flag)
2026-04-12T10:16:00.486+07:00 DEBUG 8612 --- [ulos] [nio-8080-exec-2] org.hibernate.SQL                        : select ue1_0.id,ue1_0.active_flag,ue1_0.created_at,ue1_0.email,ue1_0.full_name,ue1_0.last_login_at,ue1_0.password_hash,r1_0.user_id,r1_1.id,r1_1.active_flag,r1_1.created_at,r1_1.description,r1_1.role_code,r1_1.role_name,r1_1.updated_at,ue1_0.updated_at,ue1_0.username from los_user ue1_0 left join los_user_role r1_0 on ue1_0.id=r1_0.user_id left join los_role r1_1 on r1_1.id=r1_0.role_id where ue1_0.id=?
2026-04-12T10:16:00.486+07:00 DEBUG 8612 --- [ulos] [nio-8080-exec-2] org.hibernate.SQL                        : update los_auth_token set created_at=?,expires_at=?,issued_at=?,last_accessed_at=?,revoked_flag=?,token_value=?,updated_at=?,user_id=? where id=?
2026-04-12T10:16:00.486+07:00 DEBUG 8612 --- [ulos] [nio-8080-exec-7] org.hibernate.SQL                        : select ce1_0.id,ce1_0.cif_number,ce1_0.company_name,ce1_0.company_type,ce1_0.created_at,ce1_0.legal_name,ce1_0.location,ce1_0.profile_json,ce1_0.registration_date,ce1_0.sector,ce1_0.status,ce1_0.tax_id,ce1_0.updated_at from los_customer ce1_0 where ce1_0.cif_number=?
2026-04-12T10:16:00.501+07:00 DEBUG 8612 --- [ulos] [nio-8080-exec-7] m.m.a.RequestResponseBodyMethodProcessor : Using 'application/json', given [*/*] and supported [application/json, application/*+json]
2026-04-12T10:16:00.502+07:00 DEBUG 8612 --- [ulos] [nio-8080-exec-7] m.m.a.RequestResponseBodyMethodProcessor : Writing [CustomerDetailResponse[id=1, cifNumber=DEB-9920-X1, companyName=Global Logistics Systems Corp., lega (truncated)...]
2026-04-12T10:16:00.502+07:00 DEBUG 8612 --- [ulos] [nio-8080-exec-7] o.s.web.servlet.DispatcherServlet        : Completed 200 OK
2026-04-12T10:16:00.502+07:00 DEBUG 8612 --- [ulos] [nio-8080-exec-1] org.hibernate.SQL                        : select ate1_0.id,ate1_0.created_at,ate1_0.expires_at,ate1_0.issued_at,ate1_0.last_accessed_at,ate1_0.revoked_flag,ate1_0.token_value,ate1_0.updated_at,ate1_0.user_id from los_auth_token ate1_0 where ate1_0.token_value=? and not(ate1_0.revoked_flag)
2026-04-12T10:16:00.502+07:00 DEBUG 8612 --- [ulos] [nio-8080-exec-1] org.hibernate.SQL                        : select ue1_0.id,ue1_0.active_flag,ue1_0.created_at,ue1_0.email,ue1_0.full_name,ue1_0.last_login_at,ue1_0.password_hash,r1_0.user_id,r1_1.id,r1_1.active_flag,r1_1.created_at,r1_1.description,r1_1.role_code,r1_1.role_name,r1_1.updated_at,ue1_0.updated_at,ue1_0.username from los_user ue1_0 left join los_user_role r1_0 on ue1_0.id=r1_0.user_id left join los_role r1_1 on r1_1.id=r1_0.role_id where ue1_0.id=?
2026-04-12T10:16:00.502+07:00 DEBUG 8612 --- [ulos] [nio-8080-exec-1] org.hibernate.SQL                        : update los_auth_token set created_at=?,expires_at=?,issued_at=?,last_accessed_at=?,revoked_flag=?,token_value=?,updated_at=?,user_id=? where id=?
2026-04-12T10:16:00.502+07:00 DEBUG 8612 --- [ulos] [io-8080-exec-10] org.hibernate.SQL                        : select pse1_0.id,pse1_0.check_ref,pse1_0.check_type,pse1_0.completed_at,pse1_0.created_at,pse1_0.customer_id,pse1_0.linked_application_id,pse1_0.notes,pse1_0.requested_at,pse1_0.result_json,pse1_0.result_summary,pse1_0.status,pse1_0.updated_at from los_precheck_session pse1_0 join los_customer c1_0 on c1_0.id=pse1_0.customer_id where (? is null or ?='' or upper(pse1_0.check_type)=upper(?)) and (? is null or ?='' or lower(c1_0.cif_number)=lower(?)) and (? is null or ?='' or lower(pse1_0.check_ref) like lower(concat('%',?,'%')) escape '' or lower(c1_0.cif_number) like lower(concat('%',?,'%')) escape '' or lower(c1_0.company_name) like lower(concat('%',?,'%')) escape '' or lower(coalesce(pse1_0.status,'')) like lower(concat('%',?,'%')) escape '' or lower(coalesce(pse1_0.result_summary,'')) like lower(concat('%',?,'%')) escape '') order by pse1_0.updated_at desc limit ?
2026-04-12T10:16:00.519+07:00 DEBUG 8612 --- [ulos] [io-8080-exec-10] m.m.a.RequestResponseBodyMethodProcessor : Using 'application/json', given [*/*] and supported [application/json, application/*+json]
2026-04-12T10:16:00.519+07:00 DEBUG 8612 --- [ulos] [io-8080-exec-10] m.m.a.RequestResponseBodyMethodProcessor : Writing [PrecheckPageResponse[items=[], totalElements=0, totalPages=0, page=0, size=5]]
2026-04-12T10:16:00.519+07:00 DEBUG 8612 --- [ulos] [io-8080-exec-10] o.s.web.servlet.DispatcherServlet        : Completed 200 OK
2026-04-12T10:16:00.519+07:00 DEBUG 8612 --- [ulos] [nio-8080-exec-2] o.s.web.servlet.DispatcherServlet        : GET "/api/prechecks?type=SLIK&customerCif=DEB-9920-X1&page=0&size=5", parameters={masked}
2026-04-12T10:16:00.519+07:00 DEBUG 8612 --- [ulos] [nio-8080-exec-2] s.w.s.m.m.a.RequestMappingHandlerMapping : Mapped to com.enterprise.ulos.los.controller.PrecheckController#list(String, String, String, int, int)
2026-04-12T10:16:00.519+07:00 DEBUG 8612 --- [ulos] [nio-8080-exec-2] org.hibernate.SQL                        : select ate1_0.id,ate1_0.created_at,ate1_0.expires_at,ate1_0.issued_at,ate1_0.last_accessed_at,ate1_0.revoked_flag,ate1_0.token_value,ate1_0.updated_at,ate1_0.user_id from los_auth_token ate1_0 where ate1_0.token_value=? and not(ate1_0.revoked_flag)
2026-04-12T10:16:00.519+07:00 DEBUG 8612 --- [ulos] [nio-8080-exec-2] org.hibernate.SQL                        : select ue1_0.id,ue1_0.active_flag,ue1_0.created_at,ue1_0.email,ue1_0.full_name,ue1_0.last_login_at,ue1_0.password_hash,r1_0.user_id,r1_1.id,r1_1.active_flag,r1_1.created_at,r1_1.description,r1_1.role_code,r1_1.role_name,r1_1.updated_at,ue1_0.updated_at,ue1_0.username from los_user ue1_0 left join los_user_role r1_0 on ue1_0.id=r1_0.user_id left join los_role r1_1 on r1_1.id=r1_0.role_id where ue1_0.id=?
2026-04-12T10:16:00.519+07:00 DEBUG 8612 --- [ulos] [nio-8080-exec-2] org.hibernate.SQL                        : update los_auth_token set created_at=?,expires_at=?,issued_at=?,last_accessed_at=?,revoked_flag=?,token_value=?,updated_at=?,user_id=? where id=?
2026-04-12T10:16:00.536+07:00 DEBUG 8612 --- [ulos] [nio-8080-exec-4] org.hibernate.SQL                        : select ate1_0.id,ate1_0.created_at,ate1_0.expires_at,ate1_0.issued_at,ate1_0.last_accessed_at,ate1_0.revoked_flag,ate1_0.token_value,ate1_0.updated_at,ate1_0.user_id from los_auth_token ate1_0 where ate1_0.token_value=? and not(ate1_0.revoked_flag)
2026-04-12T10:16:00.536+07:00 DEBUG 8612 --- [ulos] [nio-8080-exec-4] org.hibernate.SQL                        : select ue1_0.id,ue1_0.active_flag,ue1_0.created_at,ue1_0.email,ue1_0.full_name,ue1_0.last_login_at,ue1_0.password_hash,r1_0.user_id,r1_1.id,r1_1.active_flag,r1_1.created_at,r1_1.description,r1_1.role_code,r1_1.role_name,r1_1.updated_at,ue1_0.updated_at,ue1_0.username from los_user ue1_0 left join los_user_role r1_0 on ue1_0.id=r1_0.user_id left join los_role r1_1 on r1_1.id=r1_0.role_id where ue1_0.id=?
2026-04-12T10:16:00.536+07:00 DEBUG 8612 --- [ulos] [nio-8080-exec-4] org.hibernate.SQL                        : update los_auth_token set created_at=?,expires_at=?,issued_at=?,last_accessed_at=?,revoked_flag=?,token_value=?,updated_at=?,user_id=? where id=?
2026-04-12T10:16:00.536+07:00 DEBUG 8612 --- [ulos] [nio-8080-exec-1] o.s.web.servlet.DispatcherServlet        : GET "/api/customers/DEB-9920-X1", parameters={}
2026-04-12T10:16:00.536+07:00 DEBUG 8612 --- [ulos] [nio-8080-exec-1] s.w.s.m.m.a.RequestMappingHandlerMapping : Mapped to com.enterprise.ulos.los.controller.CustomerPortfolioController#get(String)
2026-04-12T10:16:00.536+07:00 DEBUG 8612 --- [ulos] [nio-8080-exec-1] org.hibernate.SQL                        : select ate1_0.id,ate1_0.created_at,ate1_0.expires_at,ate1_0.issued_at,ate1_0.last_accessed_at,ate1_0.revoked_flag,ate1_0.token_value,ate1_0.updated_at,ate1_0.user_id from los_auth_token ate1_0 where ate1_0.token_value=? and not(ate1_0.revoked_flag)
2026-04-12T10:16:00.536+07:00 DEBUG 8612 --- [ulos] [nio-8080-exec-1] org.hibernate.SQL                        : select ue1_0.id,ue1_0.active_flag,ue1_0.created_at,ue1_0.email,ue1_0.full_name,ue1_0.last_login_at,ue1_0.password_hash,r1_0.user_id,r1_1.id,r1_1.active_flag,r1_1.created_at,r1_1.description,r1_1.role_code,r1_1.role_name,r1_1.updated_at,ue1_0.updated_at,ue1_0.username from los_user ue1_0 left join los_user_role r1_0 on ue1_0.id=r1_0.user_id left join los_role r1_1 on r1_1.id=r1_0.role_id where ue1_0.id=?
2026-04-12T10:16:00.552+07:00 DEBUG 8612 --- [ulos] [nio-8080-exec-1] org.hibernate.SQL                        : update los_auth_token set created_at=?,expires_at=?,issued_at=?,last_accessed_at=?,revoked_flag=?,token_value=?,updated_at=?,user_id=? where id=?
2026-04-12T10:16:00.552+07:00 DEBUG 8612 --- [ulos] [nio-8080-exec-2] org.hibernate.SQL                        : select pse1_0.id,pse1_0.check_ref,pse1_0.check_type,pse1_0.completed_at,pse1_0.created_at,pse1_0.customer_id,pse1_0.linked_application_id,pse1_0.notes,pse1_0.requested_at,pse1_0.result_json,pse1_0.result_summary,pse1_0.status,pse1_0.updated_at from los_precheck_session pse1_0 join los_customer c1_0 on c1_0.id=pse1_0.customer_id where (? is null or ?='' or upper(pse1_0.check_type)=upper(?)) and (? is null or ?='' or lower(c1_0.cif_number)=lower(?)) and (? is null or ?='' or lower(pse1_0.check_ref) like lower(concat('%',?,'%')) escape '' or lower(c1_0.cif_number) like lower(concat('%',?,'%')) escape '' or lower(c1_0.company_name) like lower(concat('%',?,'%')) escape '' or lower(coalesce(pse1_0.status,'')) like lower(concat('%',?,'%')) escape '' or lower(coalesce(pse1_0.result_summary,'')) like lower(concat('%',?,'%')) escape '') order by pse1_0.updated_at desc limit ?
2026-04-12T10:16:00.568+07:00 DEBUG 8612 --- [ulos] [nio-8080-exec-2] m.m.a.RequestResponseBodyMethodProcessor : Using 'application/json', given [*/*] and supported [application/json, application/*+json]
2026-04-12T10:16:00.568+07:00 DEBUG 8612 --- [ulos] [nio-8080-exec-2] m.m.a.RequestResponseBodyMethodProcessor : Writing [PrecheckPageResponse[items=[], totalElements=0, totalPages=0, page=0, size=5]]
2026-04-12T10:16:00.571+07:00 DEBUG 8612 --- [ulos] [nio-8080-exec-2] o.s.web.servlet.DispatcherServlet        : Completed 200 OK
2026-04-12T10:16:00.572+07:00 DEBUG 8612 --- [ulos] [nio-8080-exec-4] o.s.web.servlet.DispatcherServlet        : GET "/api/prechecks?type=COLLATERAL&customerCif=DEB-9920-X1&page=0&size=5", parameters={masked}
2026-04-12T10:16:00.573+07:00 DEBUG 8612 --- [ulos] [nio-8080-exec-4] s.w.s.m.m.a.RequestMappingHandlerMapping : Mapped to com.enterprise.ulos.los.controller.PrecheckController#list(String, String, String, int, int)
2026-04-12T10:16:00.574+07:00 DEBUG 8612 --- [ulos] [nio-8080-exec-4] org.hibernate.SQL                        : select ate1_0.id,ate1_0.created_at,ate1_0.expires_at,ate1_0.issued_at,ate1_0.last_accessed_at,ate1_0.revoked_flag,ate1_0.token_value,ate1_0.updated_at,ate1_0.user_id from los_auth_token ate1_0 where ate1_0.token_value=? and not(ate1_0.revoked_flag)
2026-04-12T10:16:00.576+07:00 DEBUG 8612 --- [ulos] [nio-8080-exec-4] org.hibernate.SQL                        : select ue1_0.id,ue1_0.active_flag,ue1_0.created_at,ue1_0.email,ue1_0.full_name,ue1_0.last_login_at,ue1_0.password_hash,r1_0.user_id,r1_1.id,r1_1.active_flag,r1_1.created_at,r1_1.description,r1_1.role_code,r1_1.role_name,r1_1.updated_at,ue1_0.updated_at,ue1_0.username from los_user ue1_0 left join los_user_role r1_0 on ue1_0.id=r1_0.user_id left join los_role r1_1 on r1_1.id=r1_0.role_id where ue1_0.id=?
2026-04-12T10:16:00.579+07:00 DEBUG 8612 --- [ulos] [nio-8080-exec-4] org.hibernate.SQL                        : update los_auth_token set created_at=?,expires_at=?,issued_at=?,last_accessed_at=?,revoked_flag=?,token_value=?,updated_at=?,user_id=? where id=?
2026-04-12T10:16:00.595+07:00 DEBUG 8612 --- [ulos] [nio-8080-exec-1] org.hibernate.SQL                        : select ce1_0.id,ce1_0.cif_number,ce1_0.company_name,ce1_0.company_type,ce1_0.created_at,ce1_0.legal_name,ce1_0.location,ce1_0.profile_json,ce1_0.registration_date,ce1_0.sector,ce1_0.status,ce1_0.tax_id,ce1_0.updated_at from los_customer ce1_0 where ce1_0.cif_number=?
2026-04-12T10:16:00.598+07:00 DEBUG 8612 --- [ulos] [nio-8080-exec-1] m.m.a.RequestResponseBodyMethodProcessor : Using 'application/json', given [*/*] and supported [application/json, application/*+json]
2026-04-12T10:16:00.599+07:00 DEBUG 8612 --- [ulos] [nio-8080-exec-1] m.m.a.RequestResponseBodyMethodProcessor : Writing [CustomerDetailResponse[id=1, cifNumber=DEB-9920-X1, companyName=Global Logistics Systems Corp., lega (truncated)...]
2026-04-12T10:16:00.600+07:00 DEBUG 8612 --- [ulos] [nio-8080-exec-1] o.s.web.servlet.DispatcherServlet        : Completed 200 OK
2026-04-12T10:16:00.606+07:00 DEBUG 8612 --- [ulos] [nio-8080-exec-4] org.hibernate.SQL                        : select pse1_0.id,pse1_0.check_ref,pse1_0.check_type,pse1_0.completed_at,pse1_0.created_at,pse1_0.customer_id,pse1_0.linked_application_id,pse1_0.notes,pse1_0.requested_at,pse1_0.result_json,pse1_0.result_summary,pse1_0.status,pse1_0.updated_at from los_precheck_session pse1_0 join los_customer c1_0 on c1_0.id=pse1_0.customer_id where (? is null or ?='' or upper(pse1_0.check_type)=upper(?)) and (? is null or ?='' or lower(c1_0.cif_number)=lower(?)) and (? is null or ?='' or lower(pse1_0.check_ref) like lower(concat('%',?,'%')) escape '' or lower(c1_0.cif_number) like lower(concat('%',?,'%')) escape '' or lower(c1_0.company_name) like lower(concat('%',?,'%')) escape '' or lower(coalesce(pse1_0.status,'')) like lower(concat('%',?,'%')) escape '' or lower(coalesce(pse1_0.result_summary,'')) like lower(concat('%',?,'%')) escape '') order by pse1_0.updated_at desc limit ?
2026-04-12T10:16:00.608+07:00 DEBUG 8612 --- [ulos] [nio-8080-exec-4] m.m.a.RequestResponseBodyMethodProcessor : Using 'application/json', given [*/*] and supported [application/json, application/*+json]
2026-04-12T10:16:00.608+07:00 DEBUG 8612 --- [ulos] [nio-8080-exec-4] m.m.a.RequestResponseBodyMethodProcessor : Writing [PrecheckPageResponse[items=[], totalElements=0, totalPages=0, page=0, size=5]]
2026-04-12T10:16:00.608+07:00 DEBUG 8612 --- [ulos] [nio-8080-exec-4] o.s.web.servlet.DispatcherServlet        : Completed 200 OK
2026-04-12T10:16:02.433+07:00 DEBUG 8612 --- [ulos] [nio-8080-exec-3] org.hibernate.SQL                        : select ate1_0.id,ate1_0.created_at,ate1_0.expires_at,ate1_0.issued_at,ate1_0.last_accessed_at,ate1_0.revoked_flag,ate1_0.token_value,ate1_0.updated_at,ate1_0.user_id from los_auth_token ate1_0 where ate1_0.token_value=? and not(ate1_0.revoked_flag)
2026-04-12T10:16:02.435+07:00 DEBUG 8612 --- [ulos] [nio-8080-exec-3] org.hibernate.SQL                        : select ue1_0.id,ue1_0.active_flag,ue1_0.created_at,ue1_0.email,ue1_0.full_name,ue1_0.last_login_at,ue1_0.password_hash,r1_0.user_id,r1_1.id,r1_1.active_flag,r1_1.created_at,r1_1.description,r1_1.role_code,r1_1.role_name,r1_1.updated_at,ue1_0.updated_at,ue1_0.username from los_user ue1_0 left join los_user_role r1_0 on ue1_0.id=r1_0.user_id left join los_role r1_1 on r1_1.id=r1_0.role_id where ue1_0.id=?
2026-04-12T10:16:02.438+07:00 DEBUG 8612 --- [ulos] [nio-8080-exec-3] org.hibernate.SQL                        : update los_auth_token set created_at=?,expires_at=?,issued_at=?,last_accessed_at=?,revoked_flag=?,token_value=?,updated_at=?,user_id=? where id=?
2026-04-12T10:16:02.443+07:00 DEBUG 8612 --- [ulos] [nio-8080-exec-6] org.hibernate.SQL                        : select ate1_0.id,ate1_0.created_at,ate1_0.expires_at,ate1_0.issued_at,ate1_0.last_accessed_at,ate1_0.revoked_flag,ate1_0.token_value,ate1_0.updated_at,ate1_0.user_id from los_auth_token ate1_0 where ate1_0.token_value=? and not(ate1_0.revoked_flag)
2026-04-12T10:16:02.446+07:00 DEBUG 8612 --- [ulos] [nio-8080-exec-6] org.hibernate.SQL                        : select ue1_0.id,ue1_0.active_flag,ue1_0.created_at,ue1_0.email,ue1_0.full_name,ue1_0.last_login_at,ue1_0.password_hash,r1_0.user_id,r1_1.id,r1_1.active_flag,r1_1.created_at,r1_1.description,r1_1.role_code,r1_1.role_name,r1_1.updated_at,ue1_0.updated_at,ue1_0.username from los_user ue1_0 left join los_user_role r1_0 on ue1_0.id=r1_0.user_id left join los_role r1_1 on r1_1.id=r1_0.role_id where ue1_0.id=?
2026-04-12T10:16:02.448+07:00 DEBUG 8612 --- [ulos] [nio-8080-exec-6] org.hibernate.SQL                        : update los_auth_token set created_at=?,expires_at=?,issued_at=?,last_accessed_at=?,revoked_flag=?,token_value=?,updated_at=?,user_id=? where id=?
2026-04-12T10:16:02.455+07:00 DEBUG 8612 --- [ulos] [nio-8080-exec-8] org.hibernate.SQL                        : select ate1_0.id,ate1_0.created_at,ate1_0.expires_at,ate1_0.issued_at,ate1_0.last_accessed_at,ate1_0.revoked_flag,ate1_0.token_value,ate1_0.updated_at,ate1_0.user_id from los_auth_token ate1_0 where ate1_0.token_value=? and not(ate1_0.revoked_flag)
2026-04-12T10:16:02.458+07:00 DEBUG 8612 --- [ulos] [nio-8080-exec-8] org.hibernate.SQL                        : select ue1_0.id,ue1_0.active_flag,ue1_0.created_at,ue1_0.email,ue1_0.full_name,ue1_0.last_login_at,ue1_0.password_hash,r1_0.user_id,r1_1.id,r1_1.active_flag,r1_1.created_at,r1_1.description,r1_1.role_code,r1_1.role_name,r1_1.updated_at,ue1_0.updated_at,ue1_0.username from los_user ue1_0 left join los_user_role r1_0 on ue1_0.id=r1_0.user_id left join los_role r1_1 on r1_1.id=r1_0.role_id where ue1_0.id=?
2026-04-12T10:16:02.460+07:00 DEBUG 8612 --- [ulos] [nio-8080-exec-8] org.hibernate.SQL                        : update los_auth_token set created_at=?,expires_at=?,issued_at=?,last_accessed_at=?,revoked_flag=?,token_value=?,updated_at=?,user_id=? where id=?
2026-04-12T10:16:02.469+07:00 DEBUG 8612 --- [ulos] [nio-8080-exec-3] o.s.web.servlet.DispatcherServlet        : GET "/api/master/portfolio-lookups?masterType=owning_branch&includeInactive=true", parameters={masked}
2026-04-12T10:16:02.470+07:00 DEBUG 8612 --- [ulos] [nio-8080-exec-3] s.w.s.m.m.a.RequestMappingHandlerMapping : Mapped to com.enterprise.ulos.los.controller.MasterDataController#portfolioLookups(String, boolean)
2026-04-12T10:16:02.473+07:00 DEBUG 8612 --- [ulos] [nio-8080-exec-3] org.hibernate.SQL                        : select mple1_0.id,mple1_0.active_flag,mple1_0.created_at,mple1_0.description,mple1_0.extra_json,mple1_0.item_code,mple1_0.item_name,mple1_0.legacy_code,mple1_0.master_type,mple1_0.sort_order,mple1_0.updated_at from los_master_portfolio_lookup mple1_0 where upper(mple1_0.master_type)=upper(?) order by mple1_0.sort_order,mple1_0.item_name
2026-04-12T10:16:02.476+07:00 DEBUG 8612 --- [ulos] [nio-8080-exec-3] m.m.a.RequestResponseBodyMethodProcessor : Using 'application/json', given [*/*] and supported [application/json, application/*+json]
2026-04-12T10:16:02.476+07:00 DEBUG 8612 --- [ulos] [nio-8080-exec-3] m.m.a.RequestResponseBodyMethodProcessor : Writing [[PortfolioLookupResponse[masterType=owning_branch, code=MAIN_JKT, name=Main Branch - Jakarta sasa, l (truncated)...]
2026-04-12T10:16:02.477+07:00 DEBUG 8612 --- [ulos] [nio-8080-exec-3] o.s.web.servlet.DispatcherServlet        : Completed 200 OK
2026-04-12T10:16:02.481+07:00 DEBUG 8612 --- [ulos] [nio-8080-exec-3] org.hibernate.SQL                        : select ate1_0.id,ate1_0.created_at,ate1_0.expires_at,ate1_0.issued_at,ate1_0.last_accessed_at,ate1_0.revoked_flag,ate1_0.token_value,ate1_0.updated_at,ate1_0.user_id from los_auth_token ate1_0 where ate1_0.token_value=? and not(ate1_0.revoked_flag)
2026-04-12T10:16:02.482+07:00 DEBUG 8612 --- [ulos] [nio-8080-exec-3] org.hibernate.SQL                        : select ue1_0.id,ue1_0.active_flag,ue1_0.created_at,ue1_0.email,ue1_0.full_name,ue1_0.last_login_at,ue1_0.password_hash,r1_0.user_id,r1_1.id,r1_1.active_flag,r1_1.created_at,r1_1.description,r1_1.role_code,r1_1.role_name,r1_1.updated_at,ue1_0.updated_at,ue1_0.username from los_user ue1_0 left join los_user_role r1_0 on ue1_0.id=r1_0.user_id left join los_role r1_1 on r1_1.id=r1_0.role_id where ue1_0.id=?
2026-04-12T10:16:02.485+07:00 DEBUG 8612 --- [ulos] [nio-8080-exec-3] org.hibernate.SQL                        : update los_auth_token set created_at=?,expires_at=?,issued_at=?,last_accessed_at=?,revoked_flag=?,token_value=?,updated_at=?,user_id=? where id=?
2026-04-12T10:16:02.486+07:00 DEBUG 8612 --- [ulos] [nio-8080-exec-5] org.hibernate.SQL                        : select ate1_0.id,ate1_0.created_at,ate1_0.expires_at,ate1_0.issued_at,ate1_0.last_accessed_at,ate1_0.revoked_flag,ate1_0.token_value,ate1_0.updated_at,ate1_0.user_id from los_auth_token ate1_0 where ate1_0.token_value=? and not(ate1_0.revoked_flag)
2026-04-12T10:16:02.488+07:00 DEBUG 8612 --- [ulos] [nio-8080-exec-5] org.hibernate.SQL                        : select ue1_0.id,ue1_0.active_flag,ue1_0.created_at,ue1_0.email,ue1_0.full_name,ue1_0.last_login_at,ue1_0.password_hash,r1_0.user_id,r1_1.id,r1_1.active_flag,r1_1.created_at,r1_1.description,r1_1.role_code,r1_1.role_name,r1_1.updated_at,ue1_0.updated_at,ue1_0.username from los_user ue1_0 left join los_user_role r1_0 on ue1_0.id=r1_0.user_id left join los_role r1_1 on r1_1.id=r1_0.role_id where ue1_0.id=?
2026-04-12T10:16:02.489+07:00 DEBUG 8612 --- [ulos] [nio-8080-exec-9] org.hibernate.SQL                        : select ate1_0.id,ate1_0.created_at,ate1_0.expires_at,ate1_0.issued_at,ate1_0.last_accessed_at,ate1_0.revoked_flag,ate1_0.token_value,ate1_0.updated_at,ate1_0.user_id from los_auth_token ate1_0 where ate1_0.token_value=? and not(ate1_0.revoked_flag)
2026-04-12T10:16:02.490+07:00 DEBUG 8612 --- [ulos] [nio-8080-exec-5] org.hibernate.SQL                        : update los_auth_token set created_at=?,expires_at=?,issued_at=?,last_accessed_at=?,revoked_flag=?,token_value=?,updated_at=?,user_id=? where id=?
2026-04-12T10:16:02.491+07:00 DEBUG 8612 --- [ulos] [nio-8080-exec-9] org.hibernate.SQL                        : select ue1_0.id,ue1_0.active_flag,ue1_0.created_at,ue1_0.email,ue1_0.full_name,ue1_0.last_login_at,ue1_0.password_hash,r1_0.user_id,r1_1.id,r1_1.active_flag,r1_1.created_at,r1_1.description,r1_1.role_code,r1_1.role_name,r1_1.updated_at,ue1_0.updated_at,ue1_0.username from los_user ue1_0 left join los_user_role r1_0 on ue1_0.id=r1_0.user_id left join los_role r1_1 on r1_1.id=r1_0.role_id where ue1_0.id=?
2026-04-12T10:16:02.493+07:00 DEBUG 8612 --- [ulos] [nio-8080-exec-9] org.hibernate.SQL                        : update los_auth_token set created_at=?,expires_at=?,issued_at=?,last_accessed_at=?,revoked_flag=?,token_value=?,updated_at=?,user_id=? where id=?
2026-04-12T10:16:02.502+07:00 DEBUG 8612 --- [ulos] [io-8080-exec-10] org.hibernate.SQL                        : select ate1_0.id,ate1_0.created_at,ate1_0.expires_at,ate1_0.issued_at,ate1_0.last_accessed_at,ate1_0.revoked_flag,ate1_0.token_value,ate1_0.updated_at,ate1_0.user_id from los_auth_token ate1_0 where ate1_0.token_value=? and not(ate1_0.revoked_flag)
2026-04-12T10:16:02.504+07:00 DEBUG 8612 --- [ulos] [io-8080-exec-10] org.hibernate.SQL                        : select ue1_0.id,ue1_0.active_flag,ue1_0.created_at,ue1_0.email,ue1_0.full_name,ue1_0.last_login_at,ue1_0.password_hash,r1_0.user_id,r1_1.id,r1_1.active_flag,r1_1.created_at,r1_1.description,r1_1.role_code,r1_1.role_name,r1_1.updated_at,ue1_0.updated_at,ue1_0.username from los_user ue1_0 left join los_user_role r1_0 on ue1_0.id=r1_0.user_id left join los_role r1_1 on r1_1.id=r1_0.role_id where ue1_0.id=?
2026-04-12T10:16:02.506+07:00 DEBUG 8612 --- [ulos] [io-8080-exec-10] org.hibernate.SQL                        : update los_auth_token set created_at=?,expires_at=?,issued_at=?,last_accessed_at=?,revoked_flag=?,token_value=?,updated_at=?,user_id=? where id=?
2026-04-12T10:16:02.518+07:00 DEBUG 8612 --- [ulos] [nio-8080-exec-6] o.s.web.servlet.DispatcherServlet        : GET "/api/master/portfolio-lookups?masterType=customer_type&includeInactive=true", parameters={masked}
2026-04-12T10:16:02.518+07:00 DEBUG 8612 --- [ulos] [nio-8080-exec-6] s.w.s.m.m.a.RequestMappingHandlerMapping : Mapped to com.enterprise.ulos.los.controller.MasterDataController#portfolioLookups(String, boolean)
2026-04-12T10:16:02.521+07:00 DEBUG 8612 --- [ulos] [nio-8080-exec-6] org.hibernate.SQL                        : select mple1_0.id,mple1_0.active_flag,mple1_0.created_at,mple1_0.description,mple1_0.extra_json,mple1_0.item_code,mple1_0.item_name,mple1_0.legacy_code,mple1_0.master_type,mple1_0.sort_order,mple1_0.updated_at from los_master_portfolio_lookup mple1_0 where upper(mple1_0.master_type)=upper(?) order by mple1_0.sort_order,mple1_0.item_name
2026-04-12T10:16:02.524+07:00 DEBUG 8612 --- [ulos] [nio-8080-exec-6] m.m.a.RequestResponseBodyMethodProcessor : Using 'application/json', given [*/*] and supported [application/json, application/*+json]
2026-04-12T10:16:02.525+07:00 DEBUG 8612 --- [ulos] [nio-8080-exec-6] m.m.a.RequestResponseBodyMethodProcessor : Writing [[PortfolioLookupResponse[masterType=customer_type, code=CORPORATE, name=Corporate, legacyCode=CORP,  (truncated)...]
2026-04-12T10:16:02.525+07:00 DEBUG 8612 --- [ulos] [nio-8080-exec-6] o.s.web.servlet.DispatcherServlet        : Completed 200 OK
2026-04-12T10:16:02.538+07:00 DEBUG 8612 --- [ulos] [nio-8080-exec-2] org.hibernate.SQL                        : select ate1_0.id,ate1_0.created_at,ate1_0.expires_at,ate1_0.issued_at,ate1_0.last_accessed_at,ate1_0.revoked_flag,ate1_0.token_value,ate1_0.updated_at,ate1_0.user_id from los_auth_token ate1_0 where ate1_0.token_value=? and not(ate1_0.revoked_flag)
2026-04-12T10:16:02.539+07:00 DEBUG 8612 --- [ulos] [nio-8080-exec-2] org.hibernate.SQL                        : select ue1_0.id,ue1_0.active_flag,ue1_0.created_at,ue1_0.email,ue1_0.full_name,ue1_0.last_login_at,ue1_0.password_hash,r1_0.user_id,r1_1.id,r1_1.active_flag,r1_1.created_at,r1_1.description,r1_1.role_code,r1_1.role_name,r1_1.updated_at,ue1_0.updated_at,ue1_0.username from los_user ue1_0 left join los_user_role r1_0 on ue1_0.id=r1_0.user_id left join los_role r1_1 on r1_1.id=r1_0.role_id where ue1_0.id=?
2026-04-12T10:16:02.544+07:00 DEBUG 8612 --- [ulos] [nio-8080-exec-2] org.hibernate.SQL                        : update los_auth_token set created_at=?,expires_at=?,issued_at=?,last_accessed_at=?,revoked_flag=?,token_value=?,updated_at=?,user_id=? where id=?
2026-04-12T10:16:02.546+07:00 DEBUG 8612 --- [ulos] [nio-8080-exec-8] o.s.web.servlet.DispatcherServlet        : GET "/api/master/portfolio-lookups?masterType=business_source&includeInactive=true", parameters={masked}
2026-04-12T10:16:02.546+07:00 DEBUG 8612 --- [ulos] [nio-8080-exec-8] s.w.s.m.m.a.RequestMappingHandlerMapping : Mapped to com.enterprise.ulos.los.controller.MasterDataController#portfolioLookups(String, boolean)
2026-04-12T10:16:02.549+07:00 DEBUG 8612 --- [ulos] [nio-8080-exec-8] org.hibernate.SQL                        : select mple1_0.id,mple1_0.active_flag,mple1_0.created_at,mple1_0.description,mple1_0.extra_json,mple1_0.item_code,mple1_0.item_name,mple1_0.legacy_code,mple1_0.master_type,mple1_0.sort_order,mple1_0.updated_at from los_master_portfolio_lookup mple1_0 where upper(mple1_0.master_type)=upper(?) order by mple1_0.sort_order,mple1_0.item_name
2026-04-12T10:16:02.553+07:00 DEBUG 8612 --- [ulos] [nio-8080-exec-8] m.m.a.RequestResponseBodyMethodProcessor : Using 'application/json', given [*/*] and supported [application/json, application/*+json]
2026-04-12T10:16:02.553+07:00 DEBUG 8612 --- [ulos] [nio-8080-exec-8] m.m.a.RequestResponseBodyMethodProcessor : Writing [[PortfolioLookupResponse[masterType=business_source, code=REFERRAL, name=Referral, legacyCode=REF, s (truncated)...]
2026-04-12T10:16:02.554+07:00 DEBUG 8612 --- [ulos] [nio-8080-exec-8] o.s.web.servlet.DispatcherServlet        : Completed 200 OK
2026-04-12T10:16:02.563+07:00 DEBUG 8612 --- [ulos] [nio-8080-exec-1] org.hibernate.SQL                        : select ate1_0.id,ate1_0.created_at,ate1_0.expires_at,ate1_0.issued_at,ate1_0.last_accessed_at,ate1_0.revoked_flag,ate1_0.token_value,ate1_0.updated_at,ate1_0.user_id from los_auth_token ate1_0 where ate1_0.token_value=? and not(ate1_0.revoked_flag)
2026-04-12T10:16:02.565+07:00 DEBUG 8612 --- [ulos] [nio-8080-exec-1] org.hibernate.SQL                        : select ue1_0.id,ue1_0.active_flag,ue1_0.created_at,ue1_0.email,ue1_0.full_name,ue1_0.last_login_at,ue1_0.password_hash,r1_0.user_id,r1_1.id,r1_1.active_flag,r1_1.created_at,r1_1.description,r1_1.role_code,r1_1.role_name,r1_1.updated_at,ue1_0.updated_at,ue1_0.username from los_user ue1_0 left join los_user_role r1_0 on ue1_0.id=r1_0.user_id left join los_role r1_1 on r1_1.id=r1_0.role_id where ue1_0.id=?
2026-04-12T10:16:02.566+07:00 DEBUG 8612 --- [ulos] [nio-8080-exec-3] o.s.web.servlet.DispatcherServlet        : GET "/api/master/portfolio-lookups?masterType=id_type&includeInactive=true", parameters={masked}
2026-04-12T10:16:02.567+07:00 DEBUG 8612 --- [ulos] [nio-8080-exec-3] s.w.s.m.m.a.RequestMappingHandlerMapping : Mapped to com.enterprise.ulos.los.controller.MasterDataController#portfolioLookups(String, boolean)
2026-04-12T10:16:02.567+07:00 DEBUG 8612 --- [ulos] [nio-8080-exec-1] org.hibernate.SQL                        : update los_auth_token set created_at=?,expires_at=?,issued_at=?,last_accessed_at=?,revoked_flag=?,token_value=?,updated_at=?,user_id=? where id=?
2026-04-12T10:16:02.571+07:00 DEBUG 8612 --- [ulos] [nio-8080-exec-3] org.hibernate.SQL                        : select mple1_0.id,mple1_0.active_flag,mple1_0.created_at,mple1_0.description,mple1_0.extra_json,mple1_0.item_code,mple1_0.item_name,mple1_0.legacy_code,mple1_0.master_type,mple1_0.sort_order,mple1_0.updated_at from los_master_portfolio_lookup mple1_0 where upper(mple1_0.master_type)=upper(?) order by mple1_0.sort_order,mple1_0.item_name
2026-04-12T10:16:02.574+07:00 DEBUG 8612 --- [ulos] [nio-8080-exec-3] m.m.a.RequestResponseBodyMethodProcessor : Using 'application/json', given [*/*] and supported [application/json, application/*+json]
2026-04-12T10:16:02.574+07:00 DEBUG 8612 --- [ulos] [nio-8080-exec-3] m.m.a.RequestResponseBodyMethodProcessor : Writing [[PortfolioLookupResponse[masterType=id_type, code=NPWP, name=NPWP, legacyCode=NPWP, sortOrder=1, act (truncated)...]
2026-04-12T10:16:02.575+07:00 DEBUG 8612 --- [ulos] [nio-8080-exec-3] o.s.web.servlet.DispatcherServlet        : Completed 200 OK
2026-04-12T10:16:02.584+07:00 DEBUG 8612 --- [ulos] [nio-8080-exec-4] org.hibernate.SQL                        : select ate1_0.id,ate1_0.created_at,ate1_0.expires_at,ate1_0.issued_at,ate1_0.last_accessed_at,ate1_0.revoked_flag,ate1_0.token_value,ate1_0.updated_at,ate1_0.user_id from los_auth_token ate1_0 where ate1_0.token_value=? and not(ate1_0.revoked_flag)
2026-04-12T10:16:02.585+07:00 DEBUG 8612 --- [ulos] [nio-8080-exec-4] org.hibernate.SQL                        : select ue1_0.id,ue1_0.active_flag,ue1_0.created_at,ue1_0.email,ue1_0.full_name,ue1_0.last_login_at,ue1_0.password_hash,r1_0.user_id,r1_1.id,r1_1.active_flag,r1_1.created_at,r1_1.description,r1_1.role_code,r1_1.role_name,r1_1.updated_at,ue1_0.updated_at,ue1_0.username from los_user ue1_0 left join los_user_role r1_0 on ue1_0.id=r1_0.user_id left join los_role r1_1 on r1_1.id=r1_0.role_id where ue1_0.id=?
2026-04-12T10:16:02.588+07:00 DEBUG 8612 --- [ulos] [nio-8080-exec-4] org.hibernate.SQL                        : update los_auth_token set created_at=?,expires_at=?,issued_at=?,last_accessed_at=?,revoked_flag=?,token_value=?,updated_at=?,user_id=? where id=?
2026-04-12T10:16:02.593+07:00 DEBUG 8612 --- [ulos] [nio-8080-exec-5] o.s.web.servlet.DispatcherServlet        : GET "/api/master/portfolio-lookups?masterType=company_type&includeInactive=true", parameters={masked}
2026-04-12T10:16:02.593+07:00 DEBUG 8612 --- [ulos] [nio-8080-exec-5] s.w.s.m.m.a.RequestMappingHandlerMapping : Mapped to com.enterprise.ulos.los.controller.MasterDataController#portfolioLookups(String, boolean)
2026-04-12T10:16:02.596+07:00 DEBUG 8612 --- [ulos] [nio-8080-exec-5] org.hibernate.SQL                        : select mple1_0.id,mple1_0.active_flag,mple1_0.created_at,mple1_0.description,mple1_0.extra_json,mple1_0.item_code,mple1_0.item_name,mple1_0.legacy_code,mple1_0.master_type,mple1_0.sort_order,mple1_0.updated_at from los_master_portfolio_lookup mple1_0 where upper(mple1_0.master_type)=upper(?) order by mple1_0.sort_order,mple1_0.item_name
2026-04-12T10:16:02.599+07:00 DEBUG 8612 --- [ulos] [nio-8080-exec-5] m.m.a.RequestResponseBodyMethodProcessor : Using 'application/json', given [*/*] and supported [application/json, application/*+json]
2026-04-12T10:16:02.599+07:00 DEBUG 8612 --- [ulos] [nio-8080-exec-5] m.m.a.RequestResponseBodyMethodProcessor : Writing [[PortfolioLookupResponse[masterType=company_type, code=FIRM, name=Firm, legacyCode=FIRM, sortOrder=3 (truncated)...]
2026-04-12T10:16:02.601+07:00 DEBUG 8612 --- [ulos] [nio-8080-exec-5] o.s.web.servlet.DispatcherServlet        : Completed 200 OK
2026-04-12T10:16:02.608+07:00 DEBUG 8612 --- [ulos] [nio-8080-exec-7] org.hibernate.SQL                        : select ate1_0.id,ate1_0.created_at,ate1_0.expires_at,ate1_0.issued_at,ate1_0.last_accessed_at,ate1_0.revoked_flag,ate1_0.token_value,ate1_0.updated_at,ate1_0.user_id from los_auth_token ate1_0 where ate1_0.token_value=? and not(ate1_0.revoked_flag)
2026-04-12T10:16:02.610+07:00 DEBUG 8612 --- [ulos] [nio-8080-exec-7] org.hibernate.SQL                        : select ue1_0.id,ue1_0.active_flag,ue1_0.created_at,ue1_0.email,ue1_0.full_name,ue1_0.last_login_at,ue1_0.password_hash,r1_0.user_id,r1_1.id,r1_1.active_flag,r1_1.created_at,r1_1.description,r1_1.role_code,r1_1.role_name,r1_1.updated_at,ue1_0.updated_at,ue1_0.username from los_user ue1_0 left join los_user_role r1_0 on ue1_0.id=r1_0.user_id left join los_role r1_1 on r1_1.id=r1_0.role_id where ue1_0.id=?
2026-04-12T10:16:02.610+07:00 DEBUG 8612 --- [ulos] [nio-8080-exec-9] o.s.web.servlet.DispatcherServlet        : GET "/api/master/portfolio-lookups?masterType=country&includeInactive=true", parameters={masked}
2026-04-12T10:16:02.610+07:00 DEBUG 8612 --- [ulos] [nio-8080-exec-9] s.w.s.m.m.a.RequestMappingHandlerMapping : Mapped to com.enterprise.ulos.los.controller.MasterDataController#portfolioLookups(String, boolean)
2026-04-12T10:16:02.612+07:00 DEBUG 8612 --- [ulos] [nio-8080-exec-7] org.hibernate.SQL                        : update los_auth_token set created_at=?,expires_at=?,issued_at=?,last_accessed_at=?,revoked_flag=?,token_value=?,updated_at=?,user_id=? where id=?
2026-04-12T10:16:02.612+07:00 DEBUG 8612 --- [ulos] [nio-8080-exec-9] org.hibernate.SQL                        : select mple1_0.id,mple1_0.active_flag,mple1_0.created_at,mple1_0.description,mple1_0.extra_json,mple1_0.item_code,mple1_0.item_name,mple1_0.legacy_code,mple1_0.master_type,mple1_0.sort_order,mple1_0.updated_at from los_master_portfolio_lookup mple1_0 where upper(mple1_0.master_type)=upper(?) order by mple1_0.sort_order,mple1_0.item_name
2026-04-12T10:16:02.615+07:00 DEBUG 8612 --- [ulos] [nio-8080-exec-9] m.m.a.RequestResponseBodyMethodProcessor : Using 'application/json', given [*/*] and supported [application/json, application/*+json]
2026-04-12T10:16:02.616+07:00 DEBUG 8612 --- [ulos] [nio-8080-exec-9] m.m.a.RequestResponseBodyMethodProcessor : Writing [[PortfolioLookupResponse[masterType=country, code=ID, name=Indonesia, legacyCode=ID, sortOrder=1, ac (truncated)...]
2026-04-12T10:16:02.617+07:00 DEBUG 8612 --- [ulos] [nio-8080-exec-9] o.s.web.servlet.DispatcherServlet        : Completed 200 OK
2026-04-12T10:16:02.636+07:00 DEBUG 8612 --- [ulos] [io-8080-exec-10] o.s.web.servlet.DispatcherServlet        : GET "/api/master/portfolio-lookups?masterType=company_activity_type&includeInactive=true", parameters={masked}
2026-04-12T10:16:02.637+07:00 DEBUG 8612 --- [ulos] [io-8080-exec-10] s.w.s.m.m.a.RequestMappingHandlerMapping : Mapped to com.enterprise.ulos.los.controller.MasterDataController#portfolioLookups(String, boolean)
2026-04-12T10:16:02.640+07:00 DEBUG 8612 --- [ulos] [io-8080-exec-10] org.hibernate.SQL                        : select mple1_0.id,mple1_0.active_flag,mple1_0.created_at,mple1_0.description,mple1_0.extra_json,mple1_0.item_code,mple1_0.item_name,mple1_0.legacy_code,mple1_0.master_type,mple1_0.sort_order,mple1_0.updated_at from los_master_portfolio_lookup mple1_0 where upper(mple1_0.master_type)=upper(?) order by mple1_0.sort_order,mple1_0.item_name
2026-04-12T10:16:02.645+07:00 DEBUG 8612 --- [ulos] [io-8080-exec-10] m.m.a.RequestResponseBodyMethodProcessor : Using 'application/json', given [*/*] and supported [application/json, application/*+json]
2026-04-12T10:16:02.645+07:00 DEBUG 8612 --- [ulos] [io-8080-exec-10] m.m.a.RequestResponseBodyMethodProcessor : Writing [[PortfolioLookupResponse[masterType=company_activity_type, code=TRADING, name=Trading, legacyCode=TR (truncated)...]
2026-04-12T10:16:02.646+07:00 DEBUG 8612 --- [ulos] [io-8080-exec-10] o.s.web.servlet.DispatcherServlet        : Completed 200 OK
2026-04-12T10:16:02.649+07:00 DEBUG 8612 --- [ulos] [nio-8080-exec-2] o.s.web.servlet.DispatcherServlet        : GET "/api/master/portfolio-lookups?masterType=debtor_type&includeInactive=true", parameters={masked}
2026-04-12T10:16:02.649+07:00 DEBUG 8612 --- [ulos] [nio-8080-exec-2] s.w.s.m.m.a.RequestMappingHandlerMapping : Mapped to com.enterprise.ulos.los.controller.MasterDataController#portfolioLookups(String, boolean)
2026-04-12T10:16:02.651+07:00 DEBUG 8612 --- [ulos] [nio-8080-exec-2] org.hibernate.SQL                        : select mple1_0.id,mple1_0.active_flag,mple1_0.created_at,mple1_0.description,mple1_0.extra_json,mple1_0.item_code,mple1_0.item_name,mple1_0.legacy_code,mple1_0.master_type,mple1_0.sort_order,mple1_0.updated_at from los_master_portfolio_lookup mple1_0 where upper(mple1_0.master_type)=upper(?) order by mple1_0.sort_order,mple1_0.item_name
2026-04-12T10:16:02.655+07:00 DEBUG 8612 --- [ulos] [nio-8080-exec-2] m.m.a.RequestResponseBodyMethodProcessor : Using 'application/json', given [*/*] and supported [application/json, application/*+json]
2026-04-12T10:16:02.655+07:00 DEBUG 8612 --- [ulos] [nio-8080-exec-2] m.m.a.RequestResponseBodyMethodProcessor : Writing [[PortfolioLookupResponse[masterType=debtor_type, code=NEW, name=New, legacyCode=NEW, sortOrder=1, ac (truncated)...]
2026-04-12T10:16:02.656+07:00 DEBUG 8612 --- [ulos] [nio-8080-exec-2] o.s.web.servlet.DispatcherServlet        : Completed 200 OK
2026-04-12T10:16:02.691+07:00 DEBUG 8612 --- [ulos] [nio-8080-exec-1] o.s.web.servlet.DispatcherServlet        : GET "/api/master/portfolio-lookups?masterType=referral_source&includeInactive=true", parameters={masked}
2026-04-12T10:16:02.691+07:00 DEBUG 8612 --- [ulos] [nio-8080-exec-1] s.w.s.m.m.a.RequestMappingHandlerMapping : Mapped to com.enterprise.ulos.los.controller.MasterDataController#portfolioLookups(String, boolean)
2026-04-12T10:16:02.694+07:00 DEBUG 8612 --- [ulos] [nio-8080-exec-1] org.hibernate.SQL                        : select mple1_0.id,mple1_0.active_flag,mple1_0.created_at,mple1_0.description,mple1_0.extra_json,mple1_0.item_code,mple1_0.item_name,mple1_0.legacy_code,mple1_0.master_type,mple1_0.sort_order,mple1_0.updated_at from los_master_portfolio_lookup mple1_0 where upper(mple1_0.master_type)=upper(?) order by mple1_0.sort_order,mple1_0.item_name
2026-04-12T10:16:02.697+07:00 DEBUG 8612 --- [ulos] [nio-8080-exec-4] o.s.web.servlet.DispatcherServlet        : GET "/api/master/portfolio-lookups?masterType=referral_region&includeInactive=true", parameters={masked}
2026-04-12T10:16:02.697+07:00 DEBUG 8612 --- [ulos] [nio-8080-exec-1] m.m.a.RequestResponseBodyMethodProcessor : Using 'application/json', given [*/*] and supported [application/json, application/*+json]
2026-04-12T10:16:02.697+07:00 DEBUG 8612 --- [ulos] [nio-8080-exec-4] s.w.s.m.m.a.RequestMappingHandlerMapping : Mapped to com.enterprise.ulos.los.controller.MasterDataController#portfolioLookups(String, boolean)
2026-04-12T10:16:02.698+07:00 DEBUG 8612 --- [ulos] [nio-8080-exec-1] m.m.a.RequestResponseBodyMethodProcessor : Writing [[PortfolioLookupResponse[masterType=referral_source, code=INTERNAL, name=Internal, legacyCode=INT, s (truncated)...]
2026-04-12T10:16:02.699+07:00 DEBUG 8612 --- [ulos] [nio-8080-exec-1] o.s.web.servlet.DispatcherServlet        : Completed 200 OK
2026-04-12T10:16:02.700+07:00 DEBUG 8612 --- [ulos] [nio-8080-exec-4] org.hibernate.SQL                        : select mple1_0.id,mple1_0.active_flag,mple1_0.created_at,mple1_0.description,mple1_0.extra_json,mple1_0.item_code,mple1_0.item_name,mple1_0.legacy_code,mple1_0.master_type,mple1_0.sort_order,mple1_0.updated_at from los_master_portfolio_lookup mple1_0 where upper(mple1_0.master_type)=upper(?) order by mple1_0.sort_order,mple1_0.item_name
2026-04-12T10:16:02.706+07:00 DEBUG 8612 --- [ulos] [nio-8080-exec-4] m.m.a.RequestResponseBodyMethodProcessor : Using 'application/json', given [*/*] and supported [application/json, application/*+json]
2026-04-12T10:16:02.707+07:00 DEBUG 8612 --- [ulos] [nio-8080-exec-4] m.m.a.RequestResponseBodyMethodProcessor : Writing [[PortfolioLookupResponse[masterType=referral_region, code=JAKARTA_RAYA, name=Jakarta Raya, legacyCod (truncated)...]
2026-04-12T10:16:02.708+07:00 DEBUG 8612 --- [ulos] [nio-8080-exec-4] o.s.web.servlet.DispatcherServlet        : Completed 200 OK
2026-04-12T10:16:02.711+07:00 DEBUG 8612 --- [ulos] [nio-8080-exec-7] o.s.web.servlet.DispatcherServlet        : GET "/api/master/portfolio-lookups?masterType=banking_relationship_type&includeInactive=true", parameters={masked}
2026-04-12T10:16:02.711+07:00 DEBUG 8612 --- [ulos] [nio-8080-exec-7] s.w.s.m.m.a.RequestMappingHandlerMapping : Mapped to com.enterprise.ulos.los.controller.MasterDataController#portfolioLookups(String, boolean)
2026-04-12T10:16:02.713+07:00 DEBUG 8612 --- [ulos] [nio-8080-exec-7] org.hibernate.SQL                        : select mple1_0.id,mple1_0.active_flag,mple1_0.created_at,mple1_0.description,mple1_0.extra_json,mple1_0.item_code,mple1_0.item_name,mple1_0.legacy_code,mple1_0.master_type,mple1_0.sort_order,mple1_0.updated_at from los_master_portfolio_lookup mple1_0 where upper(mple1_0.master_type)=upper(?) order by mple1_0.sort_order,mple1_0.item_name
2026-04-12T10:16:02.716+07:00 DEBUG 8612 --- [ulos] [nio-8080-exec-7] m.m.a.RequestResponseBodyMethodProcessor : Using 'application/json', given [*/*] and supported [application/json, application/*+json]
2026-04-12T10:16:02.717+07:00 DEBUG 8612 --- [ulos] [nio-8080-exec-7] m.m.a.RequestResponseBodyMethodProcessor : Writing [[PortfolioLookupResponse[masterType=banking_relationship_type, code=NEW, name=New, legacyCode=NEW, s (truncated)...]
2026-04-12T10:16:02.718+07:00 DEBUG 8612 --- [ulos] [nio-8080-exec-7] o.s.web.servlet.DispatcherServlet        : Completed 200 OK
2026-04-12T10:16:04.965+07:00 DEBUG 8612 --- [ulos] [nio-8080-exec-3] org.hibernate.SQL                        : select ate1_0.id,ate1_0.created_at,ate1_0.expires_at,ate1_0.issued_at,ate1_0.last_accessed_at,ate1_0.revoked_flag,ate1_0.token_value,ate1_0.updated_at,ate1_0.user_id from los_auth_token ate1_0 where ate1_0.token_value=? and not(ate1_0.revoked_flag)
2026-04-12T10:16:04.966+07:00 DEBUG 8612 --- [ulos] [nio-8080-exec-3] org.hibernate.SQL                        : select ue1_0.id,ue1_0.active_flag,ue1_0.created_at,ue1_0.email,ue1_0.full_name,ue1_0.last_login_at,ue1_0.password_hash,r1_0.user_id,r1_1.id,r1_1.active_flag,r1_1.created_at,r1_1.description,r1_1.role_code,r1_1.role_name,r1_1.updated_at,ue1_0.updated_at,ue1_0.username from los_user ue1_0 left join los_user_role r1_0 on ue1_0.id=r1_0.user_id left join los_role r1_1 on r1_1.id=r1_0.role_id where ue1_0.id=?
2026-04-12T10:16:04.970+07:00 DEBUG 8612 --- [ulos] [nio-8080-exec-3] org.hibernate.SQL                        : update los_auth_token set created_at=?,expires_at=?,issued_at=?,last_accessed_at=?,revoked_flag=?,token_value=?,updated_at=?,user_id=? where id=?
2026-04-12T10:16:04.972+07:00 DEBUG 8612 --- [ulos] [nio-8080-exec-8] org.hibernate.SQL                        : select ate1_0.id,ate1_0.created_at,ate1_0.expires_at,ate1_0.issued_at,ate1_0.last_accessed_at,ate1_0.revoked_flag,ate1_0.token_value,ate1_0.updated_at,ate1_0.user_id from los_auth_token ate1_0 where ate1_0.token_value=? and not(ate1_0.revoked_flag)
2026-04-12T10:16:04.973+07:00 DEBUG 8612 --- [ulos] [nio-8080-exec-8] org.hibernate.SQL                        : select ue1_0.id,ue1_0.active_flag,ue1_0.created_at,ue1_0.email,ue1_0.full_name,ue1_0.last_login_at,ue1_0.password_hash,r1_0.user_id,r1_1.id,r1_1.active_flag,r1_1.created_at,r1_1.description,r1_1.role_code,r1_1.role_name,r1_1.updated_at,ue1_0.updated_at,ue1_0.username from los_user ue1_0 left join los_user_role r1_0 on ue1_0.id=r1_0.user_id left join los_role r1_1 on r1_1.id=r1_0.role_id where ue1_0.id=?
2026-04-12T10:16:04.976+07:00 DEBUG 8612 --- [ulos] [nio-8080-exec-8] org.hibernate.SQL                        : update los_auth_token set created_at=?,expires_at=?,issued_at=?,last_accessed_at=?,revoked_flag=?,token_value=?,updated_at=?,user_id=? where id=?
2026-04-12T10:16:04.982+07:00 DEBUG 8612 --- [ulos] [nio-8080-exec-6] org.hibernate.SQL                        : select ate1_0.id,ate1_0.created_at,ate1_0.expires_at,ate1_0.issued_at,ate1_0.last_accessed_at,ate1_0.revoked_flag,ate1_0.token_value,ate1_0.updated_at,ate1_0.user_id from los_auth_token ate1_0 where ate1_0.token_value=? and not(ate1_0.revoked_flag)
2026-04-12T10:16:04.983+07:00 DEBUG 8612 --- [ulos] [nio-8080-exec-6] org.hibernate.SQL                        : select ue1_0.id,ue1_0.active_flag,ue1_0.created_at,ue1_0.email,ue1_0.full_name,ue1_0.last_login_at,ue1_0.password_hash,r1_0.user_id,r1_1.id,r1_1.active_flag,r1_1.created_at,r1_1.description,r1_1.role_code,r1_1.role_name,r1_1.updated_at,ue1_0.updated_at,ue1_0.username from los_user ue1_0 left join los_user_role r1_0 on ue1_0.id=r1_0.user_id left join los_role r1_1 on r1_1.id=r1_0.role_id where ue1_0.id=?
2026-04-12T10:16:04.986+07:00 DEBUG 8612 --- [ulos] [nio-8080-exec-6] org.hibernate.SQL                        : update los_auth_token set created_at=?,expires_at=?,issued_at=?,last_accessed_at=?,revoked_flag=?,token_value=?,updated_at=?,user_id=? where id=?
2026-04-12T10:16:04.991+07:00 DEBUG 8612 --- [ulos] [nio-8080-exec-3] o.s.web.servlet.DispatcherServlet        : GET "/api/master/portfolio-lookups?masterType=sub_region&includeInactive=true", parameters={masked}
2026-04-12T10:16:04.992+07:00 DEBUG 8612 --- [ulos] [nio-8080-exec-3] s.w.s.m.m.a.RequestMappingHandlerMapping : Mapped to com.enterprise.ulos.los.controller.MasterDataController#portfolioLookups(String, boolean)
2026-04-12T10:16:04.995+07:00 DEBUG 8612 --- [ulos] [nio-8080-exec-3] org.hibernate.SQL                        : select mple1_0.id,mple1_0.active_flag,mple1_0.created_at,mple1_0.description,mple1_0.extra_json,mple1_0.item_code,mple1_0.item_name,mple1_0.legacy_code,mple1_0.master_type,mple1_0.sort_order,mple1_0.updated_at from los_master_portfolio_lookup mple1_0 where upper(mple1_0.master_type)=upper(?) order by mple1_0.sort_order,mple1_0.item_name
2026-04-12T10:16:04.998+07:00 DEBUG 8612 --- [ulos] [nio-8080-exec-8] o.s.web.servlet.DispatcherServlet        : GET "/api/master/portfolio-lookups?masterType=prospecting_outcome&includeInactive=true", parameters={masked}
2026-04-12T10:16:04.998+07:00 DEBUG 8612 --- [ulos] [nio-8080-exec-8] s.w.s.m.m.a.RequestMappingHandlerMapping : Mapped to com.enterprise.ulos.los.controller.MasterDataController#portfolioLookups(String, boolean)
2026-04-12T10:16:04.999+07:00 DEBUG 8612 --- [ulos] [nio-8080-exec-3] m.m.a.RequestResponseBodyMethodProcessor : Using 'application/json', given [*/*] and supported [application/json, application/*+json]
2026-04-12T10:16:04.999+07:00 DEBUG 8612 --- [ulos] [nio-8080-exec-3] m.m.a.RequestResponseBodyMethodProcessor : Writing [[PortfolioLookupResponse[masterType=sub_region, code=ASEAN, name=ASEAN, legacyCode=ASN, sortOrder=1, (truncated)...]
2026-04-12T10:16:04.999+07:00 DEBUG 8612 --- [ulos] [nio-8080-exec-3] o.s.web.servlet.DispatcherServlet        : Completed 200 OK
2026-04-12T10:16:05.000+07:00 DEBUG 8612 --- [ulos] [nio-8080-exec-8] org.hibernate.SQL                        : select mple1_0.id,mple1_0.active_flag,mple1_0.created_at,mple1_0.description,mple1_0.extra_json,mple1_0.item_code,mple1_0.item_name,mple1_0.legacy_code,mple1_0.master_type,mple1_0.sort_order,mple1_0.updated_at from los_master_portfolio_lookup mple1_0 where upper(mple1_0.master_type)=upper(?) order by mple1_0.sort_order,mple1_0.item_name
2026-04-12T10:16:05.003+07:00 DEBUG 8612 --- [ulos] [nio-8080-exec-8] m.m.a.RequestResponseBodyMethodProcessor : Using 'application/json', given [*/*] and supported [application/json, application/*+json]
2026-04-12T10:16:05.004+07:00 DEBUG 8612 --- [ulos] [nio-8080-exec-8] m.m.a.RequestResponseBodyMethodProcessor : Writing [[PortfolioLookupResponse[masterType=prospecting_outcome, code=INTERESTED, name=Interested, legacyCod (truncated)...]
2026-04-12T10:16:05.004+07:00 DEBUG 8612 --- [ulos] [nio-8080-exec-8] o.s.web.servlet.DispatcherServlet        : Completed 200 OK
2026-04-12T10:16:05.008+07:00 DEBUG 8612 --- [ulos] [nio-8080-exec-6] o.s.web.servlet.DispatcherServlet        : GET "/api/master/portfolio-lookups?masterType=rating_behavior&includeInactive=true", parameters={masked}
2026-04-12T10:16:05.008+07:00 DEBUG 8612 --- [ulos] [nio-8080-exec-6] s.w.s.m.m.a.RequestMappingHandlerMapping : Mapped to com.enterprise.ulos.los.controller.MasterDataController#portfolioLookups(String, boolean)
2026-04-12T10:16:05.010+07:00 DEBUG 8612 --- [ulos] [nio-8080-exec-6] org.hibernate.SQL                        : select mple1_0.id,mple1_0.active_flag,mple1_0.created_at,mple1_0.description,mple1_0.extra_json,mple1_0.item_code,mple1_0.item_name,mple1_0.legacy_code,mple1_0.master_type,mple1_0.sort_order,mple1_0.updated_at from los_master_portfolio_lookup mple1_0 where upper(mple1_0.master_type)=upper(?) order by mple1_0.sort_order,mple1_0.item_name
2026-04-12T10:16:05.013+07:00 DEBUG 8612 --- [ulos] [nio-8080-exec-6] m.m.a.RequestResponseBodyMethodProcessor : Using 'application/json', given [*/*] and supported [application/json, application/*+json]
2026-04-12T10:16:05.013+07:00 DEBUG 8612 --- [ulos] [nio-8080-exec-6] m.m.a.RequestResponseBodyMethodProcessor : Writing [[PortfolioLookupResponse[masterType=rating_behavior, code=IMPROVING, name=Improving, legacyCode=IMP, (truncated)...]
2026-04-12T10:16:05.014+07:00 DEBUG 8612 --- [ulos] [nio-8080-exec-6] o.s.web.servlet.DispatcherServlet        : Completed 200 OK
2026-04-12T10:16:05.033+07:00 DEBUG 8612 --- [ulos] [nio-8080-exec-5] org.hibernate.SQL                        : select ate1_0.id,ate1_0.created_at,ate1_0.expires_at,ate1_0.issued_at,ate1_0.last_accessed_at,ate1_0.revoked_flag,ate1_0.token_value,ate1_0.updated_at,ate1_0.user_id from los_auth_token ate1_0 where ate1_0.token_value=? and not(ate1_0.revoked_flag)
2026-04-12T10:16:05.033+07:00 DEBUG 8612 --- [ulos] [nio-8080-exec-5] org.hibernate.SQL                        : select ue1_0.id,ue1_0.active_flag,ue1_0.created_at,ue1_0.email,ue1_0.full_name,ue1_0.last_login_at,ue1_0.password_hash,r1_0.user_id,r1_1.id,r1_1.active_flag,r1_1.created_at,r1_1.description,r1_1.role_code,r1_1.role_name,r1_1.updated_at,ue1_0.updated_at,ue1_0.username from los_user ue1_0 left join los_user_role r1_0 on ue1_0.id=r1_0.user_id left join los_role r1_1 on r1_1.id=r1_0.role_id where ue1_0.id=?
2026-04-12T10:16:05.033+07:00 DEBUG 8612 --- [ulos] [nio-8080-exec-5] org.hibernate.SQL                        : update los_auth_token set created_at=?,expires_at=?,issued_at=?,last_accessed_at=?,revoked_flag=?,token_value=?,updated_at=?,user_id=? where id=?
2026-04-12T10:16:05.050+07:00 DEBUG 8612 --- [ulos] [nio-8080-exec-9] org.hibernate.SQL                        : select ate1_0.id,ate1_0.created_at,ate1_0.expires_at,ate1_0.issued_at,ate1_0.last_accessed_at,ate1_0.revoked_flag,ate1_0.token_value,ate1_0.updated_at,ate1_0.user_id from los_auth_token ate1_0 where ate1_0.token_value=? and not(ate1_0.revoked_flag)
2026-04-12T10:16:05.050+07:00 DEBUG 8612 --- [ulos] [nio-8080-exec-9] org.hibernate.SQL                        : select ue1_0.id,ue1_0.active_flag,ue1_0.created_at,ue1_0.email,ue1_0.full_name,ue1_0.last_login_at,ue1_0.password_hash,r1_0.user_id,r1_1.id,r1_1.active_flag,r1_1.created_at,r1_1.description,r1_1.role_code,r1_1.role_name,r1_1.updated_at,ue1_0.updated_at,ue1_0.username from los_user ue1_0 left join los_user_role r1_0 on ue1_0.id=r1_0.user_id left join los_role r1_1 on r1_1.id=r1_0.role_id where ue1_0.id=?
2026-04-12T10:16:05.050+07:00 DEBUG 8612 --- [ulos] [nio-8080-exec-9] org.hibernate.SQL                        : update los_auth_token set created_at=?,expires_at=?,issued_at=?,last_accessed_at=?,revoked_flag=?,token_value=?,updated_at=?,user_id=? where id=?
2026-04-12T10:16:05.066+07:00 DEBUG 8612 --- [ulos] [io-8080-exec-10] org.hibernate.SQL                        : select ate1_0.id,ate1_0.created_at,ate1_0.expires_at,ate1_0.issued_at,ate1_0.last_accessed_at,ate1_0.revoked_flag,ate1_0.token_value,ate1_0.updated_at,ate1_0.user_id from los_auth_token ate1_0 where ate1_0.token_value=? and not(ate1_0.revoked_flag)
2026-04-12T10:16:05.066+07:00 DEBUG 8612 --- [ulos] [io-8080-exec-10] org.hibernate.SQL                        : select ue1_0.id,ue1_0.active_flag,ue1_0.created_at,ue1_0.email,ue1_0.full_name,ue1_0.last_login_at,ue1_0.password_hash,r1_0.user_id,r1_1.id,r1_1.active_flag,r1_1.created_at,r1_1.description,r1_1.role_code,r1_1.role_name,r1_1.updated_at,ue1_0.updated_at,ue1_0.username from los_user ue1_0 left join los_user_role r1_0 on ue1_0.id=r1_0.user_id left join los_role r1_1 on r1_1.id=r1_0.role_id where ue1_0.id=?
2026-04-12T10:16:05.066+07:00 DEBUG 8612 --- [ulos] [io-8080-exec-10] org.hibernate.SQL                        : update los_auth_token set created_at=?,expires_at=?,issued_at=?,last_accessed_at=?,revoked_flag=?,token_value=?,updated_at=?,user_id=? where id=?
2026-04-12T10:16:05.083+07:00 DEBUG 8612 --- [ulos] [nio-8080-exec-2] org.hibernate.SQL                        : select ate1_0.id,ate1_0.created_at,ate1_0.expires_at,ate1_0.issued_at,ate1_0.last_accessed_at,ate1_0.revoked_flag,ate1_0.token_value,ate1_0.updated_at,ate1_0.user_id from los_auth_token ate1_0 where ate1_0.token_value=? and not(ate1_0.revoked_flag)
2026-04-12T10:16:05.083+07:00 DEBUG 8612 --- [ulos] [nio-8080-exec-2] org.hibernate.SQL                        : select ue1_0.id,ue1_0.active_flag,ue1_0.created_at,ue1_0.email,ue1_0.full_name,ue1_0.last_login_at,ue1_0.password_hash,r1_0.user_id,r1_1.id,r1_1.active_flag,r1_1.created_at,r1_1.description,r1_1.role_code,r1_1.role_name,r1_1.updated_at,ue1_0.updated_at,ue1_0.username from los_user ue1_0 left join los_user_role r1_0 on ue1_0.id=r1_0.user_id left join los_role r1_1 on r1_1.id=r1_0.role_id where ue1_0.id=?
2026-04-12T10:16:05.083+07:00 DEBUG 8612 --- [ulos] [nio-8080-exec-2] org.hibernate.SQL                        : update los_auth_token set created_at=?,expires_at=?,issued_at=?,last_accessed_at=?,revoked_flag=?,token_value=?,updated_at=?,user_id=? where id=?
2026-04-12T10:16:05.117+07:00 DEBUG 8612 --- [ulos] [nio-8080-exec-1] org.hibernate.SQL                        : select ate1_0.id,ate1_0.created_at,ate1_0.expires_at,ate1_0.issued_at,ate1_0.last_accessed_at,ate1_0.revoked_flag,ate1_0.token_value,ate1_0.updated_at,ate1_0.user_id from los_auth_token ate1_0 where ate1_0.token_value=? and not(ate1_0.revoked_flag)
2026-04-12T10:16:05.119+07:00 DEBUG 8612 --- [ulos] [nio-8080-exec-1] org.hibernate.SQL                        : select ue1_0.id,ue1_0.active_flag,ue1_0.created_at,ue1_0.email,ue1_0.full_name,ue1_0.last_login_at,ue1_0.password_hash,r1_0.user_id,r1_1.id,r1_1.active_flag,r1_1.created_at,r1_1.description,r1_1.role_code,r1_1.role_name,r1_1.updated_at,ue1_0.updated_at,ue1_0.username from los_user ue1_0 left join los_user_role r1_0 on ue1_0.id=r1_0.user_id left join los_role r1_1 on r1_1.id=r1_0.role_id where ue1_0.id=?
2026-04-12T10:16:05.121+07:00 DEBUG 8612 --- [ulos] [nio-8080-exec-1] org.hibernate.SQL                        : update los_auth_token set created_at=?,expires_at=?,issued_at=?,last_accessed_at=?,revoked_flag=?,token_value=?,updated_at=?,user_id=? where id=?
2026-04-12T10:16:05.125+07:00 DEBUG 8612 --- [ulos] [nio-8080-exec-5] o.s.web.servlet.DispatcherServlet        : GET "/api/master/portfolio-lookups?masterType=continent&includeInactive=true", parameters={masked}
2026-04-12T10:16:05.126+07:00 DEBUG 8612 --- [ulos] [nio-8080-exec-5] s.w.s.m.m.a.RequestMappingHandlerMapping : Mapped to com.enterprise.ulos.los.controller.MasterDataController#portfolioLookups(String, boolean)
2026-04-12T10:16:05.126+07:00 DEBUG 8612 --- [ulos] [nio-8080-exec-4] org.hibernate.SQL                        : select ate1_0.id,ate1_0.created_at,ate1_0.expires_at,ate1_0.issued_at,ate1_0.last_accessed_at,ate1_0.revoked_flag,ate1_0.token_value,ate1_0.updated_at,ate1_0.user_id from los_auth_token ate1_0 where ate1_0.token_value=? and not(ate1_0.revoked_flag)
2026-04-12T10:16:05.128+07:00 DEBUG 8612 --- [ulos] [nio-8080-exec-5] org.hibernate.SQL                        : select mple1_0.id,mple1_0.active_flag,mple1_0.created_at,mple1_0.description,mple1_0.extra_json,mple1_0.item_code,mple1_0.item_name,mple1_0.legacy_code,mple1_0.master_type,mple1_0.sort_order,mple1_0.updated_at from los_master_portfolio_lookup mple1_0 where upper(mple1_0.master_type)=upper(?) order by mple1_0.sort_order,mple1_0.item_name
2026-04-12T10:16:05.128+07:00 DEBUG 8612 --- [ulos] [nio-8080-exec-4] org.hibernate.SQL                        : select ue1_0.id,ue1_0.active_flag,ue1_0.created_at,ue1_0.email,ue1_0.full_name,ue1_0.last_login_at,ue1_0.password_hash,r1_0.user_id,r1_1.id,r1_1.active_flag,r1_1.created_at,r1_1.description,r1_1.role_code,r1_1.role_name,r1_1.updated_at,ue1_0.updated_at,ue1_0.username from los_user ue1_0 left join los_user_role r1_0 on ue1_0.id=r1_0.user_id left join los_role r1_1 on r1_1.id=r1_0.role_id where ue1_0.id=?
2026-04-12T10:16:05.129+07:00 DEBUG 8612 --- [ulos] [nio-8080-exec-4] org.hibernate.SQL                        : update los_auth_token set created_at=?,expires_at=?,issued_at=?,last_accessed_at=?,revoked_flag=?,token_value=?,updated_at=?,user_id=? where id=?
2026-04-12T10:16:05.130+07:00 DEBUG 8612 --- [ulos] [nio-8080-exec-5] m.m.a.RequestResponseBodyMethodProcessor : Using 'application/json', given [*/*] and supported [application/json, application/*+json]
2026-04-12T10:16:05.131+07:00 DEBUG 8612 --- [ulos] [nio-8080-exec-5] m.m.a.RequestResponseBodyMethodProcessor : Writing [[PortfolioLookupResponse[masterType=continent, code=ASIA, name=Asia, legacyCode=AS, sortOrder=1, act (truncated)...]
2026-04-12T10:16:05.132+07:00 DEBUG 8612 --- [ulos] [nio-8080-exec-5] o.s.web.servlet.DispatcherServlet        : Completed 200 OK
2026-04-12T10:16:05.143+07:00 DEBUG 8612 --- [ulos] [nio-8080-exec-9] o.s.web.servlet.DispatcherServlet        : GET "/api/master/portfolio-lookups?masterType=address_type&includeInactive=true", parameters={masked}
2026-04-12T10:16:05.143+07:00 DEBUG 8612 --- [ulos] [nio-8080-exec-9] s.w.s.m.m.a.RequestMappingHandlerMapping : Mapped to com.enterprise.ulos.los.controller.MasterDataController#portfolioLookups(String, boolean)
2026-04-12T10:16:05.145+07:00 DEBUG 8612 --- [ulos] [nio-8080-exec-9] org.hibernate.SQL                        : select mple1_0.id,mple1_0.active_flag,mple1_0.created_at,mple1_0.description,mple1_0.extra_json,mple1_0.item_code,mple1_0.item_name,mple1_0.legacy_code,mple1_0.master_type,mple1_0.sort_order,mple1_0.updated_at from los_master_portfolio_lookup mple1_0 where upper(mple1_0.master_type)=upper(?) order by mple1_0.sort_order,mple1_0.item_name
2026-04-12T10:16:05.150+07:00 DEBUG 8612 --- [ulos] [nio-8080-exec-9] m.m.a.RequestResponseBodyMethodProcessor : Using 'application/json', given [*/*] and supported [application/json, application/*+json]
2026-04-12T10:16:05.150+07:00 DEBUG 8612 --- [ulos] [nio-8080-exec-9] m.m.a.RequestResponseBodyMethodProcessor : Writing [[PortfolioLookupResponse[masterType=address_type, code=BUSINESS_ADDRESS, name=Business Address, lega (truncated)...]
2026-04-12T10:16:05.151+07:00 DEBUG 8612 --- [ulos] [io-8080-exec-10] o.s.web.servlet.DispatcherServlet        : GET "/api/master/portfolio-lookups?masterType=district&includeInactive=true", parameters={masked}
2026-04-12T10:16:05.151+07:00 DEBUG 8612 --- [ulos] [nio-8080-exec-9] o.s.web.servlet.DispatcherServlet        : Completed 200 OK
2026-04-12T10:16:05.151+07:00 DEBUG 8612 --- [ulos] [io-8080-exec-10] s.w.s.m.m.a.RequestMappingHandlerMapping : Mapped to com.enterprise.ulos.los.controller.MasterDataController#portfolioLookups(String, boolean)
2026-04-12T10:16:05.153+07:00 DEBUG 8612 --- [ulos] [io-8080-exec-10] org.hibernate.SQL                        : select mple1_0.id,mple1_0.active_flag,mple1_0.created_at,mple1_0.description,mple1_0.extra_json,mple1_0.item_code,mple1_0.item_name,mple1_0.legacy_code,mple1_0.master_type,mple1_0.sort_order,mple1_0.updated_at from los_master_portfolio_lookup mple1_0 where upper(mple1_0.master_type)=upper(?) order by mple1_0.sort_order,mple1_0.item_name
2026-04-12T10:16:05.156+07:00 DEBUG 8612 --- [ulos] [io-8080-exec-10] m.m.a.RequestResponseBodyMethodProcessor : Using 'application/json', given [*/*] and supported [application/json, application/*+json]
2026-04-12T10:16:05.156+07:00 DEBUG 8612 --- [ulos] [io-8080-exec-10] m.m.a.RequestResponseBodyMethodProcessor : Writing [[PortfolioLookupResponse[masterType=district, code=MENTENG, name=Menteng, legacyCode=MTG, sortOrder= (truncated)...]
2026-04-12T10:16:05.157+07:00 DEBUG 8612 --- [ulos] [io-8080-exec-10] o.s.web.servlet.DispatcherServlet        : Completed 200 OK
2026-04-12T10:16:05.163+07:00 DEBUG 8612 --- [ulos] [nio-8080-exec-7] org.hibernate.SQL                        : select ate1_0.id,ate1_0.created_at,ate1_0.expires_at,ate1_0.issued_at,ate1_0.last_accessed_at,ate1_0.revoked_flag,ate1_0.token_value,ate1_0.updated_at,ate1_0.user_id from los_auth_token ate1_0 where ate1_0.token_value=? and not(ate1_0.revoked_flag)
2026-04-12T10:16:05.164+07:00 DEBUG 8612 --- [ulos] [nio-8080-exec-7] org.hibernate.SQL                        : select ue1_0.id,ue1_0.active_flag,ue1_0.created_at,ue1_0.email,ue1_0.full_name,ue1_0.last_login_at,ue1_0.password_hash,r1_0.user_id,r1_1.id,r1_1.active_flag,r1_1.created_at,r1_1.description,r1_1.role_code,r1_1.role_name,r1_1.updated_at,ue1_0.updated_at,ue1_0.username from los_user ue1_0 left join los_user_role r1_0 on ue1_0.id=r1_0.user_id left join los_role r1_1 on r1_1.id=r1_0.role_id where ue1_0.id=?
2026-04-12T10:16:05.165+07:00 DEBUG 8612 --- [ulos] [nio-8080-exec-2] o.s.web.servlet.DispatcherServlet        : GET "/api/master/portfolio-lookups?masterType=village&includeInactive=true", parameters={masked}
2026-04-12T10:16:05.165+07:00 DEBUG 8612 --- [ulos] [nio-8080-exec-2] s.w.s.m.m.a.RequestMappingHandlerMapping : Mapped to com.enterprise.ulos.los.controller.MasterDataController#portfolioLookups(String, boolean)
2026-04-12T10:16:05.165+07:00 DEBUG 8612 --- [ulos] [nio-8080-exec-7] org.hibernate.SQL                        : update los_auth_token set created_at=?,expires_at=?,issued_at=?,last_accessed_at=?,revoked_flag=?,token_value=?,updated_at=?,user_id=? where id=?
2026-04-12T10:16:05.165+07:00 DEBUG 8612 --- [ulos] [nio-8080-exec-2] org.hibernate.SQL                        : select mple1_0.id,mple1_0.active_flag,mple1_0.created_at,mple1_0.description,mple1_0.extra_json,mple1_0.item_code,mple1_0.item_name,mple1_0.legacy_code,mple1_0.master_type,mple1_0.sort_order,mple1_0.updated_at from los_master_portfolio_lookup mple1_0 where upper(mple1_0.master_type)=upper(?) order by mple1_0.sort_order,mple1_0.item_name
2026-04-12T10:16:05.165+07:00 DEBUG 8612 --- [ulos] [nio-8080-exec-2] m.m.a.RequestResponseBodyMethodProcessor : Using 'application/json', given [*/*] and supported [application/json, application/*+json]
2026-04-12T10:16:05.165+07:00 DEBUG 8612 --- [ulos] [nio-8080-exec-2] m.m.a.RequestResponseBodyMethodProcessor : Writing [[PortfolioLookupResponse[masterType=village, code=KEBON_SIRIH, name=Kebon Sirih, legacyCode=KBS, sor (truncated)...]
2026-04-12T10:16:05.165+07:00 DEBUG 8612 --- [ulos] [nio-8080-exec-2] o.s.web.servlet.DispatcherServlet        : Completed 200 OK
2026-04-12T10:16:05.165+07:00 DEBUG 8612 --- [ulos] [nio-8080-exec-1] o.s.web.servlet.DispatcherServlet        : GET "/api/master/portfolio-lookups?masterType=province&includeInactive=true", parameters={masked}
2026-04-12T10:16:05.165+07:00 DEBUG 8612 --- [ulos] [nio-8080-exec-1] s.w.s.m.m.a.RequestMappingHandlerMapping : Mapped to com.enterprise.ulos.los.controller.MasterDataController#portfolioLookups(String, boolean)
2026-04-12T10:16:05.165+07:00 DEBUG 8612 --- [ulos] [nio-8080-exec-1] org.hibernate.SQL                        : select mple1_0.id,mple1_0.active_flag,mple1_0.created_at,mple1_0.description,mple1_0.extra_json,mple1_0.item_code,mple1_0.item_name,mple1_0.legacy_code,mple1_0.master_type,mple1_0.sort_order,mple1_0.updated_at from los_master_portfolio_lookup mple1_0 where upper(mple1_0.master_type)=upper(?) order by mple1_0.sort_order,mple1_0.item_name
2026-04-12T10:16:05.181+07:00 DEBUG 8612 --- [ulos] [nio-8080-exec-1] m.m.a.RequestResponseBodyMethodProcessor : Using 'application/json', given [*/*] and supported [application/json, application/*+json]
2026-04-12T10:16:05.181+07:00 DEBUG 8612 --- [ulos] [nio-8080-exec-1] m.m.a.RequestResponseBodyMethodProcessor : Writing [[PortfolioLookupResponse[masterType=province, code=DKI_JAKARTA, name=DKI Jakarta, legacyCode=JKT, so (truncated)...]
2026-04-12T10:16:05.181+07:00 DEBUG 8612 --- [ulos] [nio-8080-exec-1] o.s.web.servlet.DispatcherServlet        : Completed 200 OK
2026-04-12T10:16:05.181+07:00 DEBUG 8612 --- [ulos] [nio-8080-exec-4] o.s.web.servlet.DispatcherServlet        : GET "/api/master/portfolio-lookups?masterType=city&includeInactive=true", parameters={masked}
2026-04-12T10:16:05.181+07:00 DEBUG 8612 --- [ulos] [nio-8080-exec-4] s.w.s.m.m.a.RequestMappingHandlerMapping : Mapped to com.enterprise.ulos.los.controller.MasterDataController#portfolioLookups(String, boolean)
2026-04-12T10:16:05.181+07:00 DEBUG 8612 --- [ulos] [nio-8080-exec-4] org.hibernate.SQL                        : select mple1_0.id,mple1_0.active_flag,mple1_0.created_at,mple1_0.description,mple1_0.extra_json,mple1_0.item_code,mple1_0.item_name,mple1_0.legacy_code,mple1_0.master_type,mple1_0.sort_order,mple1_0.updated_at from los_master_portfolio_lookup mple1_0 where upper(mple1_0.master_type)=upper(?) order by mple1_0.sort_order,mple1_0.item_name
2026-04-12T10:16:05.197+07:00 DEBUG 8612 --- [ulos] [nio-8080-exec-4] m.m.a.RequestResponseBodyMethodProcessor : Using 'application/json', given [*/*] and supported [application/json, application/*+json]
2026-04-12T10:16:05.197+07:00 DEBUG 8612 --- [ulos] [nio-8080-exec-4] m.m.a.RequestResponseBodyMethodProcessor : Writing [[PortfolioLookupResponse[masterType=city, code=JAKARTA_PUSAT, name=Jakarta Pusat, legacyCode=JKP, so (truncated)...]
2026-04-12T10:16:05.197+07:00 DEBUG 8612 --- [ulos] [nio-8080-exec-4] o.s.web.servlet.DispatcherServlet        : Completed 200 OK
2026-04-12T10:16:05.197+07:00 DEBUG 8612 --- [ulos] [nio-8080-exec-7] o.s.web.servlet.DispatcherServlet        : GET "/api/master/portfolio-lookups?masterType=premise_type&includeInactive=true", parameters={masked}
2026-04-12T10:16:05.197+07:00 DEBUG 8612 --- [ulos] [nio-8080-exec-7] s.w.s.m.m.a.RequestMappingHandlerMapping : Mapped to com.enterprise.ulos.los.controller.MasterDataController#portfolioLookups(String, boolean)
2026-04-12T10:16:05.197+07:00 DEBUG 8612 --- [ulos] [nio-8080-exec-7] org.hibernate.SQL                        : select mple1_0.id,mple1_0.active_flag,mple1_0.created_at,mple1_0.description,mple1_0.extra_json,mple1_0.item_code,mple1_0.item_name,mple1_0.legacy_code,mple1_0.master_type,mple1_0.sort_order,mple1_0.updated_at from los_master_portfolio_lookup mple1_0 where upper(mple1_0.master_type)=upper(?) order by mple1_0.sort_order,mple1_0.item_name
2026-04-12T10:16:05.197+07:00 DEBUG 8612 --- [ulos] [nio-8080-exec-7] m.m.a.RequestResponseBodyMethodProcessor : Using 'application/json', given [*/*] and supported [application/json, application/*+json]
2026-04-12T10:16:05.197+07:00 DEBUG 8612 --- [ulos] [nio-8080-exec-7] m.m.a.RequestResponseBodyMethodProcessor : Writing [[PortfolioLookupResponse[masterType=premise_type, code=OWNED, name=Owned, legacyCode=OWN, sortOrder= (truncated)...]
2026-04-12T10:16:05.197+07:00 DEBUG 8612 --- [ulos] [nio-8080-exec-7] o.s.web.servlet.DispatcherServlet        : Completed 200 OK
2026-04-12T10:16:05.197+07:00 DEBUG 8612 --- [ulos] [nio-8080-exec-3] org.hibernate.SQL                        : select ate1_0.id,ate1_0.created_at,ate1_0.expires_at,ate1_0.issued_at,ate1_0.last_accessed_at,ate1_0.revoked_flag,ate1_0.token_value,ate1_0.updated_at,ate1_0.user_id from los_auth_token ate1_0 where ate1_0.token_value=? and not(ate1_0.revoked_flag)
2026-04-12T10:16:05.212+07:00 DEBUG 8612 --- [ulos] [nio-8080-exec-3] org.hibernate.SQL                        : select ue1_0.id,ue1_0.active_flag,ue1_0.created_at,ue1_0.email,ue1_0.full_name,ue1_0.last_login_at,ue1_0.password_hash,r1_0.user_id,r1_1.id,r1_1.active_flag,r1_1.created_at,r1_1.description,r1_1.role_code,r1_1.role_name,r1_1.updated_at,ue1_0.updated_at,ue1_0.username from los_user ue1_0 left join los_user_role r1_0 on ue1_0.id=r1_0.user_id left join los_role r1_1 on r1_1.id=r1_0.role_id where ue1_0.id=?
2026-04-12T10:16:05.212+07:00 DEBUG 8612 --- [ulos] [nio-8080-exec-3] org.hibernate.SQL                        : update los_auth_token set created_at=?,expires_at=?,issued_at=?,last_accessed_at=?,revoked_flag=?,token_value=?,updated_at=?,user_id=? where id=?
2026-04-12T10:16:05.212+07:00 DEBUG 8612 --- [ulos] [nio-8080-exec-6] org.hibernate.SQL                        : select ate1_0.id,ate1_0.created_at,ate1_0.expires_at,ate1_0.issued_at,ate1_0.last_accessed_at,ate1_0.revoked_flag,ate1_0.token_value,ate1_0.updated_at,ate1_0.user_id from los_auth_token ate1_0 where ate1_0.token_value=? and not(ate1_0.revoked_flag)
2026-04-12T10:16:05.212+07:00 DEBUG 8612 --- [ulos] [nio-8080-exec-6] org.hibernate.SQL                        : select ue1_0.id,ue1_0.active_flag,ue1_0.created_at,ue1_0.email,ue1_0.full_name,ue1_0.last_login_at,ue1_0.password_hash,r1_0.user_id,r1_1.id,r1_1.active_flag,r1_1.created_at,r1_1.description,r1_1.role_code,r1_1.role_name,r1_1.updated_at,ue1_0.updated_at,ue1_0.username from los_user ue1_0 left join los_user_role r1_0 on ue1_0.id=r1_0.user_id left join los_role r1_1 on r1_1.id=r1_0.role_id where ue1_0.id=?
2026-04-12T10:16:05.212+07:00 DEBUG 8612 --- [ulos] [nio-8080-exec-6] org.hibernate.SQL                        : update los_auth_token set created_at=?,expires_at=?,issued_at=?,last_accessed_at=?,revoked_flag=?,token_value=?,updated_at=?,user_id=? where id=?
2026-04-12T10:16:05.212+07:00 DEBUG 8612 --- [ulos] [nio-8080-exec-8] org.hibernate.SQL                        : select ate1_0.id,ate1_0.created_at,ate1_0.expires_at,ate1_0.issued_at,ate1_0.last_accessed_at,ate1_0.revoked_flag,ate1_0.token_value,ate1_0.updated_at,ate1_0.user_id from los_auth_token ate1_0 where ate1_0.token_value=? and not(ate1_0.revoked_flag)
2026-04-12T10:16:05.228+07:00 DEBUG 8612 --- [ulos] [nio-8080-exec-8] org.hibernate.SQL                        : select ue1_0.id,ue1_0.active_flag,ue1_0.created_at,ue1_0.email,ue1_0.full_name,ue1_0.last_login_at,ue1_0.password_hash,r1_0.user_id,r1_1.id,r1_1.active_flag,r1_1.created_at,r1_1.description,r1_1.role_code,r1_1.role_name,r1_1.updated_at,ue1_0.updated_at,ue1_0.username from los_user ue1_0 left join los_user_role r1_0 on ue1_0.id=r1_0.user_id left join los_role r1_1 on r1_1.id=r1_0.role_id where ue1_0.id=?
2026-04-12T10:16:05.228+07:00 DEBUG 8612 --- [ulos] [nio-8080-exec-8] org.hibernate.SQL                        : update los_auth_token set created_at=?,expires_at=?,issued_at=?,last_accessed_at=?,revoked_flag=?,token_value=?,updated_at=?,user_id=? where id=?
2026-04-12T10:16:05.233+07:00 DEBUG 8612 --- [ulos] [nio-8080-exec-3] o.s.web.servlet.DispatcherServlet        : GET "/api/master/portfolio-lookups?masterType=salutation&includeInactive=true", parameters={masked}
2026-04-12T10:16:05.233+07:00 DEBUG 8612 --- [ulos] [nio-8080-exec-3] s.w.s.m.m.a.RequestMappingHandlerMapping : Mapped to com.enterprise.ulos.los.controller.MasterDataController#portfolioLookups(String, boolean)
2026-04-12T10:16:05.233+07:00 DEBUG 8612 --- [ulos] [nio-8080-exec-6] o.s.web.servlet.DispatcherServlet        : GET "/api/customers/DEB-9920-X1", parameters={}
2026-04-12T10:16:05.233+07:00 DEBUG 8612 --- [ulos] [nio-8080-exec-6] s.w.s.m.m.a.RequestMappingHandlerMapping : Mapped to com.enterprise.ulos.los.controller.CustomerPortfolioController#get(String)
2026-04-12T10:16:05.235+07:00 DEBUG 8612 --- [ulos] [nio-8080-exec-3] org.hibernate.SQL                        : select mple1_0.id,mple1_0.active_flag,mple1_0.created_at,mple1_0.description,mple1_0.extra_json,mple1_0.item_code,mple1_0.item_name,mple1_0.legacy_code,mple1_0.master_type,mple1_0.sort_order,mple1_0.updated_at from los_master_portfolio_lookup mple1_0 where upper(mple1_0.master_type)=upper(?) order by mple1_0.sort_order,mple1_0.item_name
2026-04-12T10:16:05.235+07:00 DEBUG 8612 --- [ulos] [nio-8080-exec-6] org.hibernate.SQL                        : select ate1_0.id,ate1_0.created_at,ate1_0.expires_at,ate1_0.issued_at,ate1_0.last_accessed_at,ate1_0.revoked_flag,ate1_0.token_value,ate1_0.updated_at,ate1_0.user_id from los_auth_token ate1_0 where ate1_0.token_value=? and not(ate1_0.revoked_flag)
2026-04-12T10:16:05.240+07:00 DEBUG 8612 --- [ulos] [nio-8080-exec-3] m.m.a.RequestResponseBodyMethodProcessor : Using 'application/json', given [*/*] and supported [application/json, application/*+json]
2026-04-12T10:16:05.240+07:00 DEBUG 8612 --- [ulos] [nio-8080-exec-6] org.hibernate.SQL                        : select ue1_0.id,ue1_0.active_flag,ue1_0.created_at,ue1_0.email,ue1_0.full_name,ue1_0.last_login_at,ue1_0.password_hash,r1_0.user_id,r1_1.id,r1_1.active_flag,r1_1.created_at,r1_1.description,r1_1.role_code,r1_1.role_name,r1_1.updated_at,ue1_0.updated_at,ue1_0.username from los_user ue1_0 left join los_user_role r1_0 on ue1_0.id=r1_0.user_id left join los_role r1_1 on r1_1.id=r1_0.role_id where ue1_0.id=?
2026-04-12T10:16:05.241+07:00 DEBUG 8612 --- [ulos] [nio-8080-exec-3] m.m.a.RequestResponseBodyMethodProcessor : Writing [[PortfolioLookupResponse[masterType=salutation, code=MR, name=Mr., legacyCode=MR, sortOrder=1, activ (truncated)...]
2026-04-12T10:16:05.242+07:00 DEBUG 8612 --- [ulos] [nio-8080-exec-8] o.s.web.servlet.DispatcherServlet        : GET "/api/master/portfolio-lookups?masterType=editor_upload_policy&includeInactive=true", parameters={masked}
2026-04-12T10:16:05.242+07:00 DEBUG 8612 --- [ulos] [nio-8080-exec-8] s.w.s.m.m.a.RequestMappingHandlerMapping : Mapped to com.enterprise.ulos.los.controller.MasterDataController#portfolioLookups(String, boolean)
2026-04-12T10:16:05.242+07:00 DEBUG 8612 --- [ulos] [nio-8080-exec-3] o.s.web.servlet.DispatcherServlet        : Completed 200 OK
2026-04-12T10:16:05.244+07:00 DEBUG 8612 --- [ulos] [nio-8080-exec-8] org.hibernate.SQL                        : select mple1_0.id,mple1_0.active_flag,mple1_0.created_at,mple1_0.description,mple1_0.extra_json,mple1_0.item_code,mple1_0.item_name,mple1_0.legacy_code,mple1_0.master_type,mple1_0.sort_order,mple1_0.updated_at from los_master_portfolio_lookup mple1_0 where upper(mple1_0.master_type)=upper(?) order by mple1_0.sort_order,mple1_0.item_name
2026-04-12T10:16:05.248+07:00 DEBUG 8612 --- [ulos] [nio-8080-exec-8] m.m.a.RequestResponseBodyMethodProcessor : Using 'application/json', given [*/*] and supported [application/json, application/*+json]
2026-04-12T10:16:05.249+07:00 DEBUG 8612 --- [ulos] [nio-8080-exec-8] m.m.a.RequestResponseBodyMethodProcessor : Writing [[PortfolioLookupResponse[masterType=editor_upload_policy, code=EXT_PNG, name=png, legacyCode=PNG, so (truncated)...]
2026-04-12T10:16:05.249+07:00 DEBUG 8612 --- [ulos] [nio-8080-exec-8] o.s.web.servlet.DispatcherServlet        : Completed 200 OK
2026-04-12T10:16:05.254+07:00 DEBUG 8612 --- [ulos] [nio-8080-exec-6] org.hibernate.SQL                        : update los_auth_token set created_at=?,expires_at=?,issued_at=?,last_accessed_at=?,revoked_flag=?,token_value=?,updated_at=?,user_id=? where id=?
2026-04-12T10:16:05.265+07:00 DEBUG 8612 --- [ulos] [nio-8080-exec-6] org.hibernate.SQL                        : select ce1_0.id,ce1_0.cif_number,ce1_0.company_name,ce1_0.company_type,ce1_0.created_at,ce1_0.legal_name,ce1_0.location,ce1_0.profile_json,ce1_0.registration_date,ce1_0.sector,ce1_0.status,ce1_0.tax_id,ce1_0.updated_at from los_customer ce1_0 where ce1_0.cif_number=?
2026-04-12T10:16:05.267+07:00 DEBUG 8612 --- [ulos] [nio-8080-exec-6] m.m.a.RequestResponseBodyMethodProcessor : Using 'application/json', given [*/*] and supported [application/json, application/*+json]
2026-04-12T10:16:05.267+07:00 DEBUG 8612 --- [ulos] [nio-8080-exec-6] m.m.a.RequestResponseBodyMethodProcessor : Writing [CustomerDetailResponse[id=1, cifNumber=DEB-9920-X1, companyName=Global Logistics Systems Corp., lega (truncated)...]
2026-04-12T10:16:05.269+07:00 DEBUG 8612 --- [ulos] [nio-8080-exec-6] o.s.web.servlet.DispatcherServlet        : Completed 200 OK
2026-04-12T10:16:05.277+07:00 DEBUG 8612 --- [ulos] [nio-8080-exec-5] org.hibernate.SQL                        : select ate1_0.id,ate1_0.created_at,ate1_0.expires_at,ate1_0.issued_at,ate1_0.last_accessed_at,ate1_0.revoked_flag,ate1_0.token_value,ate1_0.updated_at,ate1_0.user_id from los_auth_token ate1_0 where ate1_0.token_value=? and not(ate1_0.revoked_flag)
2026-04-12T10:16:05.279+07:00 DEBUG 8612 --- [ulos] [nio-8080-exec-5] org.hibernate.SQL                        : select ue1_0.id,ue1_0.active_flag,ue1_0.created_at,ue1_0.email,ue1_0.full_name,ue1_0.last_login_at,ue1_0.password_hash,r1_0.user_id,r1_1.id,r1_1.active_flag,r1_1.created_at,r1_1.description,r1_1.role_code,r1_1.role_name,r1_1.updated_at,ue1_0.updated_at,ue1_0.username from los_user ue1_0 left join los_user_role r1_0 on ue1_0.id=r1_0.user_id left join los_role r1_1 on r1_1.id=r1_0.role_id where ue1_0.id=?
2026-04-12T10:16:05.282+07:00 DEBUG 8612 --- [ulos] [nio-8080-exec-5] org.hibernate.SQL                        : update los_auth_token set created_at=?,expires_at=?,issued_at=?,last_accessed_at=?,revoked_flag=?,token_value=?,updated_at=?,user_id=? where id=?
2026-04-12T10:16:05.290+07:00 DEBUG 8612 --- [ulos] [nio-8080-exec-5] o.s.web.servlet.DispatcherServlet        : GET "/api/customers/DEB-9920-X1", parameters={}
2026-04-12T10:16:05.291+07:00 DEBUG 8612 --- [ulos] [nio-8080-exec-5] s.w.s.m.m.a.RequestMappingHandlerMapping : Mapped to com.enterprise.ulos.los.controller.CustomerPortfolioController#get(String)
2026-04-12T10:16:05.293+07:00 DEBUG 8612 --- [ulos] [nio-8080-exec-5] org.hibernate.SQL                        : select ate1_0.id,ate1_0.created_at,ate1_0.expires_at,ate1_0.issued_at,ate1_0.last_accessed_at,ate1_0.revoked_flag,ate1_0.token_value,ate1_0.updated_at,ate1_0.user_id from los_auth_token ate1_0 where ate1_0.token_value=? and not(ate1_0.revoked_flag)
2026-04-12T10:16:05.295+07:00 DEBUG 8612 --- [ulos] [nio-8080-exec-5] org.hibernate.SQL                        : select ue1_0.id,ue1_0.active_flag,ue1_0.created_at,ue1_0.email,ue1_0.full_name,ue1_0.last_login_at,ue1_0.password_hash,r1_0.user_id,r1_1.id,r1_1.active_flag,r1_1.created_at,r1_1.description,r1_1.role_code,r1_1.role_name,r1_1.updated_at,ue1_0.updated_at,ue1_0.username from los_user ue1_0 left join los_user_role r1_0 on ue1_0.id=r1_0.user_id left join los_role r1_1 on r1_1.id=r1_0.role_id where ue1_0.id=?
2026-04-12T10:16:05.297+07:00 DEBUG 8612 --- [ulos] [nio-8080-exec-5] org.hibernate.SQL                        : update los_auth_token set created_at=?,expires_at=?,issued_at=?,last_accessed_at=?,revoked_flag=?,token_value=?,updated_at=?,user_id=? where id=?
2026-04-12T10:16:05.309+07:00 DEBUG 8612 --- [ulos] [nio-8080-exec-5] org.hibernate.SQL                        : select ce1_0.id,ce1_0.cif_number,ce1_0.company_name,ce1_0.company_type,ce1_0.created_at,ce1_0.legal_name,ce1_0.location,ce1_0.profile_json,ce1_0.registration_date,ce1_0.sector,ce1_0.status,ce1_0.tax_id,ce1_0.updated_at from los_customer ce1_0 where ce1_0.cif_number=?
2026-04-12T10:16:05.312+07:00 DEBUG 8612 --- [ulos] [nio-8080-exec-5] m.m.a.RequestResponseBodyMethodProcessor : Using 'application/json', given [*/*] and supported [application/json, application/*+json]
2026-04-12T10:16:05.312+07:00 DEBUG 8612 --- [ulos] [nio-8080-exec-5] m.m.a.RequestResponseBodyMethodProcessor : Writing [CustomerDetailResponse[id=1, cifNumber=DEB-9920-X1, companyName=Global Logistics Systems Corp., lega (truncated)...]
2026-04-12T10:16:05.313+07:00 DEBUG 8612 --- [ulos] [nio-8080-exec-5] o.s.web.servlet.DispatcherServlet        : Completed 200 OK
2026-04-12T10:16:53.578+07:00 DEBUG 8612 --- [ulos] [nio-8080-exec-9] org.hibernate.SQL                        : select ate1_0.id,ate1_0.created_at,ate1_0.expires_at,ate1_0.issued_at,ate1_0.last_accessed_at,ate1_0.revoked_flag,ate1_0.token_value,ate1_0.updated_at,ate1_0.user_id from los_auth_token ate1_0 where ate1_0.token_value=? and not(ate1_0.revoked_flag)
2026-04-12T10:16:53.579+07:00 DEBUG 8612 --- [ulos] [nio-8080-exec-9] org.hibernate.SQL                        : select ue1_0.id,ue1_0.active_flag,ue1_0.created_at,ue1_0.email,ue1_0.full_name,ue1_0.last_login_at,ue1_0.password_hash,r1_0.user_id,r1_1.id,r1_1.active_flag,r1_1.created_at,r1_1.description,r1_1.role_code,r1_1.role_name,r1_1.updated_at,ue1_0.updated_at,ue1_0.username from los_user ue1_0 left join los_user_role r1_0 on ue1_0.id=r1_0.user_id left join los_role r1_1 on r1_1.id=r1_0.role_id where ue1_0.id=?
2026-04-12T10:16:53.582+07:00 DEBUG 8612 --- [ulos] [nio-8080-exec-9] org.hibernate.SQL                        : update los_auth_token set created_at=?,expires_at=?,issued_at=?,last_accessed_at=?,revoked_flag=?,token_value=?,updated_at=?,user_id=? where id=?
2026-04-12T10:16:53.635+07:00 DEBUG 8612 --- [ulos] [nio-8080-exec-9] o.s.web.servlet.DispatcherServlet        : GET "/api/customers/page?page=0&size=20", parameters={masked}
2026-04-12T10:16:53.636+07:00 DEBUG 8612 --- [ulos] [nio-8080-exec-9] s.w.s.m.m.a.RequestMappingHandlerMapping : Mapped to com.enterprise.ulos.los.controller.CustomerPortfolioController#listPage(String, int, int)
2026-04-12T10:16:53.640+07:00 DEBUG 8612 --- [ulos] [nio-8080-exec-9] org.hibernate.SQL                        : select ate1_0.id,ate1_0.created_at,ate1_0.expires_at,ate1_0.issued_at,ate1_0.last_accessed_at,ate1_0.revoked_flag,ate1_0.token_value,ate1_0.updated_at,ate1_0.user_id from los_auth_token ate1_0 where ate1_0.token_value=? and not(ate1_0.revoked_flag)
2026-04-12T10:16:53.641+07:00 DEBUG 8612 --- [ulos] [nio-8080-exec-9] org.hibernate.SQL                        : select ue1_0.id,ue1_0.active_flag,ue1_0.created_at,ue1_0.email,ue1_0.full_name,ue1_0.last_login_at,ue1_0.password_hash,r1_0.user_id,r1_1.id,r1_1.active_flag,r1_1.created_at,r1_1.description,r1_1.role_code,r1_1.role_name,r1_1.updated_at,ue1_0.updated_at,ue1_0.username from los_user ue1_0 left join los_user_role r1_0 on ue1_0.id=r1_0.user_id left join los_role r1_1 on r1_1.id=r1_0.role_id where ue1_0.id=?
2026-04-12T10:16:53.643+07:00 DEBUG 8612 --- [ulos] [nio-8080-exec-9] org.hibernate.SQL                        : update los_auth_token set created_at=?,expires_at=?,issued_at=?,last_accessed_at=?,revoked_flag=?,token_value=?,updated_at=?,user_id=? where id=?
2026-04-12T10:16:53.656+07:00 DEBUG 8612 --- [ulos] [nio-8080-exec-9] org.hibernate.SQL                        : select ce1_0.id,ce1_0.cif_number,ce1_0.company_name,ce1_0.company_type,ce1_0.created_at,ce1_0.legal_name,ce1_0.location,ce1_0.profile_json,ce1_0.registration_date,ce1_0.sector,ce1_0.status,ce1_0.tax_id,ce1_0.updated_at from los_customer ce1_0 where (? is null or ?='' or lower(ce1_0.cif_number) like lower(concat('%',?,'%')) escape '' or lower(ce1_0.company_name) like lower(concat('%',?,'%')) escape '' or lower(coalesce(ce1_0.sector,'')) like lower(concat('%',?,'%')) escape '' or lower(coalesce(ce1_0.location,'')) like lower(concat('%',?,'%')) escape '' or lower(coalesce(ce1_0.status,'')) like lower(concat('%',?,'%')) escape '') order by ce1_0.updated_at desc limit ?
2026-04-12T10:16:53.665+07:00 DEBUG 8612 --- [ulos] [nio-8080-exec-9] m.m.a.RequestResponseBodyMethodProcessor : Using 'application/json', given [*/*] and supported [application/json, application/*+json]
2026-04-12T10:16:53.666+07:00 DEBUG 8612 --- [ulos] [nio-8080-exec-9] m.m.a.RequestResponseBodyMethodProcessor : Writing [CustomerSummaryPageResponse[items=[CustomerSummaryResponse[cifNumber=DEB-9920-X1, companyName=Global (truncated)...]
2026-04-12T10:16:53.667+07:00 DEBUG 8612 --- [ulos] [nio-8080-exec-9] o.s.web.servlet.DispatcherServlet        : Completed 200 OK
2026-04-12T10:16:53.681+07:00 DEBUG 8612 --- [ulos] [io-8080-exec-10] org.hibernate.SQL                        : select ate1_0.id,ate1_0.created_at,ate1_0.expires_at,ate1_0.issued_at,ate1_0.last_accessed_at,ate1_0.revoked_flag,ate1_0.token_value,ate1_0.updated_at,ate1_0.user_id from los_auth_token ate1_0 where ate1_0.token_value=? and not(ate1_0.revoked_flag)
2026-04-12T10:16:53.682+07:00 DEBUG 8612 --- [ulos] [io-8080-exec-10] org.hibernate.SQL                        : select ue1_0.id,ue1_0.active_flag,ue1_0.created_at,ue1_0.email,ue1_0.full_name,ue1_0.last_login_at,ue1_0.password_hash,r1_0.user_id,r1_1.id,r1_1.active_flag,r1_1.created_at,r1_1.description,r1_1.role_code,r1_1.role_name,r1_1.updated_at,ue1_0.updated_at,ue1_0.username from los_user ue1_0 left join los_user_role r1_0 on ue1_0.id=r1_0.user_id left join los_role r1_1 on r1_1.id=r1_0.role_id where ue1_0.id=?
2026-04-12T10:16:53.686+07:00 DEBUG 8612 --- [ulos] [io-8080-exec-10] org.hibernate.SQL                        : update los_auth_token set created_at=?,expires_at=?,issued_at=?,last_accessed_at=?,revoked_flag=?,token_value=?,updated_at=?,user_id=? where id=?
2026-04-12T10:16:53.698+07:00 DEBUG 8612 --- [ulos] [io-8080-exec-10] o.s.web.servlet.DispatcherServlet        : GET "/api/customers/page?page=0&size=20", parameters={masked}
2026-04-12T10:16:53.699+07:00 DEBUG 8612 --- [ulos] [io-8080-exec-10] s.w.s.m.m.a.RequestMappingHandlerMapping : Mapped to com.enterprise.ulos.los.controller.CustomerPortfolioController#listPage(String, int, int)
2026-04-12T10:16:53.700+07:00 DEBUG 8612 --- [ulos] [io-8080-exec-10] org.hibernate.SQL                        : select ate1_0.id,ate1_0.created_at,ate1_0.expires_at,ate1_0.issued_at,ate1_0.last_accessed_at,ate1_0.revoked_flag,ate1_0.token_value,ate1_0.updated_at,ate1_0.user_id from los_auth_token ate1_0 where ate1_0.token_value=? and not(ate1_0.revoked_flag)
2026-04-12T10:16:53.701+07:00 DEBUG 8612 --- [ulos] [io-8080-exec-10] org.hibernate.SQL                        : select ue1_0.id,ue1_0.active_flag,ue1_0.created_at,ue1_0.email,ue1_0.full_name,ue1_0.last_login_at,ue1_0.password_hash,r1_0.user_id,r1_1.id,r1_1.active_flag,r1_1.created_at,r1_1.description,r1_1.role_code,r1_1.role_name,r1_1.updated_at,ue1_0.updated_at,ue1_0.username from los_user ue1_0 left join los_user_role r1_0 on ue1_0.id=r1_0.user_id left join los_role r1_1 on r1_1.id=r1_0.role_id where ue1_0.id=?
2026-04-12T10:16:53.704+07:00 DEBUG 8612 --- [ulos] [io-8080-exec-10] org.hibernate.SQL                        : update los_auth_token set created_at=?,expires_at=?,issued_at=?,last_accessed_at=?,revoked_flag=?,token_value=?,updated_at=?,user_id=? where id=?
2026-04-12T10:16:53.710+07:00 DEBUG 8612 --- [ulos] [io-8080-exec-10] org.hibernate.SQL                        : select ce1_0.id,ce1_0.cif_number,ce1_0.company_name,ce1_0.company_type,ce1_0.created_at,ce1_0.legal_name,ce1_0.location,ce1_0.profile_json,ce1_0.registration_date,ce1_0.sector,ce1_0.status,ce1_0.tax_id,ce1_0.updated_at from los_customer ce1_0 where (? is null or ?='' or lower(ce1_0.cif_number) like lower(concat('%',?,'%')) escape '' or lower(ce1_0.company_name) like lower(concat('%',?,'%')) escape '' or lower(coalesce(ce1_0.sector,'')) like lower(concat('%',?,'%')) escape '' or lower(coalesce(ce1_0.location,'')) like lower(concat('%',?,'%')) escape '' or lower(coalesce(ce1_0.status,'')) like lower(concat('%',?,'%')) escape '') order by ce1_0.updated_at desc limit ?
2026-04-12T10:16:53.724+07:00 DEBUG 8612 --- [ulos] [io-8080-exec-10] m.m.a.RequestResponseBodyMethodProcessor : Using 'application/json', given [*/*] and supported [application/json, application/*+json]
2026-04-12T10:16:53.724+07:00 DEBUG 8612 --- [ulos] [io-8080-exec-10] m.m.a.RequestResponseBodyMethodProcessor : Writing [CustomerSummaryPageResponse[items=[CustomerSummaryResponse[cifNumber=DEB-9920-X1, companyName=Global (truncated)...]
2026-04-12T10:16:53.725+07:00 DEBUG 8612 --- [ulos] [io-8080-exec-10] o.s.web.servlet.DispatcherServlet        : Completed 200 OK
2026-04-12T10:16:56.580+07:00 DEBUG 8612 --- [ulos] [nio-8080-exec-2] org.hibernate.SQL                        : select ate1_0.id,ate1_0.created_at,ate1_0.expires_at,ate1_0.issued_at,ate1_0.last_accessed_at,ate1_0.revoked_flag,ate1_0.token_value,ate1_0.updated_at,ate1_0.user_id from los_auth_token ate1_0 where ate1_0.token_value=? and not(ate1_0.revoked_flag)
2026-04-12T10:16:56.580+07:00 DEBUG 8612 --- [ulos] [nio-8080-exec-1] org.hibernate.SQL                        : select ate1_0.id,ate1_0.created_at,ate1_0.expires_at,ate1_0.issued_at,ate1_0.last_accessed_at,ate1_0.revoked_flag,ate1_0.token_value,ate1_0.updated_at,ate1_0.user_id from los_auth_token ate1_0 where ate1_0.token_value=? and not(ate1_0.revoked_flag)
2026-04-12T10:16:56.581+07:00 DEBUG 8612 --- [ulos] [nio-8080-exec-1] org.hibernate.SQL                        : select ue1_0.id,ue1_0.active_flag,ue1_0.created_at,ue1_0.email,ue1_0.full_name,ue1_0.last_login_at,ue1_0.password_hash,r1_0.user_id,r1_1.id,r1_1.active_flag,r1_1.created_at,r1_1.description,r1_1.role_code,r1_1.role_name,r1_1.updated_at,ue1_0.updated_at,ue1_0.username from los_user ue1_0 left join los_user_role r1_0 on ue1_0.id=r1_0.user_id left join los_role r1_1 on r1_1.id=r1_0.role_id where ue1_0.id=?
2026-04-12T10:16:56.581+07:00 DEBUG 8612 --- [ulos] [nio-8080-exec-4] org.hibernate.SQL                        : select ate1_0.id,ate1_0.created_at,ate1_0.expires_at,ate1_0.issued_at,ate1_0.last_accessed_at,ate1_0.revoked_flag,ate1_0.token_value,ate1_0.updated_at,ate1_0.user_id from los_auth_token ate1_0 where ate1_0.token_value=? and not(ate1_0.revoked_flag)
2026-04-12T10:16:56.582+07:00 DEBUG 8612 --- [ulos] [nio-8080-exec-4] org.hibernate.SQL                        : select ue1_0.id,ue1_0.active_flag,ue1_0.created_at,ue1_0.email,ue1_0.full_name,ue1_0.last_login_at,ue1_0.password_hash,r1_0.user_id,r1_1.id,r1_1.active_flag,r1_1.created_at,r1_1.description,r1_1.role_code,r1_1.role_name,r1_1.updated_at,ue1_0.updated_at,ue1_0.username from los_user ue1_0 left join los_user_role r1_0 on ue1_0.id=r1_0.user_id left join los_role r1_1 on r1_1.id=r1_0.role_id where ue1_0.id=?
2026-04-12T10:16:56.582+07:00 DEBUG 8612 --- [ulos] [nio-8080-exec-1] org.hibernate.SQL                        : update los_auth_token set created_at=?,expires_at=?,issued_at=?,last_accessed_at=?,revoked_flag=?,token_value=?,updated_at=?,user_id=? where id=?
2026-04-12T10:16:56.585+07:00 DEBUG 8612 --- [ulos] [nio-8080-exec-4] org.hibernate.SQL                        : update los_auth_token set created_at=?,expires_at=?,issued_at=?,last_accessed_at=?,revoked_flag=?,token_value=?,updated_at=?,user_id=? where id=?
2026-04-12T10:16:56.581+07:00 DEBUG 8612 --- [ulos] [nio-8080-exec-2] org.hibernate.SQL                        : select ue1_0.id,ue1_0.active_flag,ue1_0.created_at,ue1_0.email,ue1_0.full_name,ue1_0.last_login_at,ue1_0.password_hash,r1_0.user_id,r1_1.id,r1_1.active_flag,r1_1.created_at,r1_1.description,r1_1.role_code,r1_1.role_name,r1_1.updated_at,ue1_0.updated_at,ue1_0.username from los_user ue1_0 left join los_user_role r1_0 on ue1_0.id=r1_0.user_id left join los_role r1_1 on r1_1.id=r1_0.role_id where ue1_0.id=?
2026-04-12T10:16:56.589+07:00 DEBUG 8612 --- [ulos] [nio-8080-exec-2] org.hibernate.SQL                        : update los_auth_token set created_at=?,expires_at=?,issued_at=?,last_accessed_at=?,revoked_flag=?,token_value=?,updated_at=?,user_id=? where id=?
2026-04-12T10:16:56.599+07:00 DEBUG 8612 --- [ulos] [nio-8080-exec-1] o.s.web.servlet.DispatcherServlet        : GET "/api/prechecks?type=COLLATERAL&customerCif=DEB-9920-X1&page=0&size=5", parameters={masked}
2026-04-12T10:16:56.600+07:00 DEBUG 8612 --- [ulos] [nio-8080-exec-1] s.w.s.m.m.a.RequestMappingHandlerMapping : Mapped to com.enterprise.ulos.los.controller.PrecheckController#list(String, String, String, int, int)
2026-04-12T10:16:56.601+07:00 DEBUG 8612 --- [ulos] [nio-8080-exec-1] org.hibernate.SQL                        : select ate1_0.id,ate1_0.created_at,ate1_0.expires_at,ate1_0.issued_at,ate1_0.last_accessed_at,ate1_0.revoked_flag,ate1_0.token_value,ate1_0.updated_at,ate1_0.user_id from los_auth_token ate1_0 where ate1_0.token_value=? and not(ate1_0.revoked_flag)
2026-04-12T10:16:56.602+07:00 DEBUG 8612 --- [ulos] [nio-8080-exec-1] org.hibernate.SQL                        : select ue1_0.id,ue1_0.active_flag,ue1_0.created_at,ue1_0.email,ue1_0.full_name,ue1_0.last_login_at,ue1_0.password_hash,r1_0.user_id,r1_1.id,r1_1.active_flag,r1_1.created_at,r1_1.description,r1_1.role_code,r1_1.role_name,r1_1.updated_at,ue1_0.updated_at,ue1_0.username from los_user ue1_0 left join los_user_role r1_0 on ue1_0.id=r1_0.user_id left join los_role r1_1 on r1_1.id=r1_0.role_id where ue1_0.id=?
2026-04-12T10:16:56.605+07:00 DEBUG 8612 --- [ulos] [nio-8080-exec-1] org.hibernate.SQL                        : update los_auth_token set created_at=?,expires_at=?,issued_at=?,last_accessed_at=?,revoked_flag=?,token_value=?,updated_at=?,user_id=? where id=?
2026-04-12T10:16:56.678+07:00 DEBUG 8612 --- [ulos] [nio-8080-exec-4] o.s.web.servlet.DispatcherServlet        : GET "/api/prechecks?type=SLIK&customerCif=DEB-9920-X1&page=0&size=5", parameters={masked}
2026-04-12T10:16:56.679+07:00 DEBUG 8612 --- [ulos] [nio-8080-exec-4] s.w.s.m.m.a.RequestMappingHandlerMapping : Mapped to com.enterprise.ulos.los.controller.PrecheckController#list(String, String, String, int, int)
2026-04-12T10:16:56.680+07:00 DEBUG 8612 --- [ulos] [nio-8080-exec-4] org.hibernate.SQL                        : select ate1_0.id,ate1_0.created_at,ate1_0.expires_at,ate1_0.issued_at,ate1_0.last_accessed_at,ate1_0.revoked_flag,ate1_0.token_value,ate1_0.updated_at,ate1_0.user_id from los_auth_token ate1_0 where ate1_0.token_value=? and not(ate1_0.revoked_flag)
2026-04-12T10:16:56.682+07:00 DEBUG 8612 --- [ulos] [nio-8080-exec-4] org.hibernate.SQL                        : select ue1_0.id,ue1_0.active_flag,ue1_0.created_at,ue1_0.email,ue1_0.full_name,ue1_0.last_login_at,ue1_0.password_hash,r1_0.user_id,r1_1.id,r1_1.active_flag,r1_1.created_at,r1_1.description,r1_1.role_code,r1_1.role_name,r1_1.updated_at,ue1_0.updated_at,ue1_0.username from los_user ue1_0 left join los_user_role r1_0 on ue1_0.id=r1_0.user_id left join los_role r1_1 on r1_1.id=r1_0.role_id where ue1_0.id=?
2026-04-12T10:16:56.684+07:00 DEBUG 8612 --- [ulos] [nio-8080-exec-4] org.hibernate.SQL                        : update los_auth_token set created_at=?,expires_at=?,issued_at=?,last_accessed_at=?,revoked_flag=?,token_value=?,updated_at=?,user_id=? where id=?
2026-04-12T10:16:56.689+07:00 DEBUG 8612 --- [ulos] [nio-8080-exec-2] o.s.web.servlet.DispatcherServlet        : GET "/api/customers/DEB-9920-X1", parameters={}
2026-04-12T10:16:56.689+07:00 DEBUG 8612 --- [ulos] [nio-8080-exec-2] s.w.s.m.m.a.RequestMappingHandlerMapping : Mapped to com.enterprise.ulos.los.controller.CustomerPortfolioController#get(String)
2026-04-12T10:16:56.691+07:00 DEBUG 8612 --- [ulos] [nio-8080-exec-2] org.hibernate.SQL                        : select ate1_0.id,ate1_0.created_at,ate1_0.expires_at,ate1_0.issued_at,ate1_0.last_accessed_at,ate1_0.revoked_flag,ate1_0.token_value,ate1_0.updated_at,ate1_0.user_id from los_auth_token ate1_0 where ate1_0.token_value=? and not(ate1_0.revoked_flag)
2026-04-12T10:16:56.692+07:00 DEBUG 8612 --- [ulos] [nio-8080-exec-2] org.hibernate.SQL                        : select ue1_0.id,ue1_0.active_flag,ue1_0.created_at,ue1_0.email,ue1_0.full_name,ue1_0.last_login_at,ue1_0.password_hash,r1_0.user_id,r1_1.id,r1_1.active_flag,r1_1.created_at,r1_1.description,r1_1.role_code,r1_1.role_name,r1_1.updated_at,ue1_0.updated_at,ue1_0.username from los_user ue1_0 left join los_user_role r1_0 on ue1_0.id=r1_0.user_id left join los_role r1_1 on r1_1.id=r1_0.role_id where ue1_0.id=?
2026-04-12T10:16:56.694+07:00 DEBUG 8612 --- [ulos] [nio-8080-exec-2] org.hibernate.SQL                        : update los_auth_token set created_at=?,expires_at=?,issued_at=?,last_accessed_at=?,revoked_flag=?,token_value=?,updated_at=?,user_id=? where id=?
2026-04-12T10:16:56.866+07:00 DEBUG 8612 --- [ulos] [nio-8080-exec-1] org.hibernate.SQL                        : select pse1_0.id,pse1_0.check_ref,pse1_0.check_type,pse1_0.completed_at,pse1_0.created_at,pse1_0.customer_id,pse1_0.linked_application_id,pse1_0.notes,pse1_0.requested_at,pse1_0.result_json,pse1_0.result_summary,pse1_0.status,pse1_0.updated_at from los_precheck_session pse1_0 join los_customer c1_0 on c1_0.id=pse1_0.customer_id where (? is null or ?='' or upper(pse1_0.check_type)=upper(?)) and (? is null or ?='' or lower(c1_0.cif_number)=lower(?)) and (? is null or ?='' or lower(pse1_0.check_ref) like lower(concat('%',?,'%')) escape '' or lower(c1_0.cif_number) like lower(concat('%',?,'%')) escape '' or lower(c1_0.company_name) like lower(concat('%',?,'%')) escape '' or lower(coalesce(pse1_0.status,'')) like lower(concat('%',?,'%')) escape '' or lower(coalesce(pse1_0.result_summary,'')) like lower(concat('%',?,'%')) escape '') order by pse1_0.updated_at desc limit ?
2026-04-12T10:16:56.866+07:00 DEBUG 8612 --- [ulos] [nio-8080-exec-1] m.m.a.RequestResponseBodyMethodProcessor : Using 'application/json', given [*/*] and supported [application/json, application/*+json]
2026-04-12T10:16:56.866+07:00 DEBUG 8612 --- [ulos] [nio-8080-exec-1] m.m.a.RequestResponseBodyMethodProcessor : Writing [PrecheckPageResponse[items=[], totalElements=0, totalPages=0, page=0, size=5]]
2026-04-12T10:16:56.866+07:00 DEBUG 8612 --- [ulos] [nio-8080-exec-1] o.s.web.servlet.DispatcherServlet        : Completed 200 OK
2026-04-12T10:16:56.883+07:00 DEBUG 8612 --- [ulos] [nio-8080-exec-4] org.hibernate.SQL                        : select pse1_0.id,pse1_0.check_ref,pse1_0.check_type,pse1_0.completed_at,pse1_0.created_at,pse1_0.customer_id,pse1_0.linked_application_id,pse1_0.notes,pse1_0.requested_at,pse1_0.result_json,pse1_0.result_summary,pse1_0.status,pse1_0.updated_at from los_precheck_session pse1_0 join los_customer c1_0 on c1_0.id=pse1_0.customer_id where (? is null or ?='' or upper(pse1_0.check_type)=upper(?)) and (? is null or ?='' or lower(c1_0.cif_number)=lower(?)) and (? is null or ?='' or lower(pse1_0.check_ref) like lower(concat('%',?,'%')) escape '' or lower(c1_0.cif_number) like lower(concat('%',?,'%')) escape '' or lower(c1_0.company_name) like lower(concat('%',?,'%')) escape '' or lower(coalesce(pse1_0.status,'')) like lower(concat('%',?,'%')) escape '' or lower(coalesce(pse1_0.result_summary,'')) like lower(concat('%',?,'%')) escape '') order by pse1_0.updated_at desc limit ?
2026-04-12T10:16:56.883+07:00 DEBUG 8612 --- [ulos] [nio-8080-exec-4] m.m.a.RequestResponseBodyMethodProcessor : Using 'application/json', given [*/*] and supported [application/json, application/*+json]
2026-04-12T10:16:56.883+07:00 DEBUG 8612 --- [ulos] [nio-8080-exec-4] m.m.a.RequestResponseBodyMethodProcessor : Writing [PrecheckPageResponse[items=[], totalElements=0, totalPages=0, page=0, size=5]]
2026-04-12T10:16:56.883+07:00 DEBUG 8612 --- [ulos] [nio-8080-exec-4] o.s.web.servlet.DispatcherServlet        : Completed 200 OK
2026-04-12T10:16:56.883+07:00 DEBUG 8612 --- [ulos] [nio-8080-exec-7] org.hibernate.SQL                        : select ate1_0.id,ate1_0.created_at,ate1_0.expires_at,ate1_0.issued_at,ate1_0.last_accessed_at,ate1_0.revoked_flag,ate1_0.token_value,ate1_0.updated_at,ate1_0.user_id from los_auth_token ate1_0 where ate1_0.token_value=? and not(ate1_0.revoked_flag)
2026-04-12T10:16:56.900+07:00 DEBUG 8612 --- [ulos] [nio-8080-exec-7] org.hibernate.SQL                        : select ue1_0.id,ue1_0.active_flag,ue1_0.created_at,ue1_0.email,ue1_0.full_name,ue1_0.last_login_at,ue1_0.password_hash,r1_0.user_id,r1_1.id,r1_1.active_flag,r1_1.created_at,r1_1.description,r1_1.role_code,r1_1.role_name,r1_1.updated_at,ue1_0.updated_at,ue1_0.username from los_user ue1_0 left join los_user_role r1_0 on ue1_0.id=r1_0.user_id left join los_role r1_1 on r1_1.id=r1_0.role_id where ue1_0.id=?
2026-04-12T10:16:56.900+07:00 DEBUG 8612 --- [ulos] [nio-8080-exec-7] org.hibernate.SQL                        : update los_auth_token set created_at=?,expires_at=?,issued_at=?,last_accessed_at=?,revoked_flag=?,token_value=?,updated_at=?,user_id=? where id=?
2026-04-12T10:16:56.900+07:00 DEBUG 8612 --- [ulos] [nio-8080-exec-3] org.hibernate.SQL                        : select ate1_0.id,ate1_0.created_at,ate1_0.expires_at,ate1_0.issued_at,ate1_0.last_accessed_at,ate1_0.revoked_flag,ate1_0.token_value,ate1_0.updated_at,ate1_0.user_id from los_auth_token ate1_0 where ate1_0.token_value=? and not(ate1_0.revoked_flag)
2026-04-12T10:16:56.900+07:00 DEBUG 8612 --- [ulos] [nio-8080-exec-3] org.hibernate.SQL                        : select ue1_0.id,ue1_0.active_flag,ue1_0.created_at,ue1_0.email,ue1_0.full_name,ue1_0.last_login_at,ue1_0.password_hash,r1_0.user_id,r1_1.id,r1_1.active_flag,r1_1.created_at,r1_1.description,r1_1.role_code,r1_1.role_name,r1_1.updated_at,ue1_0.updated_at,ue1_0.username from los_user ue1_0 left join los_user_role r1_0 on ue1_0.id=r1_0.user_id left join los_role r1_1 on r1_1.id=r1_0.role_id where ue1_0.id=?
2026-04-12T10:16:56.900+07:00 DEBUG 8612 --- [ulos] [nio-8080-exec-3] org.hibernate.SQL                        : update los_auth_token set created_at=?,expires_at=?,issued_at=?,last_accessed_at=?,revoked_flag=?,token_value=?,updated_at=?,user_id=? where id=?
2026-04-12T10:16:56.915+07:00 DEBUG 8612 --- [ulos] [nio-8080-exec-2] org.hibernate.SQL                        : select ce1_0.id,ce1_0.cif_number,ce1_0.company_name,ce1_0.company_type,ce1_0.created_at,ce1_0.legal_name,ce1_0.location,ce1_0.profile_json,ce1_0.registration_date,ce1_0.sector,ce1_0.status,ce1_0.tax_id,ce1_0.updated_at from los_customer ce1_0 where ce1_0.cif_number=?
2026-04-12T10:16:56.918+07:00 DEBUG 8612 --- [ulos] [nio-8080-exec-2] m.m.a.RequestResponseBodyMethodProcessor : Using 'application/json', given [*/*] and supported [application/json, application/*+json]
2026-04-12T10:16:56.919+07:00 DEBUG 8612 --- [ulos] [nio-8080-exec-2] m.m.a.RequestResponseBodyMethodProcessor : Writing [CustomerDetailResponse[id=1, cifNumber=DEB-9920-X1, companyName=Global Logistics Systems Corp., lega (truncated)...]
2026-04-12T10:16:56.919+07:00 DEBUG 8612 --- [ulos] [nio-8080-exec-2] o.s.web.servlet.DispatcherServlet        : Completed 200 OK
2026-04-12T10:16:56.923+07:00 DEBUG 8612 --- [ulos] [nio-8080-exec-3] o.s.web.servlet.DispatcherServlet        : GET "/api/prechecks?type=SLIK&customerCif=DEB-9920-X1&page=0&size=5", parameters={masked}
2026-04-12T10:16:56.923+07:00 DEBUG 8612 --- [ulos] [nio-8080-exec-7] o.s.web.servlet.DispatcherServlet        : GET "/api/prechecks?type=COLLATERAL&customerCif=DEB-9920-X1&page=0&size=5", parameters={masked}
2026-04-12T10:16:56.923+07:00 DEBUG 8612 --- [ulos] [nio-8080-exec-3] s.w.s.m.m.a.RequestMappingHandlerMapping : Mapped to com.enterprise.ulos.los.controller.PrecheckController#list(String, String, String, int, int)
2026-04-12T10:16:56.923+07:00 DEBUG 8612 --- [ulos] [nio-8080-exec-7] s.w.s.m.m.a.RequestMappingHandlerMapping : Mapped to com.enterprise.ulos.los.controller.PrecheckController#list(String, String, String, int, int)
2026-04-12T10:16:56.923+07:00 DEBUG 8612 --- [ulos] [nio-8080-exec-3] org.hibernate.SQL                        : select ate1_0.id,ate1_0.created_at,ate1_0.expires_at,ate1_0.issued_at,ate1_0.last_accessed_at,ate1_0.revoked_flag,ate1_0.token_value,ate1_0.updated_at,ate1_0.user_id from los_auth_token ate1_0 where ate1_0.token_value=? and not(ate1_0.revoked_flag)
2026-04-12T10:16:56.923+07:00 DEBUG 8612 --- [ulos] [nio-8080-exec-7] org.hibernate.SQL                        : select ate1_0.id,ate1_0.created_at,ate1_0.expires_at,ate1_0.issued_at,ate1_0.last_accessed_at,ate1_0.revoked_flag,ate1_0.token_value,ate1_0.updated_at,ate1_0.user_id from los_auth_token ate1_0 where ate1_0.token_value=? and not(ate1_0.revoked_flag)
2026-04-12T10:16:56.923+07:00 DEBUG 8612 --- [ulos] [nio-8080-exec-3] org.hibernate.SQL                        : select ue1_0.id,ue1_0.active_flag,ue1_0.created_at,ue1_0.email,ue1_0.full_name,ue1_0.last_login_at,ue1_0.password_hash,r1_0.user_id,r1_1.id,r1_1.active_flag,r1_1.created_at,r1_1.description,r1_1.role_code,r1_1.role_name,r1_1.updated_at,ue1_0.updated_at,ue1_0.username from los_user ue1_0 left join los_user_role r1_0 on ue1_0.id=r1_0.user_id left join los_role r1_1 on r1_1.id=r1_0.role_id where ue1_0.id=?
2026-04-12T10:16:56.932+07:00 DEBUG 8612 --- [ulos] [nio-8080-exec-7] org.hibernate.SQL                        : select ue1_0.id,ue1_0.active_flag,ue1_0.created_at,ue1_0.email,ue1_0.full_name,ue1_0.last_login_at,ue1_0.password_hash,r1_0.user_id,r1_1.id,r1_1.active_flag,r1_1.created_at,r1_1.description,r1_1.role_code,r1_1.role_name,r1_1.updated_at,ue1_0.updated_at,ue1_0.username from los_user ue1_0 left join los_user_role r1_0 on ue1_0.id=r1_0.user_id left join los_role r1_1 on r1_1.id=r1_0.role_id where ue1_0.id=?
2026-04-12T10:16:56.934+07:00 DEBUG 8612 --- [ulos] [nio-8080-exec-3] org.hibernate.SQL                        : update los_auth_token set created_at=?,expires_at=?,issued_at=?,last_accessed_at=?,revoked_flag=?,token_value=?,updated_at=?,user_id=? where id=?
2026-04-12T10:16:56.935+07:00 DEBUG 8612 --- [ulos] [nio-8080-exec-7] org.hibernate.SQL                        : update los_auth_token set created_at=?,expires_at=?,issued_at=?,last_accessed_at=?,revoked_flag=?,token_value=?,updated_at=?,user_id=? where id=?
2026-04-12T10:16:56.949+07:00 DEBUG 8612 --- [ulos] [nio-8080-exec-3] org.hibernate.SQL                        : select pse1_0.id,pse1_0.check_ref,pse1_0.check_type,pse1_0.completed_at,pse1_0.created_at,pse1_0.customer_id,pse1_0.linked_application_id,pse1_0.notes,pse1_0.requested_at,pse1_0.result_json,pse1_0.result_summary,pse1_0.status,pse1_0.updated_at from los_precheck_session pse1_0 join los_customer c1_0 on c1_0.id=pse1_0.customer_id where (? is null or ?='' or upper(pse1_0.check_type)=upper(?)) and (? is null or ?='' or lower(c1_0.cif_number)=lower(?)) and (? is null or ?='' or lower(pse1_0.check_ref) like lower(concat('%',?,'%')) escape '' or lower(c1_0.cif_number) like lower(concat('%',?,'%')) escape '' or lower(c1_0.company_name) like lower(concat('%',?,'%')) escape '' or lower(coalesce(pse1_0.status,'')) like lower(concat('%',?,'%')) escape '' or lower(coalesce(pse1_0.result_summary,'')) like lower(concat('%',?,'%')) escape '') order by pse1_0.updated_at desc limit ?
2026-04-12T10:16:56.952+07:00 DEBUG 8612 --- [ulos] [nio-8080-exec-3] m.m.a.RequestResponseBodyMethodProcessor : Using 'application/json', given [*/*] and supported [application/json, application/*+json]
2026-04-12T10:16:56.952+07:00 DEBUG 8612 --- [ulos] [nio-8080-exec-3] m.m.a.RequestResponseBodyMethodProcessor : Writing [PrecheckPageResponse[items=[], totalElements=0, totalPages=0, page=0, size=5]]
2026-04-12T10:16:56.953+07:00 DEBUG 8612 --- [ulos] [nio-8080-exec-3] o.s.web.servlet.DispatcherServlet        : Completed 200 OK
2026-04-12T10:16:56.955+07:00 DEBUG 8612 --- [ulos] [nio-8080-exec-7] org.hibernate.SQL                        : select pse1_0.id,pse1_0.check_ref,pse1_0.check_type,pse1_0.completed_at,pse1_0.created_at,pse1_0.customer_id,pse1_0.linked_application_id,pse1_0.notes,pse1_0.requested_at,pse1_0.result_json,pse1_0.result_summary,pse1_0.status,pse1_0.updated_at from los_precheck_session pse1_0 join los_customer c1_0 on c1_0.id=pse1_0.customer_id where (? is null or ?='' or upper(pse1_0.check_type)=upper(?)) and (? is null or ?='' or lower(c1_0.cif_number)=lower(?)) and (? is null or ?='' or lower(pse1_0.check_ref) like lower(concat('%',?,'%')) escape '' or lower(c1_0.cif_number) like lower(concat('%',?,'%')) escape '' or lower(c1_0.company_name) like lower(concat('%',?,'%')) escape '' or lower(coalesce(pse1_0.status,'')) like lower(concat('%',?,'%')) escape '' or lower(coalesce(pse1_0.result_summary,'')) like lower(concat('%',?,'%')) escape '') order by pse1_0.updated_at desc limit ?
2026-04-12T10:16:56.958+07:00 DEBUG 8612 --- [ulos] [nio-8080-exec-7] m.m.a.RequestResponseBodyMethodProcessor : Using 'application/json', given [*/*] and supported [application/json, application/*+json]
2026-04-12T10:16:56.958+07:00 DEBUG 8612 --- [ulos] [nio-8080-exec-7] m.m.a.RequestResponseBodyMethodProcessor : Writing [PrecheckPageResponse[items=[], totalElements=0, totalPages=0, page=0, size=5]]
2026-04-12T10:16:56.959+07:00 DEBUG 8612 --- [ulos] [nio-8080-exec-7] o.s.web.servlet.DispatcherServlet        : Completed 200 OK
2026-04-12T10:16:57.018+07:00 DEBUG 8612 --- [ulos] [nio-8080-exec-8] org.hibernate.SQL                        : select ate1_0.id,ate1_0.created_at,ate1_0.expires_at,ate1_0.issued_at,ate1_0.last_accessed_at,ate1_0.revoked_flag,ate1_0.token_value,ate1_0.updated_at,ate1_0.user_id from los_auth_token ate1_0 where ate1_0.token_value=? and not(ate1_0.revoked_flag)
2026-04-12T10:16:57.018+07:00 DEBUG 8612 --- [ulos] [nio-8080-exec-8] org.hibernate.SQL                        : select ue1_0.id,ue1_0.active_flag,ue1_0.created_at,ue1_0.email,ue1_0.full_name,ue1_0.last_login_at,ue1_0.password_hash,r1_0.user_id,r1_1.id,r1_1.active_flag,r1_1.created_at,r1_1.description,r1_1.role_code,r1_1.role_name,r1_1.updated_at,ue1_0.updated_at,ue1_0.username from los_user ue1_0 left join los_user_role r1_0 on ue1_0.id=r1_0.user_id left join los_role r1_1 on r1_1.id=r1_0.role_id where ue1_0.id=?
2026-04-12T10:16:57.018+07:00 DEBUG 8612 --- [ulos] [nio-8080-exec-8] org.hibernate.SQL                        : update los_auth_token set created_at=?,expires_at=?,issued_at=?,last_accessed_at=?,revoked_flag=?,token_value=?,updated_at=?,user_id=? where id=?
2026-04-12T10:16:57.050+07:00 DEBUG 8612 --- [ulos] [nio-8080-exec-8] o.s.web.servlet.DispatcherServlet        : GET "/api/customers/DEB-9920-X1", parameters={}
2026-04-12T10:16:57.050+07:00 DEBUG 8612 --- [ulos] [nio-8080-exec-8] s.w.s.m.m.a.RequestMappingHandlerMapping : Mapped to com.enterprise.ulos.los.controller.CustomerPortfolioController#get(String)
2026-04-12T10:16:57.050+07:00 DEBUG 8612 --- [ulos] [nio-8080-exec-8] org.hibernate.SQL                        : select ate1_0.id,ate1_0.created_at,ate1_0.expires_at,ate1_0.issued_at,ate1_0.last_accessed_at,ate1_0.revoked_flag,ate1_0.token_value,ate1_0.updated_at,ate1_0.user_id from los_auth_token ate1_0 where ate1_0.token_value=? and not(ate1_0.revoked_flag)
2026-04-12T10:16:57.050+07:00 DEBUG 8612 --- [ulos] [nio-8080-exec-8] org.hibernate.SQL                        : select ue1_0.id,ue1_0.active_flag,ue1_0.created_at,ue1_0.email,ue1_0.full_name,ue1_0.last_login_at,ue1_0.password_hash,r1_0.user_id,r1_1.id,r1_1.active_flag,r1_1.created_at,r1_1.description,r1_1.role_code,r1_1.role_name,r1_1.updated_at,ue1_0.updated_at,ue1_0.username from los_user ue1_0 left join los_user_role r1_0 on ue1_0.id=r1_0.user_id left join los_role r1_1 on r1_1.id=r1_0.role_id where ue1_0.id=?
2026-04-12T10:16:57.050+07:00 DEBUG 8612 --- [ulos] [nio-8080-exec-8] org.hibernate.SQL                        : update los_auth_token set created_at=?,expires_at=?,issued_at=?,last_accessed_at=?,revoked_flag=?,token_value=?,updated_at=?,user_id=? where id=?
2026-04-12T10:16:57.082+07:00 DEBUG 8612 --- [ulos] [nio-8080-exec-8] org.hibernate.SQL                        : select ce1_0.id,ce1_0.cif_number,ce1_0.company_name,ce1_0.company_type,ce1_0.created_at,ce1_0.legal_name,ce1_0.location,ce1_0.profile_json,ce1_0.registration_date,ce1_0.sector,ce1_0.status,ce1_0.tax_id,ce1_0.updated_at from los_customer ce1_0 where ce1_0.cif_number=?
2026-04-12T10:16:57.087+07:00 DEBUG 8612 --- [ulos] [nio-8080-exec-8] m.m.a.RequestResponseBodyMethodProcessor : Using 'application/json', given [*/*] and supported [application/json, application/*+json]
2026-04-12T10:16:57.087+07:00 DEBUG 8612 --- [ulos] [nio-8080-exec-8] m.m.a.RequestResponseBodyMethodProcessor : Writing [CustomerDetailResponse[id=1, cifNumber=DEB-9920-X1, companyName=Global Logistics Systems Corp., lega (truncated)...]
2026-04-12T10:16:57.101+07:00 DEBUG 8612 --- [ulos] [nio-8080-exec-8] o.s.web.servlet.DispatcherServlet        : Completed 200 OK
2026-04-12T10:30:35.578+07:00 DEBUG 8612 --- [ulos] [nio-8080-exec-2] org.hibernate.SQL                        : select ate1_0.id,ate1_0.created_at,ate1_0.expires_at,ate1_0.issued_at,ate1_0.last_accessed_at,ate1_0.revoked_flag,ate1_0.token_value,ate1_0.updated_at,ate1_0.user_id from los_auth_token ate1_0 where ate1_0.token_value=? and not(ate1_0.revoked_flag)
2026-04-12T10:30:35.581+07:00 DEBUG 8612 --- [ulos] [nio-8080-exec-2] org.hibernate.SQL                        : select ue1_0.id,ue1_0.active_flag,ue1_0.created_at,ue1_0.email,ue1_0.full_name,ue1_0.last_login_at,ue1_0.password_hash,r1_0.user_id,r1_1.id,r1_1.active_flag,r1_1.created_at,r1_1.description,r1_1.role_code,r1_1.role_name,r1_1.updated_at,ue1_0.updated_at,ue1_0.username from los_user ue1_0 left join los_user_role r1_0 on ue1_0.id=r1_0.user_id left join los_role r1_1 on r1_1.id=r1_0.role_id where ue1_0.id=?
2026-04-12T10:30:35.584+07:00 DEBUG 8612 --- [ulos] [nio-8080-exec-2] org.hibernate.SQL                        : update los_auth_token set created_at=?,expires_at=?,issued_at=?,last_accessed_at=?,revoked_flag=?,token_value=?,updated_at=?,user_id=? where id=?
2026-04-12T10:30:35.598+07:00 DEBUG 8612 --- [ulos] [nio-8080-exec-2] o.s.web.servlet.DispatcherServlet        : GET "/api/auth/me", parameters={}
2026-04-12T10:30:35.599+07:00 DEBUG 8612 --- [ulos] [nio-8080-exec-2] s.w.s.m.m.a.RequestMappingHandlerMapping : Mapped to com.enterprise.ulos.los.controller.AuthController#me(String, String)
2026-04-12T10:30:35.600+07:00 DEBUG 8612 --- [ulos] [nio-8080-exec-2] org.hibernate.SQL                        : select ate1_0.id,ate1_0.created_at,ate1_0.expires_at,ate1_0.issued_at,ate1_0.last_accessed_at,ate1_0.revoked_flag,ate1_0.token_value,ate1_0.updated_at,ate1_0.user_id from los_auth_token ate1_0 where ate1_0.token_value=? and not(ate1_0.revoked_flag)
2026-04-12T10:30:35.601+07:00 DEBUG 8612 --- [ulos] [nio-8080-exec-2] org.hibernate.SQL                        : select ue1_0.id,ue1_0.active_flag,ue1_0.created_at,ue1_0.email,ue1_0.full_name,ue1_0.last_login_at,ue1_0.password_hash,r1_0.user_id,r1_1.id,r1_1.active_flag,r1_1.created_at,r1_1.description,r1_1.role_code,r1_1.role_name,r1_1.updated_at,ue1_0.updated_at,ue1_0.username from los_user ue1_0 left join los_user_role r1_0 on ue1_0.id=r1_0.user_id left join los_role r1_1 on r1_1.id=r1_0.role_id where ue1_0.id=?
2026-04-12T10:30:35.603+07:00 DEBUG 8612 --- [ulos] [nio-8080-exec-2] org.hibernate.SQL                        : update los_auth_token set created_at=?,expires_at=?,issued_at=?,last_accessed_at=?,revoked_flag=?,token_value=?,updated_at=?,user_id=? where id=?
2026-04-12T10:30:35.615+07:00 DEBUG 8612 --- [ulos] [nio-8080-exec-2] org.hibernate.SQL                        : select ate1_0.id,ate1_0.created_at,ate1_0.expires_at,ate1_0.issued_at,ate1_0.last_accessed_at,ate1_0.revoked_flag,ate1_0.token_value,ate1_0.updated_at,ate1_0.user_id from los_auth_token ate1_0 where ate1_0.token_value=? and not(ate1_0.revoked_flag)
2026-04-12T10:30:35.616+07:00 DEBUG 8612 --- [ulos] [nio-8080-exec-2] org.hibernate.SQL                        : select ue1_0.id,ue1_0.active_flag,ue1_0.created_at,ue1_0.email,ue1_0.full_name,ue1_0.last_login_at,ue1_0.password_hash,r1_0.user_id,r1_1.id,r1_1.active_flag,r1_1.created_at,r1_1.description,r1_1.role_code,r1_1.role_name,r1_1.updated_at,ue1_0.updated_at,ue1_0.username from los_user ue1_0 left join los_user_role r1_0 on ue1_0.id=r1_0.user_id left join los_role r1_1 on r1_1.id=r1_0.role_id where ue1_0.id=?
2026-04-12T10:30:35.619+07:00 DEBUG 8612 --- [ulos] [nio-8080-exec-2] m.m.a.RequestResponseBodyMethodProcessor : Using 'application/json', given [*/*] and supported [application/json, application/*+json]
2026-04-12T10:30:35.620+07:00 DEBUG 8612 --- [ulos] [nio-8080-exec-2] m.m.a.RequestResponseBodyMethodProcessor : Writing [UserProfileResponse[userId=1, username=admin, fullName=System Administrator, email=admin@ulos.local, (truncated)...]
2026-04-12T10:30:35.621+07:00 DEBUG 8612 --- [ulos] [nio-8080-exec-2] o.s.web.servlet.DispatcherServlet        : Completed 200 OK
2026-04-12T10:30:35.631+07:00 DEBUG 8612 --- [ulos] [nio-8080-exec-3] org.hibernate.SQL                        : select ate1_0.id,ate1_0.created_at,ate1_0.expires_at,ate1_0.issued_at,ate1_0.last_accessed_at,ate1_0.revoked_flag,ate1_0.token_value,ate1_0.updated_at,ate1_0.user_id from los_auth_token ate1_0 where ate1_0.token_value=? and not(ate1_0.revoked_flag)
2026-04-12T10:30:35.632+07:00 DEBUG 8612 --- [ulos] [nio-8080-exec-3] org.hibernate.SQL                        : select ue1_0.id,ue1_0.active_flag,ue1_0.created_at,ue1_0.email,ue1_0.full_name,ue1_0.last_login_at,ue1_0.password_hash,r1_0.user_id,r1_1.id,r1_1.active_flag,r1_1.created_at,r1_1.description,r1_1.role_code,r1_1.role_name,r1_1.updated_at,ue1_0.updated_at,ue1_0.username from los_user ue1_0 left join los_user_role r1_0 on ue1_0.id=r1_0.user_id left join los_role r1_1 on r1_1.id=r1_0.role_id where ue1_0.id=?
2026-04-12T10:30:35.635+07:00 DEBUG 8612 --- [ulos] [nio-8080-exec-3] org.hibernate.SQL                        : update los_auth_token set created_at=?,expires_at=?,issued_at=?,last_accessed_at=?,revoked_flag=?,token_value=?,updated_at=?,user_id=? where id=?
2026-04-12T10:30:35.644+07:00 DEBUG 8612 --- [ulos] [nio-8080-exec-3] o.s.web.servlet.DispatcherServlet        : GET "/api/auth/me", parameters={}
2026-04-12T10:30:35.644+07:00 DEBUG 8612 --- [ulos] [nio-8080-exec-3] s.w.s.m.m.a.RequestMappingHandlerMapping : Mapped to com.enterprise.ulos.los.controller.AuthController#me(String, String)
2026-04-12T10:30:35.646+07:00 DEBUG 8612 --- [ulos] [nio-8080-exec-3] org.hibernate.SQL                        : select ate1_0.id,ate1_0.created_at,ate1_0.expires_at,ate1_0.issued_at,ate1_0.last_accessed_at,ate1_0.revoked_flag,ate1_0.token_value,ate1_0.updated_at,ate1_0.user_id from los_auth_token ate1_0 where ate1_0.token_value=? and not(ate1_0.revoked_flag)
2026-04-12T10:30:35.647+07:00 DEBUG 8612 --- [ulos] [nio-8080-exec-3] org.hibernate.SQL                        : select ue1_0.id,ue1_0.active_flag,ue1_0.created_at,ue1_0.email,ue1_0.full_name,ue1_0.last_login_at,ue1_0.password_hash,r1_0.user_id,r1_1.id,r1_1.active_flag,r1_1.created_at,r1_1.description,r1_1.role_code,r1_1.role_name,r1_1.updated_at,ue1_0.updated_at,ue1_0.username from los_user ue1_0 left join los_user_role r1_0 on ue1_0.id=r1_0.user_id left join los_role r1_1 on r1_1.id=r1_0.role_id where ue1_0.id=?
2026-04-12T10:30:35.649+07:00 DEBUG 8612 --- [ulos] [nio-8080-exec-3] org.hibernate.SQL                        : update los_auth_token set created_at=?,expires_at=?,issued_at=?,last_accessed_at=?,revoked_flag=?,token_value=?,updated_at=?,user_id=? where id=?
2026-04-12T10:30:35.659+07:00 DEBUG 8612 --- [ulos] [nio-8080-exec-3] org.hibernate.SQL                        : select ate1_0.id,ate1_0.created_at,ate1_0.expires_at,ate1_0.issued_at,ate1_0.last_accessed_at,ate1_0.revoked_flag,ate1_0.token_value,ate1_0.updated_at,ate1_0.user_id from los_auth_token ate1_0 where ate1_0.token_value=? and not(ate1_0.revoked_flag)
2026-04-12T10:30:35.661+07:00 DEBUG 8612 --- [ulos] [nio-8080-exec-3] org.hibernate.SQL                        : select ue1_0.id,ue1_0.active_flag,ue1_0.created_at,ue1_0.email,ue1_0.full_name,ue1_0.last_login_at,ue1_0.password_hash,r1_0.user_id,r1_1.id,r1_1.active_flag,r1_1.created_at,r1_1.description,r1_1.role_code,r1_1.role_name,r1_1.updated_at,ue1_0.updated_at,ue1_0.username from los_user ue1_0 left join los_user_role r1_0 on ue1_0.id=r1_0.user_id left join los_role r1_1 on r1_1.id=r1_0.role_id where ue1_0.id=?
2026-04-12T10:30:35.663+07:00 DEBUG 8612 --- [ulos] [nio-8080-exec-3] m.m.a.RequestResponseBodyMethodProcessor : Using 'application/json', given [*/*] and supported [application/json, application/*+json]
2026-04-12T10:30:35.663+07:00 DEBUG 8612 --- [ulos] [nio-8080-exec-3] m.m.a.RequestResponseBodyMethodProcessor : Writing [UserProfileResponse[userId=1, username=admin, fullName=System Administrator, email=admin@ulos.local, (truncated)...]
2026-04-12T10:30:35.664+07:00 DEBUG 8612 --- [ulos] [nio-8080-exec-3] o.s.web.servlet.DispatcherServlet        : Completed 200 OK
2026-04-12T10:30:35.781+07:00 DEBUG 8612 --- [ulos] [nio-8080-exec-7] org.hibernate.SQL                        : select ate1_0.id,ate1_0.created_at,ate1_0.expires_at,ate1_0.issued_at,ate1_0.last_accessed_at,ate1_0.revoked_flag,ate1_0.token_value,ate1_0.updated_at,ate1_0.user_id from los_auth_token ate1_0 where ate1_0.token_value=? and not(ate1_0.revoked_flag)
2026-04-12T10:30:35.783+07:00 DEBUG 8612 --- [ulos] [nio-8080-exec-7] org.hibernate.SQL                        : select ue1_0.id,ue1_0.active_flag,ue1_0.created_at,ue1_0.email,ue1_0.full_name,ue1_0.last_login_at,ue1_0.password_hash,r1_0.user_id,r1_1.id,r1_1.active_flag,r1_1.created_at,r1_1.description,r1_1.role_code,r1_1.role_name,r1_1.updated_at,ue1_0.updated_at,ue1_0.username from los_user ue1_0 left join los_user_role r1_0 on ue1_0.id=r1_0.user_id left join los_role r1_1 on r1_1.id=r1_0.role_id where ue1_0.id=?
2026-04-12T10:30:35.784+07:00 DEBUG 8612 --- [ulos] [nio-8080-exec-8] org.hibernate.SQL                        : select ate1_0.id,ate1_0.created_at,ate1_0.expires_at,ate1_0.issued_at,ate1_0.last_accessed_at,ate1_0.revoked_flag,ate1_0.token_value,ate1_0.updated_at,ate1_0.user_id from los_auth_token ate1_0 where ate1_0.token_value=? and not(ate1_0.revoked_flag)
2026-04-12T10:30:35.785+07:00 DEBUG 8612 --- [ulos] [nio-8080-exec-7] org.hibernate.SQL                        : update los_auth_token set created_at=?,expires_at=?,issued_at=?,last_accessed_at=?,revoked_flag=?,token_value=?,updated_at=?,user_id=? where id=?
2026-04-12T10:30:35.786+07:00 DEBUG 8612 --- [ulos] [nio-8080-exec-8] org.hibernate.SQL                        : select ue1_0.id,ue1_0.active_flag,ue1_0.created_at,ue1_0.email,ue1_0.full_name,ue1_0.last_login_at,ue1_0.password_hash,r1_0.user_id,r1_1.id,r1_1.active_flag,r1_1.created_at,r1_1.description,r1_1.role_code,r1_1.role_name,r1_1.updated_at,ue1_0.updated_at,ue1_0.username from los_user ue1_0 left join los_user_role r1_0 on ue1_0.id=r1_0.user_id left join los_role r1_1 on r1_1.id=r1_0.role_id where ue1_0.id=?
2026-04-12T10:30:35.788+07:00 DEBUG 8612 --- [ulos] [nio-8080-exec-8] org.hibernate.SQL                        : update los_auth_token set created_at=?,expires_at=?,issued_at=?,last_accessed_at=?,revoked_flag=?,token_value=?,updated_at=?,user_id=? where id=?
2026-04-12T10:30:35.794+07:00 DEBUG 8612 --- [ulos] [nio-8080-exec-7] o.s.web.servlet.DispatcherServlet        : GET "/api/customers/DEB-9920-X1", parameters={}
2026-04-12T10:30:35.795+07:00 DEBUG 8612 --- [ulos] [nio-8080-exec-7] s.w.s.m.m.a.RequestMappingHandlerMapping : Mapped to com.enterprise.ulos.los.controller.CustomerPortfolioController#get(String)
2026-04-12T10:30:35.796+07:00 DEBUG 8612 --- [ulos] [nio-8080-exec-7] org.hibernate.SQL                        : select ate1_0.id,ate1_0.created_at,ate1_0.expires_at,ate1_0.issued_at,ate1_0.last_accessed_at,ate1_0.revoked_flag,ate1_0.token_value,ate1_0.updated_at,ate1_0.user_id from los_auth_token ate1_0 where ate1_0.token_value=? and not(ate1_0.revoked_flag)
2026-04-12T10:30:35.796+07:00 DEBUG 8612 --- [ulos] [nio-8080-exec-6] org.hibernate.SQL                        : select ate1_0.id,ate1_0.created_at,ate1_0.expires_at,ate1_0.issued_at,ate1_0.last_accessed_at,ate1_0.revoked_flag,ate1_0.token_value,ate1_0.updated_at,ate1_0.user_id from los_auth_token ate1_0 where ate1_0.token_value=? and not(ate1_0.revoked_flag)
2026-04-12T10:30:35.797+07:00 DEBUG 8612 --- [ulos] [nio-8080-exec-6] org.hibernate.SQL                        : select ue1_0.id,ue1_0.active_flag,ue1_0.created_at,ue1_0.email,ue1_0.full_name,ue1_0.last_login_at,ue1_0.password_hash,r1_0.user_id,r1_1.id,r1_1.active_flag,r1_1.created_at,r1_1.description,r1_1.role_code,r1_1.role_name,r1_1.updated_at,ue1_0.updated_at,ue1_0.username from los_user ue1_0 left join los_user_role r1_0 on ue1_0.id=r1_0.user_id left join los_role r1_1 on r1_1.id=r1_0.role_id where ue1_0.id=?
2026-04-12T10:30:35.797+07:00 DEBUG 8612 --- [ulos] [nio-8080-exec-7] org.hibernate.SQL                        : select ue1_0.id,ue1_0.active_flag,ue1_0.created_at,ue1_0.email,ue1_0.full_name,ue1_0.last_login_at,ue1_0.password_hash,r1_0.user_id,r1_1.id,r1_1.active_flag,r1_1.created_at,r1_1.description,r1_1.role_code,r1_1.role_name,r1_1.updated_at,ue1_0.updated_at,ue1_0.username from los_user ue1_0 left join los_user_role r1_0 on ue1_0.id=r1_0.user_id left join los_role r1_1 on r1_1.id=r1_0.role_id where ue1_0.id=?
2026-04-12T10:30:35.799+07:00 DEBUG 8612 --- [ulos] [nio-8080-exec-7] org.hibernate.SQL                        : update los_auth_token set created_at=?,expires_at=?,issued_at=?,last_accessed_at=?,revoked_flag=?,token_value=?,updated_at=?,user_id=? where id=?
2026-04-12T10:30:35.799+07:00 DEBUG 8612 --- [ulos] [nio-8080-exec-6] org.hibernate.SQL                        : update los_auth_token set created_at=?,expires_at=?,issued_at=?,last_accessed_at=?,revoked_flag=?,token_value=?,updated_at=?,user_id=? where id=?
2026-04-12T10:30:35.806+07:00 DEBUG 8612 --- [ulos] [nio-8080-exec-8] o.s.web.servlet.DispatcherServlet        : GET "/api/prechecks?type=SLIK&customerCif=DEB-9920-X1&page=0&size=5", parameters={masked}
2026-04-12T10:30:35.806+07:00 DEBUG 8612 --- [ulos] [nio-8080-exec-8] s.w.s.m.m.a.RequestMappingHandlerMapping : Mapped to com.enterprise.ulos.los.controller.PrecheckController#list(String, String, String, int, int)
2026-04-12T10:30:35.811+07:00 DEBUG 8612 --- [ulos] [nio-8080-exec-8] org.hibernate.SQL                        : select ate1_0.id,ate1_0.created_at,ate1_0.expires_at,ate1_0.issued_at,ate1_0.last_accessed_at,ate1_0.revoked_flag,ate1_0.token_value,ate1_0.updated_at,ate1_0.user_id from los_auth_token ate1_0 where ate1_0.token_value=? and not(ate1_0.revoked_flag)
2026-04-12T10:30:35.813+07:00 DEBUG 8612 --- [ulos] [nio-8080-exec-8] org.hibernate.SQL                        : select ue1_0.id,ue1_0.active_flag,ue1_0.created_at,ue1_0.email,ue1_0.full_name,ue1_0.last_login_at,ue1_0.password_hash,r1_0.user_id,r1_1.id,r1_1.active_flag,r1_1.created_at,r1_1.description,r1_1.role_code,r1_1.role_name,r1_1.updated_at,ue1_0.updated_at,ue1_0.username from los_user ue1_0 left join los_user_role r1_0 on ue1_0.id=r1_0.user_id left join los_role r1_1 on r1_1.id=r1_0.role_id where ue1_0.id=?
2026-04-12T10:30:35.815+07:00 DEBUG 8612 --- [ulos] [nio-8080-exec-6] o.s.web.servlet.DispatcherServlet        : GET "/api/prechecks?type=COLLATERAL&customerCif=DEB-9920-X1&page=0&size=5", parameters={masked}
2026-04-12T10:30:35.815+07:00 DEBUG 8612 --- [ulos] [nio-8080-exec-6] s.w.s.m.m.a.RequestMappingHandlerMapping : Mapped to com.enterprise.ulos.los.controller.PrecheckController#list(String, String, String, int, int)
2026-04-12T10:30:35.816+07:00 DEBUG 8612 --- [ulos] [nio-8080-exec-8] org.hibernate.SQL                        : update los_auth_token set created_at=?,expires_at=?,issued_at=?,last_accessed_at=?,revoked_flag=?,token_value=?,updated_at=?,user_id=? where id=?
2026-04-12T10:30:35.817+07:00 DEBUG 8612 --- [ulos] [nio-8080-exec-6] org.hibernate.SQL                        : select ate1_0.id,ate1_0.created_at,ate1_0.expires_at,ate1_0.issued_at,ate1_0.last_accessed_at,ate1_0.revoked_flag,ate1_0.token_value,ate1_0.updated_at,ate1_0.user_id from los_auth_token ate1_0 where ate1_0.token_value=? and not(ate1_0.revoked_flag)
2026-04-12T10:30:35.819+07:00 DEBUG 8612 --- [ulos] [nio-8080-exec-7] org.hibernate.SQL                        : select ce1_0.id,ce1_0.cif_number,ce1_0.company_name,ce1_0.company_type,ce1_0.created_at,ce1_0.legal_name,ce1_0.location,ce1_0.profile_json,ce1_0.registration_date,ce1_0.sector,ce1_0.status,ce1_0.tax_id,ce1_0.updated_at from los_customer ce1_0 where ce1_0.cif_number=?
2026-04-12T10:30:35.821+07:00 DEBUG 8612 --- [ulos] [nio-8080-exec-6] org.hibernate.SQL                        : select ue1_0.id,ue1_0.active_flag,ue1_0.created_at,ue1_0.email,ue1_0.full_name,ue1_0.last_login_at,ue1_0.password_hash,r1_0.user_id,r1_1.id,r1_1.active_flag,r1_1.created_at,r1_1.description,r1_1.role_code,r1_1.role_name,r1_1.updated_at,ue1_0.updated_at,ue1_0.username from los_user ue1_0 left join los_user_role r1_0 on ue1_0.id=r1_0.user_id left join los_role r1_1 on r1_1.id=r1_0.role_id where ue1_0.id=?
2026-04-12T10:30:35.822+07:00 DEBUG 8612 --- [ulos] [nio-8080-exec-7] m.m.a.RequestResponseBodyMethodProcessor : Using 'application/json', given [*/*] and supported [application/json, application/*+json]
2026-04-12T10:30:35.822+07:00 DEBUG 8612 --- [ulos] [nio-8080-exec-7] m.m.a.RequestResponseBodyMethodProcessor : Writing [CustomerDetailResponse[id=1, cifNumber=DEB-9920-X1, companyName=Global Logistics Systems Corp., lega (truncated)...]
2026-04-12T10:30:35.824+07:00 DEBUG 8612 --- [ulos] [nio-8080-exec-6] org.hibernate.SQL                        : update los_auth_token set created_at=?,expires_at=?,issued_at=?,last_accessed_at=?,revoked_flag=?,token_value=?,updated_at=?,user_id=? where id=?
2026-04-12T10:30:35.824+07:00 DEBUG 8612 --- [ulos] [nio-8080-exec-7] o.s.web.servlet.DispatcherServlet        : Completed 200 OK
2026-04-12T10:30:35.831+07:00 DEBUG 8612 --- [ulos] [nio-8080-exec-5] org.hibernate.SQL                        : select ate1_0.id,ate1_0.created_at,ate1_0.expires_at,ate1_0.issued_at,ate1_0.last_accessed_at,ate1_0.revoked_flag,ate1_0.token_value,ate1_0.updated_at,ate1_0.user_id from los_auth_token ate1_0 where ate1_0.token_value=? and not(ate1_0.revoked_flag)
2026-04-12T10:30:35.833+07:00 DEBUG 8612 --- [ulos] [nio-8080-exec-5] org.hibernate.SQL                        : select ue1_0.id,ue1_0.active_flag,ue1_0.created_at,ue1_0.email,ue1_0.full_name,ue1_0.last_login_at,ue1_0.password_hash,r1_0.user_id,r1_1.id,r1_1.active_flag,r1_1.created_at,r1_1.description,r1_1.role_code,r1_1.role_name,r1_1.updated_at,ue1_0.updated_at,ue1_0.username from los_user ue1_0 left join los_user_role r1_0 on ue1_0.id=r1_0.user_id left join los_role r1_1 on r1_1.id=r1_0.role_id where ue1_0.id=?
2026-04-12T10:30:35.835+07:00 DEBUG 8612 --- [ulos] [nio-8080-exec-8] org.hibernate.SQL                        : select pse1_0.id,pse1_0.check_ref,pse1_0.check_type,pse1_0.completed_at,pse1_0.created_at,pse1_0.customer_id,pse1_0.linked_application_id,pse1_0.notes,pse1_0.requested_at,pse1_0.result_json,pse1_0.result_summary,pse1_0.status,pse1_0.updated_at from los_precheck_session pse1_0 join los_customer c1_0 on c1_0.id=pse1_0.customer_id where (? is null or ?='' or upper(pse1_0.check_type)=upper(?)) and (? is null or ?='' or lower(c1_0.cif_number)=lower(?)) and (? is null or ?='' or lower(pse1_0.check_ref) like lower(concat('%',?,'%')) escape '' or lower(c1_0.cif_number) like lower(concat('%',?,'%')) escape '' or lower(c1_0.company_name) like lower(concat('%',?,'%')) escape '' or lower(coalesce(pse1_0.status,'')) like lower(concat('%',?,'%')) escape '' or lower(coalesce(pse1_0.result_summary,'')) like lower(concat('%',?,'%')) escape '') order by pse1_0.updated_at desc limit ?
2026-04-12T10:30:35.835+07:00 DEBUG 8612 --- [ulos] [nio-8080-exec-5] org.hibernate.SQL                        : update los_auth_token set created_at=?,expires_at=?,issued_at=?,last_accessed_at=?,revoked_flag=?,token_value=?,updated_at=?,user_id=? where id=?
2026-04-12T10:30:35.838+07:00 DEBUG 8612 --- [ulos] [nio-8080-exec-8] m.m.a.RequestResponseBodyMethodProcessor : Using 'application/json', given [*/*] and supported [application/json, application/*+json]
2026-04-12T10:30:35.839+07:00 DEBUG 8612 --- [ulos] [nio-8080-exec-8] m.m.a.RequestResponseBodyMethodProcessor : Writing [PrecheckPageResponse[items=[], totalElements=0, totalPages=0, page=0, size=5]]
2026-04-12T10:30:35.839+07:00 DEBUG 8612 --- [ulos] [nio-8080-exec-8] o.s.web.servlet.DispatcherServlet        : Completed 200 OK
2026-04-12T10:30:35.842+07:00 DEBUG 8612 --- [ulos] [nio-8080-exec-6] org.hibernate.SQL                        : select pse1_0.id,pse1_0.check_ref,pse1_0.check_type,pse1_0.completed_at,pse1_0.created_at,pse1_0.customer_id,pse1_0.linked_application_id,pse1_0.notes,pse1_0.requested_at,pse1_0.result_json,pse1_0.result_summary,pse1_0.status,pse1_0.updated_at from los_precheck_session pse1_0 join los_customer c1_0 on c1_0.id=pse1_0.customer_id where (? is null or ?='' or upper(pse1_0.check_type)=upper(?)) and (? is null or ?='' or lower(c1_0.cif_number)=lower(?)) and (? is null or ?='' or lower(pse1_0.check_ref) like lower(concat('%',?,'%')) escape '' or lower(c1_0.cif_number) like lower(concat('%',?,'%')) escape '' or lower(c1_0.company_name) like lower(concat('%',?,'%')) escape '' or lower(coalesce(pse1_0.status,'')) like lower(concat('%',?,'%')) escape '' or lower(coalesce(pse1_0.result_summary,'')) like lower(concat('%',?,'%')) escape '') order by pse1_0.updated_at desc limit ?
2026-04-12T10:30:35.845+07:00 DEBUG 8612 --- [ulos] [nio-8080-exec-6] m.m.a.RequestResponseBodyMethodProcessor : Using 'application/json', given [*/*] and supported [application/json, application/*+json]
2026-04-12T10:30:35.845+07:00 DEBUG 8612 --- [ulos] [nio-8080-exec-6] m.m.a.RequestResponseBodyMethodProcessor : Writing [PrecheckPageResponse[items=[], totalElements=0, totalPages=0, page=0, size=5]]
2026-04-12T10:30:35.846+07:00 DEBUG 8612 --- [ulos] [nio-8080-exec-6] o.s.web.servlet.DispatcherServlet        : Completed 200 OK
2026-04-12T10:30:35.850+07:00 DEBUG 8612 --- [ulos] [nio-8080-exec-9] org.hibernate.SQL                        : select ate1_0.id,ate1_0.created_at,ate1_0.expires_at,ate1_0.issued_at,ate1_0.last_accessed_at,ate1_0.revoked_flag,ate1_0.token_value,ate1_0.updated_at,ate1_0.user_id from los_auth_token ate1_0 where ate1_0.token_value=? and not(ate1_0.revoked_flag)
2026-04-12T10:30:35.851+07:00 DEBUG 8612 --- [ulos] [nio-8080-exec-5] o.s.web.servlet.DispatcherServlet        : GET "/api/customers/DEB-9920-X1", parameters={}
2026-04-12T10:30:35.851+07:00 DEBUG 8612 --- [ulos] [nio-8080-exec-5] s.w.s.m.m.a.RequestMappingHandlerMapping : Mapped to com.enterprise.ulos.los.controller.CustomerPortfolioController#get(String)
2026-04-12T10:30:35.852+07:00 DEBUG 8612 --- [ulos] [nio-8080-exec-9] org.hibernate.SQL                        : select ue1_0.id,ue1_0.active_flag,ue1_0.created_at,ue1_0.email,ue1_0.full_name,ue1_0.last_login_at,ue1_0.password_hash,r1_0.user_id,r1_1.id,r1_1.active_flag,r1_1.created_at,r1_1.description,r1_1.role_code,r1_1.role_name,r1_1.updated_at,ue1_0.updated_at,ue1_0.username from los_user ue1_0 left join los_user_role r1_0 on ue1_0.id=r1_0.user_id left join los_role r1_1 on r1_1.id=r1_0.role_id where ue1_0.id=?
2026-04-12T10:30:35.853+07:00 DEBUG 8612 --- [ulos] [nio-8080-exec-5] org.hibernate.SQL                        : select ate1_0.id,ate1_0.created_at,ate1_0.expires_at,ate1_0.issued_at,ate1_0.last_accessed_at,ate1_0.revoked_flag,ate1_0.token_value,ate1_0.updated_at,ate1_0.user_id from los_auth_token ate1_0 where ate1_0.token_value=? and not(ate1_0.revoked_flag)
2026-04-12T10:30:35.854+07:00 DEBUG 8612 --- [ulos] [nio-8080-exec-9] org.hibernate.SQL                        : update los_auth_token set created_at=?,expires_at=?,issued_at=?,last_accessed_at=?,revoked_flag=?,token_value=?,updated_at=?,user_id=? where id=?
2026-04-12T10:30:35.855+07:00 DEBUG 8612 --- [ulos] [nio-8080-exec-5] org.hibernate.SQL                        : select ue1_0.id,ue1_0.active_flag,ue1_0.created_at,ue1_0.email,ue1_0.full_name,ue1_0.last_login_at,ue1_0.password_hash,r1_0.user_id,r1_1.id,r1_1.active_flag,r1_1.created_at,r1_1.description,r1_1.role_code,r1_1.role_name,r1_1.updated_at,ue1_0.updated_at,ue1_0.username from los_user ue1_0 left join los_user_role r1_0 on ue1_0.id=r1_0.user_id left join los_role r1_1 on r1_1.id=r1_0.role_id where ue1_0.id=?
2026-04-12T10:30:35.857+07:00 DEBUG 8612 --- [ulos] [nio-8080-exec-5] org.hibernate.SQL                        : update los_auth_token set created_at=?,expires_at=?,issued_at=?,last_accessed_at=?,revoked_flag=?,token_value=?,updated_at=?,user_id=? where id=?
2026-04-12T10:30:35.860+07:00 DEBUG 8612 --- [ulos] [io-8080-exec-10] org.hibernate.SQL                        : select ate1_0.id,ate1_0.created_at,ate1_0.expires_at,ate1_0.issued_at,ate1_0.last_accessed_at,ate1_0.revoked_flag,ate1_0.token_value,ate1_0.updated_at,ate1_0.user_id from los_auth_token ate1_0 where ate1_0.token_value=? and not(ate1_0.revoked_flag)
2026-04-12T10:30:35.862+07:00 DEBUG 8612 --- [ulos] [io-8080-exec-10] org.hibernate.SQL                        : select ue1_0.id,ue1_0.active_flag,ue1_0.created_at,ue1_0.email,ue1_0.full_name,ue1_0.last_login_at,ue1_0.password_hash,r1_0.user_id,r1_1.id,r1_1.active_flag,r1_1.created_at,r1_1.description,r1_1.role_code,r1_1.role_name,r1_1.updated_at,ue1_0.updated_at,ue1_0.username from los_user ue1_0 left join los_user_role r1_0 on ue1_0.id=r1_0.user_id left join los_role r1_1 on r1_1.id=r1_0.role_id where ue1_0.id=?
2026-04-12T10:30:35.865+07:00 DEBUG 8612 --- [ulos] [io-8080-exec-10] org.hibernate.SQL                        : update los_auth_token set created_at=?,expires_at=?,issued_at=?,last_accessed_at=?,revoked_flag=?,token_value=?,updated_at=?,user_id=? where id=?
2026-04-12T10:30:35.866+07:00 DEBUG 8612 --- [ulos] [nio-8080-exec-9] o.s.web.servlet.DispatcherServlet        : GET "/api/prechecks?type=SLIK&customerCif=DEB-9920-X1&page=0&size=5", parameters={masked}
2026-04-12T10:30:35.866+07:00 DEBUG 8612 --- [ulos] [nio-8080-exec-9] s.w.s.m.m.a.RequestMappingHandlerMapping : Mapped to com.enterprise.ulos.los.controller.PrecheckController#list(String, String, String, int, int)
2026-04-12T10:30:35.870+07:00 DEBUG 8612 --- [ulos] [nio-8080-exec-9] org.hibernate.SQL                        : select ate1_0.id,ate1_0.created_at,ate1_0.expires_at,ate1_0.issued_at,ate1_0.last_accessed_at,ate1_0.revoked_flag,ate1_0.token_value,ate1_0.updated_at,ate1_0.user_id from los_auth_token ate1_0 where ate1_0.token_value=? and not(ate1_0.revoked_flag)
2026-04-12T10:30:35.872+07:00 DEBUG 8612 --- [ulos] [nio-8080-exec-9] org.hibernate.SQL                        : select ue1_0.id,ue1_0.active_flag,ue1_0.created_at,ue1_0.email,ue1_0.full_name,ue1_0.last_login_at,ue1_0.password_hash,r1_0.user_id,r1_1.id,r1_1.active_flag,r1_1.created_at,r1_1.description,r1_1.role_code,r1_1.role_name,r1_1.updated_at,ue1_0.updated_at,ue1_0.username from los_user ue1_0 left join los_user_role r1_0 on ue1_0.id=r1_0.user_id left join los_role r1_1 on r1_1.id=r1_0.role_id where ue1_0.id=?
2026-04-12T10:30:35.874+07:00 DEBUG 8612 --- [ulos] [nio-8080-exec-9] org.hibernate.SQL                        : update los_auth_token set created_at=?,expires_at=?,issued_at=?,last_accessed_at=?,revoked_flag=?,token_value=?,updated_at=?,user_id=? where id=?
2026-04-12T10:30:35.876+07:00 DEBUG 8612 --- [ulos] [nio-8080-exec-5] org.hibernate.SQL                        : select ce1_0.id,ce1_0.cif_number,ce1_0.company_name,ce1_0.company_type,ce1_0.created_at,ce1_0.legal_name,ce1_0.location,ce1_0.profile_json,ce1_0.registration_date,ce1_0.sector,ce1_0.status,ce1_0.tax_id,ce1_0.updated_at from los_customer ce1_0 where ce1_0.cif_number=?
2026-04-12T10:30:35.879+07:00 DEBUG 8612 --- [ulos] [nio-8080-exec-5] m.m.a.RequestResponseBodyMethodProcessor : Using 'application/json', given [*/*] and supported [application/json, application/*+json]
2026-04-12T10:30:35.879+07:00 DEBUG 8612 --- [ulos] [nio-8080-exec-5] m.m.a.RequestResponseBodyMethodProcessor : Writing [CustomerDetailResponse[id=1, cifNumber=DEB-9920-X1, companyName=Global Logistics Systems Corp., lega (truncated)...]
2026-04-12T10:30:35.880+07:00 DEBUG 8612 --- [ulos] [nio-8080-exec-5] o.s.web.servlet.DispatcherServlet        : Completed 200 OK
2026-04-12T10:30:35.884+07:00 DEBUG 8612 --- [ulos] [io-8080-exec-10] o.s.web.servlet.DispatcherServlet        : GET "/api/prechecks?type=COLLATERAL&customerCif=DEB-9920-X1&page=0&size=5", parameters={masked}
2026-04-12T10:30:35.884+07:00 DEBUG 8612 --- [ulos] [io-8080-exec-10] s.w.s.m.m.a.RequestMappingHandlerMapping : Mapped to com.enterprise.ulos.los.controller.PrecheckController#list(String, String, String, int, int)
2026-04-12T10:30:35.885+07:00 DEBUG 8612 --- [ulos] [io-8080-exec-10] org.hibernate.SQL                        : select ate1_0.id,ate1_0.created_at,ate1_0.expires_at,ate1_0.issued_at,ate1_0.last_accessed_at,ate1_0.revoked_flag,ate1_0.token_value,ate1_0.updated_at,ate1_0.user_id from los_auth_token ate1_0 where ate1_0.token_value=? and not(ate1_0.revoked_flag)
2026-04-12T10:30:35.886+07:00 DEBUG 8612 --- [ulos] [io-8080-exec-10] org.hibernate.SQL                        : select ue1_0.id,ue1_0.active_flag,ue1_0.created_at,ue1_0.email,ue1_0.full_name,ue1_0.last_login_at,ue1_0.password_hash,r1_0.user_id,r1_1.id,r1_1.active_flag,r1_1.created_at,r1_1.description,r1_1.role_code,r1_1.role_name,r1_1.updated_at,ue1_0.updated_at,ue1_0.username from los_user ue1_0 left join los_user_role r1_0 on ue1_0.id=r1_0.user_id left join los_role r1_1 on r1_1.id=r1_0.role_id where ue1_0.id=?
2026-04-12T10:30:35.886+07:00 DEBUG 8612 --- [ulos] [io-8080-exec-10] org.hibernate.SQL                        : update los_auth_token set created_at=?,expires_at=?,issued_at=?,last_accessed_at=?,revoked_flag=?,token_value=?,updated_at=?,user_id=? where id=?
2026-04-12T10:30:35.896+07:00 DEBUG 8612 --- [ulos] [nio-8080-exec-9] org.hibernate.SQL                        : select pse1_0.id,pse1_0.check_ref,pse1_0.check_type,pse1_0.completed_at,pse1_0.created_at,pse1_0.customer_id,pse1_0.linked_application_id,pse1_0.notes,pse1_0.requested_at,pse1_0.result_json,pse1_0.result_summary,pse1_0.status,pse1_0.updated_at from los_precheck_session pse1_0 join los_customer c1_0 on c1_0.id=pse1_0.customer_id where (? is null or ?='' or upper(pse1_0.check_type)=upper(?)) and (? is null or ?='' or lower(c1_0.cif_number)=lower(?)) and (? is null or ?='' or lower(pse1_0.check_ref) like lower(concat('%',?,'%')) escape '' or lower(c1_0.cif_number) like lower(concat('%',?,'%')) escape '' or lower(c1_0.company_name) like lower(concat('%',?,'%')) escape '' or lower(coalesce(pse1_0.status,'')) like lower(concat('%',?,'%')) escape '' or lower(coalesce(pse1_0.result_summary,'')) like lower(concat('%',?,'%')) escape '') order by pse1_0.updated_at desc limit ?
2026-04-12T10:30:35.898+07:00 DEBUG 8612 --- [ulos] [nio-8080-exec-9] m.m.a.RequestResponseBodyMethodProcessor : Using 'application/json', given [*/*] and supported [application/json, application/*+json]
2026-04-12T10:30:35.898+07:00 DEBUG 8612 --- [ulos] [nio-8080-exec-9] m.m.a.RequestResponseBodyMethodProcessor : Writing [PrecheckPageResponse[items=[], totalElements=0, totalPages=0, page=0, size=5]]
2026-04-12T10:30:35.899+07:00 DEBUG 8612 --- [ulos] [nio-8080-exec-9] o.s.web.servlet.DispatcherServlet        : Completed 200 OK
2026-04-12T10:30:35.906+07:00 DEBUG 8612 --- [ulos] [io-8080-exec-10] org.hibernate.SQL                        : select pse1_0.id,pse1_0.check_ref,pse1_0.check_type,pse1_0.completed_at,pse1_0.created_at,pse1_0.customer_id,pse1_0.linked_application_id,pse1_0.notes,pse1_0.requested_at,pse1_0.result_json,pse1_0.result_summary,pse1_0.status,pse1_0.updated_at from los_precheck_session pse1_0 join los_customer c1_0 on c1_0.id=pse1_0.customer_id where (? is null or ?='' or upper(pse1_0.check_type)=upper(?)) and (? is null or ?='' or lower(c1_0.cif_number)=lower(?)) and (? is null or ?='' or lower(pse1_0.check_ref) like lower(concat('%',?,'%')) escape '' or lower(c1_0.cif_number) like lower(concat('%',?,'%')) escape '' or lower(c1_0.company_name) like lower(concat('%',?,'%')) escape '' or lower(coalesce(pse1_0.status,'')) like lower(concat('%',?,'%')) escape '' or lower(coalesce(pse1_0.result_summary,'')) like lower(concat('%',?,'%')) escape '') order by pse1_0.updated_at desc limit ?
2026-04-12T10:30:35.908+07:00 DEBUG 8612 --- [ulos] [io-8080-exec-10] m.m.a.RequestResponseBodyMethodProcessor : Using 'application/json', given [*/*] and supported [application/json, application/*+json]
2026-04-12T10:30:35.908+07:00 DEBUG 8612 --- [ulos] [io-8080-exec-10] m.m.a.RequestResponseBodyMethodProcessor : Writing [PrecheckPageResponse[items=[], totalElements=0, totalPages=0, page=0, size=5]]
2026-04-12T10:30:35.909+07:00 DEBUG 8612 --- [ulos] [io-8080-exec-10] o.s.web.servlet.DispatcherServlet        : Completed 200 OK
2026-04-12T10:39:33.570+07:00 DEBUG 8612 --- [ulos] [nio-8080-exec-3] org.hibernate.SQL                        : select ate1_0.id,ate1_0.created_at,ate1_0.expires_at,ate1_0.issued_at,ate1_0.last_accessed_at,ate1_0.revoked_flag,ate1_0.token_value,ate1_0.updated_at,ate1_0.user_id from los_auth_token ate1_0 where ate1_0.token_value=? and not(ate1_0.revoked_flag)
2026-04-12T10:39:33.570+07:00 DEBUG 8612 --- [ulos] [nio-8080-exec-3] org.hibernate.SQL                        : select ue1_0.id,ue1_0.active_flag,ue1_0.created_at,ue1_0.email,ue1_0.full_name,ue1_0.last_login_at,ue1_0.password_hash,r1_0.user_id,r1_1.id,r1_1.active_flag,r1_1.created_at,r1_1.description,r1_1.role_code,r1_1.role_name,r1_1.updated_at,ue1_0.updated_at,ue1_0.username from los_user ue1_0 left join los_user_role r1_0 on ue1_0.id=r1_0.user_id left join los_role r1_1 on r1_1.id=r1_0.role_id where ue1_0.id=?
2026-04-12T10:39:33.586+07:00 DEBUG 8612 --- [ulos] [nio-8080-exec-3] org.hibernate.SQL                        : update los_auth_token set created_at=?,expires_at=?,issued_at=?,last_accessed_at=?,revoked_flag=?,token_value=?,updated_at=?,user_id=? where id=?
2026-04-12T10:39:33.738+07:00 DEBUG 8612 --- [ulos] [nio-8080-exec-3] o.s.web.servlet.DispatcherServlet        : GET "/api/auth/me", parameters={}
2026-04-12T10:39:33.738+07:00 DEBUG 8612 --- [ulos] [nio-8080-exec-3] s.w.s.m.m.a.RequestMappingHandlerMapping : Mapped to com.enterprise.ulos.los.controller.AuthController#me(String, String)
2026-04-12T10:39:33.740+07:00 DEBUG 8612 --- [ulos] [nio-8080-exec-3] org.hibernate.SQL                        : select ate1_0.id,ate1_0.created_at,ate1_0.expires_at,ate1_0.issued_at,ate1_0.last_accessed_at,ate1_0.revoked_flag,ate1_0.token_value,ate1_0.updated_at,ate1_0.user_id from los_auth_token ate1_0 where ate1_0.token_value=? and not(ate1_0.revoked_flag)
2026-04-12T10:39:33.742+07:00 DEBUG 8612 --- [ulos] [nio-8080-exec-3] org.hibernate.SQL                        : select ue1_0.id,ue1_0.active_flag,ue1_0.created_at,ue1_0.email,ue1_0.full_name,ue1_0.last_login_at,ue1_0.password_hash,r1_0.user_id,r1_1.id,r1_1.active_flag,r1_1.created_at,r1_1.description,r1_1.role_code,r1_1.role_name,r1_1.updated_at,ue1_0.updated_at,ue1_0.username from los_user ue1_0 left join los_user_role r1_0 on ue1_0.id=r1_0.user_id left join los_role r1_1 on r1_1.id=r1_0.role_id where ue1_0.id=?
2026-04-12T10:39:33.744+07:00 DEBUG 8612 --- [ulos] [nio-8080-exec-3] org.hibernate.SQL                        : update los_auth_token set created_at=?,expires_at=?,issued_at=?,last_accessed_at=?,revoked_flag=?,token_value=?,updated_at=?,user_id=? where id=?
2026-04-12T10:39:33.756+07:00 DEBUG 8612 --- [ulos] [nio-8080-exec-3] org.hibernate.SQL                        : select ate1_0.id,ate1_0.created_at,ate1_0.expires_at,ate1_0.issued_at,ate1_0.last_accessed_at,ate1_0.revoked_flag,ate1_0.token_value,ate1_0.updated_at,ate1_0.user_id from los_auth_token ate1_0 where ate1_0.token_value=? and not(ate1_0.revoked_flag)
2026-04-12T10:39:33.757+07:00 DEBUG 8612 --- [ulos] [nio-8080-exec-3] org.hibernate.SQL                        : select ue1_0.id,ue1_0.active_flag,ue1_0.created_at,ue1_0.email,ue1_0.full_name,ue1_0.last_login_at,ue1_0.password_hash,r1_0.user_id,r1_1.id,r1_1.active_flag,r1_1.created_at,r1_1.description,r1_1.role_code,r1_1.role_name,r1_1.updated_at,ue1_0.updated_at,ue1_0.username from los_user ue1_0 left join los_user_role r1_0 on ue1_0.id=r1_0.user_id left join los_role r1_1 on r1_1.id=r1_0.role_id where ue1_0.id=?
2026-04-12T10:39:33.760+07:00 DEBUG 8612 --- [ulos] [nio-8080-exec-3] m.m.a.RequestResponseBodyMethodProcessor : Using 'application/json', given [*/*] and supported [application/json, application/*+json]
2026-04-12T10:39:33.760+07:00 DEBUG 8612 --- [ulos] [nio-8080-exec-3] m.m.a.RequestResponseBodyMethodProcessor : Writing [UserProfileResponse[userId=1, username=admin, fullName=System Administrator, email=admin@ulos.local, (truncated)...]
2026-04-12T10:39:33.763+07:00 DEBUG 8612 --- [ulos] [nio-8080-exec-3] o.s.web.servlet.DispatcherServlet        : Completed 200 OK
2026-04-12T10:39:33.833+07:00 DEBUG 8612 --- [ulos] [nio-8080-exec-7] org.hibernate.SQL                        : select ate1_0.id,ate1_0.created_at,ate1_0.expires_at,ate1_0.issued_at,ate1_0.last_accessed_at,ate1_0.revoked_flag,ate1_0.token_value,ate1_0.updated_at,ate1_0.user_id from los_auth_token ate1_0 where ate1_0.token_value=? and not(ate1_0.revoked_flag)
2026-04-12T10:39:33.833+07:00 DEBUG 8612 --- [ulos] [nio-8080-exec-7] org.hibernate.SQL                        : select ue1_0.id,ue1_0.active_flag,ue1_0.created_at,ue1_0.email,ue1_0.full_name,ue1_0.last_login_at,ue1_0.password_hash,r1_0.user_id,r1_1.id,r1_1.active_flag,r1_1.created_at,r1_1.description,r1_1.role_code,r1_1.role_name,r1_1.updated_at,ue1_0.updated_at,ue1_0.username from los_user ue1_0 left join los_user_role r1_0 on ue1_0.id=r1_0.user_id left join los_role r1_1 on r1_1.id=r1_0.role_id where ue1_0.id=?
2026-04-12T10:39:33.833+07:00 DEBUG 8612 --- [ulos] [nio-8080-exec-7] org.hibernate.SQL                        : update los_auth_token set created_at=?,expires_at=?,issued_at=?,last_accessed_at=?,revoked_flag=?,token_value=?,updated_at=?,user_id=? where id=?
2026-04-12T10:39:33.848+07:00 DEBUG 8612 --- [ulos] [nio-8080-exec-7] o.s.web.servlet.DispatcherServlet        : GET "/api/auth/me", parameters={}
2026-04-12T10:39:33.848+07:00 DEBUG 8612 --- [ulos] [nio-8080-exec-7] s.w.s.m.m.a.RequestMappingHandlerMapping : Mapped to com.enterprise.ulos.los.controller.AuthController#me(String, String)
2026-04-12T10:39:33.848+07:00 DEBUG 8612 --- [ulos] [nio-8080-exec-7] org.hibernate.SQL                        : select ate1_0.id,ate1_0.created_at,ate1_0.expires_at,ate1_0.issued_at,ate1_0.last_accessed_at,ate1_0.revoked_flag,ate1_0.token_value,ate1_0.updated_at,ate1_0.user_id from los_auth_token ate1_0 where ate1_0.token_value=? and not(ate1_0.revoked_flag)
2026-04-12T10:39:33.848+07:00 DEBUG 8612 --- [ulos] [nio-8080-exec-7] org.hibernate.SQL                        : select ue1_0.id,ue1_0.active_flag,ue1_0.created_at,ue1_0.email,ue1_0.full_name,ue1_0.last_login_at,ue1_0.password_hash,r1_0.user_id,r1_1.id,r1_1.active_flag,r1_1.created_at,r1_1.description,r1_1.role_code,r1_1.role_name,r1_1.updated_at,ue1_0.updated_at,ue1_0.username from los_user ue1_0 left join los_user_role r1_0 on ue1_0.id=r1_0.user_id left join los_role r1_1 on r1_1.id=r1_0.role_id where ue1_0.id=?
2026-04-12T10:39:33.848+07:00 DEBUG 8612 --- [ulos] [nio-8080-exec-7] org.hibernate.SQL                        : update los_auth_token set created_at=?,expires_at=?,issued_at=?,last_accessed_at=?,revoked_flag=?,token_value=?,updated_at=?,user_id=? where id=?
2026-04-12T10:39:33.864+07:00 DEBUG 8612 --- [ulos] [nio-8080-exec-7] org.hibernate.SQL                        : select ate1_0.id,ate1_0.created_at,ate1_0.expires_at,ate1_0.issued_at,ate1_0.last_accessed_at,ate1_0.revoked_flag,ate1_0.token_value,ate1_0.updated_at,ate1_0.user_id from los_auth_token ate1_0 where ate1_0.token_value=? and not(ate1_0.revoked_flag)
2026-04-12T10:39:33.864+07:00 DEBUG 8612 --- [ulos] [nio-8080-exec-7] org.hibernate.SQL                        : select ue1_0.id,ue1_0.active_flag,ue1_0.created_at,ue1_0.email,ue1_0.full_name,ue1_0.last_login_at,ue1_0.password_hash,r1_0.user_id,r1_1.id,r1_1.active_flag,r1_1.created_at,r1_1.description,r1_1.role_code,r1_1.role_name,r1_1.updated_at,ue1_0.updated_at,ue1_0.username from los_user ue1_0 left join los_user_role r1_0 on ue1_0.id=r1_0.user_id left join los_role r1_1 on r1_1.id=r1_0.role_id where ue1_0.id=?
2026-04-12T10:39:33.864+07:00 DEBUG 8612 --- [ulos] [nio-8080-exec-7] m.m.a.RequestResponseBodyMethodProcessor : Using 'application/json', given [*/*] and supported [application/json, application/*+json]
2026-04-12T10:39:33.864+07:00 DEBUG 8612 --- [ulos] [nio-8080-exec-7] m.m.a.RequestResponseBodyMethodProcessor : Writing [UserProfileResponse[userId=1, username=admin, fullName=System Administrator, email=admin@ulos.local, (truncated)...]
2026-04-12T10:39:33.864+07:00 DEBUG 8612 --- [ulos] [nio-8080-exec-7] o.s.web.servlet.DispatcherServlet        : Completed 200 OK
2026-04-12T10:39:34.205+07:00 DEBUG 8612 --- [ulos] [nio-8080-exec-8] org.hibernate.SQL                        : select ate1_0.id,ate1_0.created_at,ate1_0.expires_at,ate1_0.issued_at,ate1_0.last_accessed_at,ate1_0.revoked_flag,ate1_0.token_value,ate1_0.updated_at,ate1_0.user_id from los_auth_token ate1_0 where ate1_0.token_value=? and not(ate1_0.revoked_flag)
2026-04-12T10:39:34.206+07:00 DEBUG 8612 --- [ulos] [nio-8080-exec-8] org.hibernate.SQL                        : select ue1_0.id,ue1_0.active_flag,ue1_0.created_at,ue1_0.email,ue1_0.full_name,ue1_0.last_login_at,ue1_0.password_hash,r1_0.user_id,r1_1.id,r1_1.active_flag,r1_1.created_at,r1_1.description,r1_1.role_code,r1_1.role_name,r1_1.updated_at,ue1_0.updated_at,ue1_0.username from los_user ue1_0 left join los_user_role r1_0 on ue1_0.id=r1_0.user_id left join los_role r1_1 on r1_1.id=r1_0.role_id where ue1_0.id=?
2026-04-12T10:39:34.209+07:00 DEBUG 8612 --- [ulos] [nio-8080-exec-8] org.hibernate.SQL                        : update los_auth_token set created_at=?,expires_at=?,issued_at=?,last_accessed_at=?,revoked_flag=?,token_value=?,updated_at=?,user_id=? where id=?
2026-04-12T10:39:34.223+07:00 DEBUG 8612 --- [ulos] [nio-8080-exec-5] org.hibernate.SQL                        : select ate1_0.id,ate1_0.created_at,ate1_0.expires_at,ate1_0.issued_at,ate1_0.last_accessed_at,ate1_0.revoked_flag,ate1_0.token_value,ate1_0.updated_at,ate1_0.user_id from los_auth_token ate1_0 where ate1_0.token_value=? and not(ate1_0.revoked_flag)
2026-04-12T10:39:34.223+07:00 DEBUG 8612 --- [ulos] [nio-8080-exec-5] org.hibernate.SQL                        : select ue1_0.id,ue1_0.active_flag,ue1_0.created_at,ue1_0.email,ue1_0.full_name,ue1_0.last_login_at,ue1_0.password_hash,r1_0.user_id,r1_1.id,r1_1.active_flag,r1_1.created_at,r1_1.description,r1_1.role_code,r1_1.role_name,r1_1.updated_at,ue1_0.updated_at,ue1_0.username from los_user ue1_0 left join los_user_role r1_0 on ue1_0.id=r1_0.user_id left join los_role r1_1 on r1_1.id=r1_0.role_id where ue1_0.id=?
2026-04-12T10:39:34.239+07:00 DEBUG 8612 --- [ulos] [nio-8080-exec-5] org.hibernate.SQL                        : update los_auth_token set created_at=?,expires_at=?,issued_at=?,last_accessed_at=?,revoked_flag=?,token_value=?,updated_at=?,user_id=? where id=?
2026-04-12T10:39:34.244+07:00 DEBUG 8612 --- [ulos] [nio-8080-exec-6] org.hibernate.SQL                        : select ate1_0.id,ate1_0.created_at,ate1_0.expires_at,ate1_0.issued_at,ate1_0.last_accessed_at,ate1_0.revoked_flag,ate1_0.token_value,ate1_0.updated_at,ate1_0.user_id from los_auth_token ate1_0 where ate1_0.token_value=? and not(ate1_0.revoked_flag)
2026-04-12T10:39:34.250+07:00 DEBUG 8612 --- [ulos] [nio-8080-exec-6] org.hibernate.SQL                        : select ue1_0.id,ue1_0.active_flag,ue1_0.created_at,ue1_0.email,ue1_0.full_name,ue1_0.last_login_at,ue1_0.password_hash,r1_0.user_id,r1_1.id,r1_1.active_flag,r1_1.created_at,r1_1.description,r1_1.role_code,r1_1.role_name,r1_1.updated_at,ue1_0.updated_at,ue1_0.username from los_user ue1_0 left join los_user_role r1_0 on ue1_0.id=r1_0.user_id left join los_role r1_1 on r1_1.id=r1_0.role_id where ue1_0.id=?
2026-04-12T10:39:34.257+07:00 DEBUG 8612 --- [ulos] [nio-8080-exec-6] org.hibernate.SQL                        : update los_auth_token set created_at=?,expires_at=?,issued_at=?,last_accessed_at=?,revoked_flag=?,token_value=?,updated_at=?,user_id=? where id=?
2026-04-12T10:39:34.328+07:00 DEBUG 8612 --- [ulos] [nio-8080-exec-8] o.s.web.servlet.DispatcherServlet        : GET "/api/customers/DEB-9920-X1", parameters={}
2026-04-12T10:39:34.328+07:00 DEBUG 8612 --- [ulos] [nio-8080-exec-8] s.w.s.m.m.a.RequestMappingHandlerMapping : Mapped to com.enterprise.ulos.los.controller.CustomerPortfolioController#get(String)
2026-04-12T10:39:34.330+07:00 DEBUG 8612 --- [ulos] [nio-8080-exec-8] org.hibernate.SQL                        : select ate1_0.id,ate1_0.created_at,ate1_0.expires_at,ate1_0.issued_at,ate1_0.last_accessed_at,ate1_0.revoked_flag,ate1_0.token_value,ate1_0.updated_at,ate1_0.user_id from los_auth_token ate1_0 where ate1_0.token_value=? and not(ate1_0.revoked_flag)
2026-04-12T10:39:34.331+07:00 DEBUG 8612 --- [ulos] [nio-8080-exec-8] org.hibernate.SQL                        : select ue1_0.id,ue1_0.active_flag,ue1_0.created_at,ue1_0.email,ue1_0.full_name,ue1_0.last_login_at,ue1_0.password_hash,r1_0.user_id,r1_1.id,r1_1.active_flag,r1_1.created_at,r1_1.description,r1_1.role_code,r1_1.role_name,r1_1.updated_at,ue1_0.updated_at,ue1_0.username from los_user ue1_0 left join los_user_role r1_0 on ue1_0.id=r1_0.user_id left join los_role r1_1 on r1_1.id=r1_0.role_id where ue1_0.id=?
2026-04-12T10:39:34.334+07:00 DEBUG 8612 --- [ulos] [nio-8080-exec-8] org.hibernate.SQL                        : update los_auth_token set created_at=?,expires_at=?,issued_at=?,last_accessed_at=?,revoked_flag=?,token_value=?,updated_at=?,user_id=? where id=?
2026-04-12T10:39:34.336+07:00 DEBUG 8612 --- [ulos] [nio-8080-exec-5] o.s.web.servlet.DispatcherServlet        : GET "/api/prechecks?type=COLLATERAL&customerCif=DEB-9920-X1&page=0&size=5", parameters={masked}
2026-04-12T10:39:34.336+07:00 DEBUG 8612 --- [ulos] [nio-8080-exec-5] s.w.s.m.m.a.RequestMappingHandlerMapping : Mapped to com.enterprise.ulos.los.controller.PrecheckController#list(String, String, String, int, int)
2026-04-12T10:39:34.337+07:00 DEBUG 8612 --- [ulos] [nio-8080-exec-5] org.hibernate.SQL                        : select ate1_0.id,ate1_0.created_at,ate1_0.expires_at,ate1_0.issued_at,ate1_0.last_accessed_at,ate1_0.revoked_flag,ate1_0.token_value,ate1_0.updated_at,ate1_0.user_id from los_auth_token ate1_0 where ate1_0.token_value=? and not(ate1_0.revoked_flag)
2026-04-12T10:39:34.338+07:00 DEBUG 8612 --- [ulos] [nio-8080-exec-5] org.hibernate.SQL                        : select ue1_0.id,ue1_0.active_flag,ue1_0.created_at,ue1_0.email,ue1_0.full_name,ue1_0.last_login_at,ue1_0.password_hash,r1_0.user_id,r1_1.id,r1_1.active_flag,r1_1.created_at,r1_1.description,r1_1.role_code,r1_1.role_name,r1_1.updated_at,ue1_0.updated_at,ue1_0.username from los_user ue1_0 left join los_user_role r1_0 on ue1_0.id=r1_0.user_id left join los_role r1_1 on r1_1.id=r1_0.role_id where ue1_0.id=?
2026-04-12T10:39:34.340+07:00 DEBUG 8612 --- [ulos] [nio-8080-exec-5] org.hibernate.SQL                        : update los_auth_token set created_at=?,expires_at=?,issued_at=?,last_accessed_at=?,revoked_flag=?,token_value=?,updated_at=?,user_id=? where id=?
2026-04-12T10:39:34.369+07:00 DEBUG 8612 --- [ulos] [nio-8080-exec-6] o.s.web.servlet.DispatcherServlet        : GET "/api/prechecks?type=SLIK&customerCif=DEB-9920-X1&page=0&size=5", parameters={masked}
2026-04-12T10:39:34.369+07:00 DEBUG 8612 --- [ulos] [nio-8080-exec-6] s.w.s.m.m.a.RequestMappingHandlerMapping : Mapped to com.enterprise.ulos.los.controller.PrecheckController#list(String, String, String, int, int)
2026-04-12T10:39:34.369+07:00 DEBUG 8612 --- [ulos] [nio-8080-exec-6] org.hibernate.SQL                        : select ate1_0.id,ate1_0.created_at,ate1_0.expires_at,ate1_0.issued_at,ate1_0.last_accessed_at,ate1_0.revoked_flag,ate1_0.token_value,ate1_0.updated_at,ate1_0.user_id from los_auth_token ate1_0 where ate1_0.token_value=? and not(ate1_0.revoked_flag)
2026-04-12T10:39:34.369+07:00 DEBUG 8612 --- [ulos] [nio-8080-exec-6] org.hibernate.SQL                        : select ue1_0.id,ue1_0.active_flag,ue1_0.created_at,ue1_0.email,ue1_0.full_name,ue1_0.last_login_at,ue1_0.password_hash,r1_0.user_id,r1_1.id,r1_1.active_flag,r1_1.created_at,r1_1.description,r1_1.role_code,r1_1.role_name,r1_1.updated_at,ue1_0.updated_at,ue1_0.username from los_user ue1_0 left join los_user_role r1_0 on ue1_0.id=r1_0.user_id left join los_role r1_1 on r1_1.id=r1_0.role_id where ue1_0.id=?
2026-04-12T10:39:34.369+07:00 DEBUG 8612 --- [ulos] [nio-8080-exec-6] org.hibernate.SQL                        : update los_auth_token set created_at=?,expires_at=?,issued_at=?,last_accessed_at=?,revoked_flag=?,token_value=?,updated_at=?,user_id=? where id=?
2026-04-12T10:39:34.402+07:00 DEBUG 8612 --- [ulos] [nio-8080-exec-8] org.hibernate.SQL                        : select ce1_0.id,ce1_0.cif_number,ce1_0.company_name,ce1_0.company_type,ce1_0.created_at,ce1_0.legal_name,ce1_0.location,ce1_0.profile_json,ce1_0.registration_date,ce1_0.sector,ce1_0.status,ce1_0.tax_id,ce1_0.updated_at from los_customer ce1_0 where ce1_0.cif_number=?
2026-04-12T10:39:34.419+07:00 DEBUG 8612 --- [ulos] [nio-8080-exec-8] m.m.a.RequestResponseBodyMethodProcessor : Using 'application/json', given [*/*] and supported [application/json, application/*+json]
2026-04-12T10:39:34.419+07:00 DEBUG 8612 --- [ulos] [nio-8080-exec-8] m.m.a.RequestResponseBodyMethodProcessor : Writing [CustomerDetailResponse[id=1, cifNumber=DEB-9920-X1, companyName=Global Logistics Systems Corp., lega (truncated)...]
2026-04-12T10:39:34.419+07:00 DEBUG 8612 --- [ulos] [nio-8080-exec-8] o.s.web.servlet.DispatcherServlet        : Completed 200 OK
2026-04-12T10:39:34.419+07:00 DEBUG 8612 --- [ulos] [nio-8080-exec-5] org.hibernate.SQL                        : select pse1_0.id,pse1_0.check_ref,pse1_0.check_type,pse1_0.completed_at,pse1_0.created_at,pse1_0.customer_id,pse1_0.linked_application_id,pse1_0.notes,pse1_0.requested_at,pse1_0.result_json,pse1_0.result_summary,pse1_0.status,pse1_0.updated_at from los_precheck_session pse1_0 join los_customer c1_0 on c1_0.id=pse1_0.customer_id where (? is null or ?='' or upper(pse1_0.check_type)=upper(?)) and (? is null or ?='' or lower(c1_0.cif_number)=lower(?)) and (? is null or ?='' or lower(pse1_0.check_ref) like lower(concat('%',?,'%')) escape '' or lower(c1_0.cif_number) like lower(concat('%',?,'%')) escape '' or lower(c1_0.company_name) like lower(concat('%',?,'%')) escape '' or lower(coalesce(pse1_0.status,'')) like lower(concat('%',?,'%')) escape '' or lower(coalesce(pse1_0.result_summary,'')) like lower(concat('%',?,'%')) escape '') order by pse1_0.updated_at desc limit ?
2026-04-12T10:39:34.443+07:00 DEBUG 8612 --- [ulos] [nio-8080-exec-6] org.hibernate.SQL                        : select pse1_0.id,pse1_0.check_ref,pse1_0.check_type,pse1_0.completed_at,pse1_0.created_at,pse1_0.customer_id,pse1_0.linked_application_id,pse1_0.notes,pse1_0.requested_at,pse1_0.result_json,pse1_0.result_summary,pse1_0.status,pse1_0.updated_at from los_precheck_session pse1_0 join los_customer c1_0 on c1_0.id=pse1_0.customer_id where (? is null or ?='' or upper(pse1_0.check_type)=upper(?)) and (? is null or ?='' or lower(c1_0.cif_number)=lower(?)) and (? is null or ?='' or lower(pse1_0.check_ref) like lower(concat('%',?,'%')) escape '' or lower(c1_0.cif_number) like lower(concat('%',?,'%')) escape '' or lower(c1_0.company_name) like lower(concat('%',?,'%')) escape '' or lower(coalesce(pse1_0.status,'')) like lower(concat('%',?,'%')) escape '' or lower(coalesce(pse1_0.result_summary,'')) like lower(concat('%',?,'%')) escape '') order by pse1_0.updated_at desc limit ?
2026-04-12T10:39:34.445+07:00 DEBUG 8612 --- [ulos] [nio-8080-exec-9] org.hibernate.SQL                        : select ate1_0.id,ate1_0.created_at,ate1_0.expires_at,ate1_0.issued_at,ate1_0.last_accessed_at,ate1_0.revoked_flag,ate1_0.token_value,ate1_0.updated_at,ate1_0.user_id from los_auth_token ate1_0 where ate1_0.token_value=? and not(ate1_0.revoked_flag)
2026-04-12T10:39:34.446+07:00 DEBUG 8612 --- [ulos] [nio-8080-exec-5] m.m.a.RequestResponseBodyMethodProcessor : Using 'application/json', given [*/*] and supported [application/json, application/*+json]
2026-04-12T10:39:34.446+07:00 DEBUG 8612 --- [ulos] [nio-8080-exec-5] m.m.a.RequestResponseBodyMethodProcessor : Writing [PrecheckPageResponse[items=[], totalElements=0, totalPages=0, page=0, size=5]]
2026-04-12T10:39:34.447+07:00 DEBUG 8612 --- [ulos] [nio-8080-exec-5] o.s.web.servlet.DispatcherServlet        : Completed 200 OK
2026-04-12T10:39:34.447+07:00 DEBUG 8612 --- [ulos] [nio-8080-exec-9] org.hibernate.SQL                        : select ue1_0.id,ue1_0.active_flag,ue1_0.created_at,ue1_0.email,ue1_0.full_name,ue1_0.last_login_at,ue1_0.password_hash,r1_0.user_id,r1_1.id,r1_1.active_flag,r1_1.created_at,r1_1.description,r1_1.role_code,r1_1.role_name,r1_1.updated_at,ue1_0.updated_at,ue1_0.username from los_user ue1_0 left join los_user_role r1_0 on ue1_0.id=r1_0.user_id left join los_role r1_1 on r1_1.id=r1_0.role_id where ue1_0.id=?
2026-04-12T10:39:34.450+07:00 DEBUG 8612 --- [ulos] [nio-8080-exec-9] org.hibernate.SQL                        : update los_auth_token set created_at=?,expires_at=?,issued_at=?,last_accessed_at=?,revoked_flag=?,token_value=?,updated_at=?,user_id=? where id=?
2026-04-12T10:39:34.451+07:00 DEBUG 8612 --- [ulos] [nio-8080-exec-6] m.m.a.RequestResponseBodyMethodProcessor : Using 'application/json', given [*/*] and supported [application/json, application/*+json]
2026-04-12T10:39:34.452+07:00 DEBUG 8612 --- [ulos] [nio-8080-exec-6] m.m.a.RequestResponseBodyMethodProcessor : Writing [PrecheckPageResponse[items=[], totalElements=0, totalPages=0, page=0, size=5]]
2026-04-12T10:39:34.452+07:00 DEBUG 8612 --- [ulos] [nio-8080-exec-6] o.s.web.servlet.DispatcherServlet        : Completed 200 OK
2026-04-12T10:39:34.462+07:00 DEBUG 8612 --- [ulos] [nio-8080-exec-9] o.s.web.servlet.DispatcherServlet        : GET "/api/customers/DEB-9920-X1", parameters={}
2026-04-12T10:39:34.463+07:00 DEBUG 8612 --- [ulos] [nio-8080-exec-9] s.w.s.m.m.a.RequestMappingHandlerMapping : Mapped to com.enterprise.ulos.los.controller.CustomerPortfolioController#get(String)
2026-04-12T10:39:34.464+07:00 DEBUG 8612 --- [ulos] [nio-8080-exec-9] org.hibernate.SQL                        : select ate1_0.id,ate1_0.created_at,ate1_0.expires_at,ate1_0.issued_at,ate1_0.last_accessed_at,ate1_0.revoked_flag,ate1_0.token_value,ate1_0.updated_at,ate1_0.user_id from los_auth_token ate1_0 where ate1_0.token_value=? and not(ate1_0.revoked_flag)
2026-04-12T10:39:34.465+07:00 DEBUG 8612 --- [ulos] [nio-8080-exec-9] org.hibernate.SQL                        : select ue1_0.id,ue1_0.active_flag,ue1_0.created_at,ue1_0.email,ue1_0.full_name,ue1_0.last_login_at,ue1_0.password_hash,r1_0.user_id,r1_1.id,r1_1.active_flag,r1_1.created_at,r1_1.description,r1_1.role_code,r1_1.role_name,r1_1.updated_at,ue1_0.updated_at,ue1_0.username from los_user ue1_0 left join los_user_role r1_0 on ue1_0.id=r1_0.user_id left join los_role r1_1 on r1_1.id=r1_0.role_id where ue1_0.id=?
2026-04-12T10:39:34.467+07:00 DEBUG 8612 --- [ulos] [nio-8080-exec-9] org.hibernate.SQL                        : update los_auth_token set created_at=?,expires_at=?,issued_at=?,last_accessed_at=?,revoked_flag=?,token_value=?,updated_at=?,user_id=? where id=?
2026-04-12T10:39:34.468+07:00 DEBUG 8612 --- [ulos] [nio-8080-exec-9] org.hibernate.SQL                        : select ce1_0.id,ce1_0.cif_number,ce1_0.company_name,ce1_0.company_type,ce1_0.created_at,ce1_0.legal_name,ce1_0.location,ce1_0.profile_json,ce1_0.registration_date,ce1_0.sector,ce1_0.status,ce1_0.tax_id,ce1_0.updated_at from los_customer ce1_0 where ce1_0.cif_number=?
2026-04-12T10:39:34.484+07:00 DEBUG 8612 --- [ulos] [nio-8080-exec-9] m.m.a.RequestResponseBodyMethodProcessor : Using 'application/json', given [*/*] and supported [application/json, application/*+json]
2026-04-12T10:39:34.484+07:00 DEBUG 8612 --- [ulos] [nio-8080-exec-9] m.m.a.RequestResponseBodyMethodProcessor : Writing [CustomerDetailResponse[id=1, cifNumber=DEB-9920-X1, companyName=Global Logistics Systems Corp., lega (truncated)...]
2026-04-12T10:39:34.484+07:00 DEBUG 8612 --- [ulos] [nio-8080-exec-9] o.s.web.servlet.DispatcherServlet        : Completed 200 OK
2026-04-12T10:39:34.515+07:00 DEBUG 8612 --- [ulos] [io-8080-exec-10] org.hibernate.SQL                        : select ate1_0.id,ate1_0.created_at,ate1_0.expires_at,ate1_0.issued_at,ate1_0.last_accessed_at,ate1_0.revoked_flag,ate1_0.token_value,ate1_0.updated_at,ate1_0.user_id from los_auth_token ate1_0 where ate1_0.token_value=? and not(ate1_0.revoked_flag)
2026-04-12T10:39:34.515+07:00 DEBUG 8612 --- [ulos] [io-8080-exec-10] org.hibernate.SQL                        : select ue1_0.id,ue1_0.active_flag,ue1_0.created_at,ue1_0.email,ue1_0.full_name,ue1_0.last_login_at,ue1_0.password_hash,r1_0.user_id,r1_1.id,r1_1.active_flag,r1_1.created_at,r1_1.description,r1_1.role_code,r1_1.role_name,r1_1.updated_at,ue1_0.updated_at,ue1_0.username from los_user ue1_0 left join los_user_role r1_0 on ue1_0.id=r1_0.user_id left join los_role r1_1 on r1_1.id=r1_0.role_id where ue1_0.id=?
2026-04-12T10:39:34.515+07:00 DEBUG 8612 --- [ulos] [io-8080-exec-10] org.hibernate.SQL                        : update los_auth_token set created_at=?,expires_at=?,issued_at=?,last_accessed_at=?,revoked_flag=?,token_value=?,updated_at=?,user_id=? where id=?
2026-04-12T10:39:34.530+07:00 DEBUG 8612 --- [ulos] [nio-8080-exec-1] org.hibernate.SQL                        : select ate1_0.id,ate1_0.created_at,ate1_0.expires_at,ate1_0.issued_at,ate1_0.last_accessed_at,ate1_0.revoked_flag,ate1_0.token_value,ate1_0.updated_at,ate1_0.user_id from los_auth_token ate1_0 where ate1_0.token_value=? and not(ate1_0.revoked_flag)
2026-04-12T10:39:34.530+07:00 DEBUG 8612 --- [ulos] [nio-8080-exec-1] org.hibernate.SQL                        : select ue1_0.id,ue1_0.active_flag,ue1_0.created_at,ue1_0.email,ue1_0.full_name,ue1_0.last_login_at,ue1_0.password_hash,r1_0.user_id,r1_1.id,r1_1.active_flag,r1_1.created_at,r1_1.description,r1_1.role_code,r1_1.role_name,r1_1.updated_at,ue1_0.updated_at,ue1_0.username from los_user ue1_0 left join los_user_role r1_0 on ue1_0.id=r1_0.user_id left join los_role r1_1 on r1_1.id=r1_0.role_id where ue1_0.id=?
2026-04-12T10:39:34.535+07:00 DEBUG 8612 --- [ulos] [nio-8080-exec-1] org.hibernate.SQL                        : update los_auth_token set created_at=?,expires_at=?,issued_at=?,last_accessed_at=?,revoked_flag=?,token_value=?,updated_at=?,user_id=? where id=?
2026-04-12T10:39:34.540+07:00 DEBUG 8612 --- [ulos] [io-8080-exec-10] o.s.web.servlet.DispatcherServlet        : GET "/api/prechecks?type=COLLATERAL&customerCif=DEB-9920-X1&page=0&size=5", parameters={masked}
2026-04-12T10:39:34.541+07:00 DEBUG 8612 --- [ulos] [io-8080-exec-10] s.w.s.m.m.a.RequestMappingHandlerMapping : Mapped to com.enterprise.ulos.los.controller.PrecheckController#list(String, String, String, int, int)
2026-04-12T10:39:34.542+07:00 DEBUG 8612 --- [ulos] [io-8080-exec-10] org.hibernate.SQL                        : select ate1_0.id,ate1_0.created_at,ate1_0.expires_at,ate1_0.issued_at,ate1_0.last_accessed_at,ate1_0.revoked_flag,ate1_0.token_value,ate1_0.updated_at,ate1_0.user_id from los_auth_token ate1_0 where ate1_0.token_value=? and not(ate1_0.revoked_flag)
2026-04-12T10:39:34.543+07:00 DEBUG 8612 --- [ulos] [io-8080-exec-10] org.hibernate.SQL                        : select ue1_0.id,ue1_0.active_flag,ue1_0.created_at,ue1_0.email,ue1_0.full_name,ue1_0.last_login_at,ue1_0.password_hash,r1_0.user_id,r1_1.id,r1_1.active_flag,r1_1.created_at,r1_1.description,r1_1.role_code,r1_1.role_name,r1_1.updated_at,ue1_0.updated_at,ue1_0.username from los_user ue1_0 left join los_user_role r1_0 on ue1_0.id=r1_0.user_id left join los_role r1_1 on r1_1.id=r1_0.role_id where ue1_0.id=?
2026-04-12T10:39:34.545+07:00 DEBUG 8612 --- [ulos] [io-8080-exec-10] org.hibernate.SQL                        : update los_auth_token set created_at=?,expires_at=?,issued_at=?,last_accessed_at=?,revoked_flag=?,token_value=?,updated_at=?,user_id=? where id=?
2026-04-12T10:39:34.552+07:00 DEBUG 8612 --- [ulos] [nio-8080-exec-1] o.s.web.servlet.DispatcherServlet        : GET "/api/prechecks?type=SLIK&customerCif=DEB-9920-X1&page=0&size=5", parameters={masked}
2026-04-12T10:39:34.553+07:00 DEBUG 8612 --- [ulos] [nio-8080-exec-1] s.w.s.m.m.a.RequestMappingHandlerMapping : Mapped to com.enterprise.ulos.los.controller.PrecheckController#list(String, String, String, int, int)
2026-04-12T10:39:34.554+07:00 DEBUG 8612 --- [ulos] [nio-8080-exec-1] org.hibernate.SQL                        : select ate1_0.id,ate1_0.created_at,ate1_0.expires_at,ate1_0.issued_at,ate1_0.last_accessed_at,ate1_0.revoked_flag,ate1_0.token_value,ate1_0.updated_at,ate1_0.user_id from los_auth_token ate1_0 where ate1_0.token_value=? and not(ate1_0.revoked_flag)
2026-04-12T10:39:34.555+07:00 DEBUG 8612 --- [ulos] [nio-8080-exec-1] org.hibernate.SQL                        : select ue1_0.id,ue1_0.active_flag,ue1_0.created_at,ue1_0.email,ue1_0.full_name,ue1_0.last_login_at,ue1_0.password_hash,r1_0.user_id,r1_1.id,r1_1.active_flag,r1_1.created_at,r1_1.description,r1_1.role_code,r1_1.role_name,r1_1.updated_at,ue1_0.updated_at,ue1_0.username from los_user ue1_0 left join los_user_role r1_0 on ue1_0.id=r1_0.user_id left join los_role r1_1 on r1_1.id=r1_0.role_id where ue1_0.id=?
2026-04-12T10:39:34.557+07:00 DEBUG 8612 --- [ulos] [nio-8080-exec-1] org.hibernate.SQL                        : update los_auth_token set created_at=?,expires_at=?,issued_at=?,last_accessed_at=?,revoked_flag=?,token_value=?,updated_at=?,user_id=? where id=?
2026-04-12T10:39:34.568+07:00 DEBUG 8612 --- [ulos] [io-8080-exec-10] org.hibernate.SQL                        : select pse1_0.id,pse1_0.check_ref,pse1_0.check_type,pse1_0.completed_at,pse1_0.created_at,pse1_0.customer_id,pse1_0.linked_application_id,pse1_0.notes,pse1_0.requested_at,pse1_0.result_json,pse1_0.result_summary,pse1_0.status,pse1_0.updated_at from los_precheck_session pse1_0 join los_customer c1_0 on c1_0.id=pse1_0.customer_id where (? is null or ?='' or upper(pse1_0.check_type)=upper(?)) and (? is null or ?='' or lower(c1_0.cif_number)=lower(?)) and (? is null or ?='' or lower(pse1_0.check_ref) like lower(concat('%',?,'%')) escape '' or lower(c1_0.cif_number) like lower(concat('%',?,'%')) escape '' or lower(c1_0.company_name) like lower(concat('%',?,'%')) escape '' or lower(coalesce(pse1_0.status,'')) like lower(concat('%',?,'%')) escape '' or lower(coalesce(pse1_0.result_summary,'')) like lower(concat('%',?,'%')) escape '') order by pse1_0.updated_at desc limit ?
2026-04-12T10:39:34.579+07:00 DEBUG 8612 --- [ulos] [io-8080-exec-10] m.m.a.RequestResponseBodyMethodProcessor : Using 'application/json', given [*/*] and supported [application/json, application/*+json]
2026-04-12T10:39:34.579+07:00 DEBUG 8612 --- [ulos] [io-8080-exec-10] m.m.a.RequestResponseBodyMethodProcessor : Writing [PrecheckPageResponse[items=[], totalElements=0, totalPages=0, page=0, size=5]]
2026-04-12T10:39:34.579+07:00 DEBUG 8612 --- [ulos] [nio-8080-exec-1] org.hibernate.SQL                        : select pse1_0.id,pse1_0.check_ref,pse1_0.check_type,pse1_0.completed_at,pse1_0.created_at,pse1_0.customer_id,pse1_0.linked_application_id,pse1_0.notes,pse1_0.requested_at,pse1_0.result_json,pse1_0.result_summary,pse1_0.status,pse1_0.updated_at from los_precheck_session pse1_0 join los_customer c1_0 on c1_0.id=pse1_0.customer_id where (? is null or ?='' or upper(pse1_0.check_type)=upper(?)) and (? is null or ?='' or lower(c1_0.cif_number)=lower(?)) and (? is null or ?='' or lower(pse1_0.check_ref) like lower(concat('%',?,'%')) escape '' or lower(c1_0.cif_number) like lower(concat('%',?,'%')) escape '' or lower(c1_0.company_name) like lower(concat('%',?,'%')) escape '' or lower(coalesce(pse1_0.status,'')) like lower(concat('%',?,'%')) escape '' or lower(coalesce(pse1_0.result_summary,'')) like lower(concat('%',?,'%')) escape '') order by pse1_0.updated_at desc limit ?
2026-04-12T10:39:34.580+07:00 DEBUG 8612 --- [ulos] [io-8080-exec-10] o.s.web.servlet.DispatcherServlet        : Completed 200 OK
2026-04-12T10:39:34.582+07:00 DEBUG 8612 --- [ulos] [nio-8080-exec-1] m.m.a.RequestResponseBodyMethodProcessor : Using 'application/json', given [*/*] and supported [application/json, application/*+json]
2026-04-12T10:39:34.582+07:00 DEBUG 8612 --- [ulos] [nio-8080-exec-1] m.m.a.RequestResponseBodyMethodProcessor : Writing [PrecheckPageResponse[items=[], totalElements=0, totalPages=0, page=0, size=5]]
2026-04-12T10:39:34.583+07:00 DEBUG 8612 --- [ulos] [nio-8080-exec-1] o.s.web.servlet.DispatcherServlet        : Completed 200 OK
2026-04-12T10:39:38.430+07:00 DEBUG 8612 --- [ulos] [nio-8080-exec-4] org.hibernate.SQL                        : select ate1_0.id,ate1_0.created_at,ate1_0.expires_at,ate1_0.issued_at,ate1_0.last_accessed_at,ate1_0.revoked_flag,ate1_0.token_value,ate1_0.updated_at,ate1_0.user_id from los_auth_token ate1_0 where ate1_0.token_value=? and not(ate1_0.revoked_flag)
2026-04-12T10:39:38.431+07:00 DEBUG 8612 --- [ulos] [nio-8080-exec-4] org.hibernate.SQL                        : select ue1_0.id,ue1_0.active_flag,ue1_0.created_at,ue1_0.email,ue1_0.full_name,ue1_0.last_login_at,ue1_0.password_hash,r1_0.user_id,r1_1.id,r1_1.active_flag,r1_1.created_at,r1_1.description,r1_1.role_code,r1_1.role_name,r1_1.updated_at,ue1_0.updated_at,ue1_0.username from los_user ue1_0 left join los_user_role r1_0 on ue1_0.id=r1_0.user_id left join los_role r1_1 on r1_1.id=r1_0.role_id where ue1_0.id=?
2026-04-12T10:39:38.433+07:00 DEBUG 8612 --- [ulos] [nio-8080-exec-4] org.hibernate.SQL                        : update los_auth_token set created_at=?,expires_at=?,issued_at=?,last_accessed_at=?,revoked_flag=?,token_value=?,updated_at=?,user_id=? where id=?
2026-04-12T10:39:38.451+07:00 DEBUG 8612 --- [ulos] [nio-8080-exec-4] o.s.web.servlet.DispatcherServlet        : GET "/api/customers/page?page=0&size=20", parameters={masked}
2026-04-12T10:39:38.451+07:00 DEBUG 8612 --- [ulos] [nio-8080-exec-4] s.w.s.m.m.a.RequestMappingHandlerMapping : Mapped to com.enterprise.ulos.los.controller.CustomerPortfolioController#listPage(String, int, int)
2026-04-12T10:39:38.452+07:00 DEBUG 8612 --- [ulos] [nio-8080-exec-4] org.hibernate.SQL                        : select ate1_0.id,ate1_0.created_at,ate1_0.expires_at,ate1_0.issued_at,ate1_0.last_accessed_at,ate1_0.revoked_flag,ate1_0.token_value,ate1_0.updated_at,ate1_0.user_id from los_auth_token ate1_0 where ate1_0.token_value=? and not(ate1_0.revoked_flag)
2026-04-12T10:39:38.454+07:00 DEBUG 8612 --- [ulos] [nio-8080-exec-4] org.hibernate.SQL                        : select ue1_0.id,ue1_0.active_flag,ue1_0.created_at,ue1_0.email,ue1_0.full_name,ue1_0.last_login_at,ue1_0.password_hash,r1_0.user_id,r1_1.id,r1_1.active_flag,r1_1.created_at,r1_1.description,r1_1.role_code,r1_1.role_name,r1_1.updated_at,ue1_0.updated_at,ue1_0.username from los_user ue1_0 left join los_user_role r1_0 on ue1_0.id=r1_0.user_id left join los_role r1_1 on r1_1.id=r1_0.role_id where ue1_0.id=?
2026-04-12T10:39:38.456+07:00 DEBUG 8612 --- [ulos] [nio-8080-exec-4] org.hibernate.SQL                        : update los_auth_token set created_at=?,expires_at=?,issued_at=?,last_accessed_at=?,revoked_flag=?,token_value=?,updated_at=?,user_id=? where id=?
2026-04-12T10:39:38.486+07:00 DEBUG 8612 --- [ulos] [nio-8080-exec-4] org.hibernate.SQL                        : select ce1_0.id,ce1_0.cif_number,ce1_0.company_name,ce1_0.company_type,ce1_0.created_at,ce1_0.legal_name,ce1_0.location,ce1_0.profile_json,ce1_0.registration_date,ce1_0.sector,ce1_0.status,ce1_0.tax_id,ce1_0.updated_at from los_customer ce1_0 where (? is null or ?='' or lower(ce1_0.cif_number) like lower(concat('%',?,'%')) escape '' or lower(ce1_0.company_name) like lower(concat('%',?,'%')) escape '' or lower(coalesce(ce1_0.sector,'')) like lower(concat('%',?,'%')) escape '' or lower(coalesce(ce1_0.location,'')) like lower(concat('%',?,'%')) escape '' or lower(coalesce(ce1_0.status,'')) like lower(concat('%',?,'%')) escape '') order by ce1_0.updated_at desc limit ?
2026-04-12T10:39:38.486+07:00 DEBUG 8612 --- [ulos] [nio-8080-exec-4] m.m.a.RequestResponseBodyMethodProcessor : Using 'application/json', given [*/*] and supported [application/json, application/*+json]
2026-04-12T10:39:38.486+07:00 DEBUG 8612 --- [ulos] [nio-8080-exec-4] m.m.a.RequestResponseBodyMethodProcessor : Writing [CustomerSummaryPageResponse[items=[CustomerSummaryResponse[cifNumber=DEB-9920-X1, companyName=Global (truncated)...]
2026-04-12T10:39:38.486+07:00 DEBUG 8612 --- [ulos] [nio-8080-exec-4] o.s.web.servlet.DispatcherServlet        : Completed 200 OK
2026-04-12T10:39:38.499+07:00 DEBUG 8612 --- [ulos] [nio-8080-exec-2] org.hibernate.SQL                        : select ate1_0.id,ate1_0.created_at,ate1_0.expires_at,ate1_0.issued_at,ate1_0.last_accessed_at,ate1_0.revoked_flag,ate1_0.token_value,ate1_0.updated_at,ate1_0.user_id from los_auth_token ate1_0 where ate1_0.token_value=? and not(ate1_0.revoked_flag)
2026-04-12T10:39:38.499+07:00 DEBUG 8612 --- [ulos] [nio-8080-exec-2] org.hibernate.SQL                        : select ue1_0.id,ue1_0.active_flag,ue1_0.created_at,ue1_0.email,ue1_0.full_name,ue1_0.last_login_at,ue1_0.password_hash,r1_0.user_id,r1_1.id,r1_1.active_flag,r1_1.created_at,r1_1.description,r1_1.role_code,r1_1.role_name,r1_1.updated_at,ue1_0.updated_at,ue1_0.username from los_user ue1_0 left join los_user_role r1_0 on ue1_0.id=r1_0.user_id left join los_role r1_1 on r1_1.id=r1_0.role_id where ue1_0.id=?
2026-04-12T10:39:38.499+07:00 DEBUG 8612 --- [ulos] [nio-8080-exec-2] org.hibernate.SQL                        : update los_auth_token set created_at=?,expires_at=?,issued_at=?,last_accessed_at=?,revoked_flag=?,token_value=?,updated_at=?,user_id=? where id=?
2026-04-12T10:39:38.515+07:00 DEBUG 8612 --- [ulos] [nio-8080-exec-2] o.s.web.servlet.DispatcherServlet        : GET "/api/customers/page?page=0&size=20", parameters={masked}
2026-04-12T10:39:38.515+07:00 DEBUG 8612 --- [ulos] [nio-8080-exec-2] s.w.s.m.m.a.RequestMappingHandlerMapping : Mapped to com.enterprise.ulos.los.controller.CustomerPortfolioController#listPage(String, int, int)
2026-04-12T10:39:38.515+07:00 DEBUG 8612 --- [ulos] [nio-8080-exec-2] org.hibernate.SQL                        : select ate1_0.id,ate1_0.created_at,ate1_0.expires_at,ate1_0.issued_at,ate1_0.last_accessed_at,ate1_0.revoked_flag,ate1_0.token_value,ate1_0.updated_at,ate1_0.user_id from los_auth_token ate1_0 where ate1_0.token_value=? and not(ate1_0.revoked_flag)
2026-04-12T10:39:38.515+07:00 DEBUG 8612 --- [ulos] [nio-8080-exec-2] org.hibernate.SQL                        : select ue1_0.id,ue1_0.active_flag,ue1_0.created_at,ue1_0.email,ue1_0.full_name,ue1_0.last_login_at,ue1_0.password_hash,r1_0.user_id,r1_1.id,r1_1.active_flag,r1_1.created_at,r1_1.description,r1_1.role_code,r1_1.role_name,r1_1.updated_at,ue1_0.updated_at,ue1_0.username from los_user ue1_0 left join los_user_role r1_0 on ue1_0.id=r1_0.user_id left join los_role r1_1 on r1_1.id=r1_0.role_id where ue1_0.id=?
2026-04-12T10:39:38.515+07:00 DEBUG 8612 --- [ulos] [nio-8080-exec-2] org.hibernate.SQL                        : update los_auth_token set created_at=?,expires_at=?,issued_at=?,last_accessed_at=?,revoked_flag=?,token_value=?,updated_at=?,user_id=? where id=?
2026-04-12T10:39:38.533+07:00 DEBUG 8612 --- [ulos] [nio-8080-exec-2] org.hibernate.SQL                        : select ce1_0.id,ce1_0.cif_number,ce1_0.company_name,ce1_0.company_type,ce1_0.created_at,ce1_0.legal_name,ce1_0.location,ce1_0.profile_json,ce1_0.registration_date,ce1_0.sector,ce1_0.status,ce1_0.tax_id,ce1_0.updated_at from los_customer ce1_0 where (? is null or ?='' or lower(ce1_0.cif_number) like lower(concat('%',?,'%')) escape '' or lower(ce1_0.company_name) like lower(concat('%',?,'%')) escape '' or lower(coalesce(ce1_0.sector,'')) like lower(concat('%',?,'%')) escape '' or lower(coalesce(ce1_0.location,'')) like lower(concat('%',?,'%')) escape '' or lower(coalesce(ce1_0.status,'')) like lower(concat('%',?,'%')) escape '') order by ce1_0.updated_at desc limit ?
2026-04-12T10:39:38.533+07:00 DEBUG 8612 --- [ulos] [nio-8080-exec-2] m.m.a.RequestResponseBodyMethodProcessor : Using 'application/json', given [*/*] and supported [application/json, application/*+json]
2026-04-12T10:39:38.533+07:00 DEBUG 8612 --- [ulos] [nio-8080-exec-2] m.m.a.RequestResponseBodyMethodProcessor : Writing [CustomerSummaryPageResponse[items=[CustomerSummaryResponse[cifNumber=DEB-9920-X1, companyName=Global (truncated)...]
2026-04-12T10:39:38.533+07:00 DEBUG 8612 --- [ulos] [nio-8080-exec-2] o.s.web.servlet.DispatcherServlet        : Completed 200 OK
2026-04-12T10:39:40.171+07:00 DEBUG 8612 --- [ulos] [nio-8080-exec-3] org.hibernate.SQL                        : select ate1_0.id,ate1_0.created_at,ate1_0.expires_at,ate1_0.issued_at,ate1_0.last_accessed_at,ate1_0.revoked_flag,ate1_0.token_value,ate1_0.updated_at,ate1_0.user_id from los_auth_token ate1_0 where ate1_0.token_value=? and not(ate1_0.revoked_flag)
2026-04-12T10:39:40.173+07:00 DEBUG 8612 --- [ulos] [nio-8080-exec-3] org.hibernate.SQL                        : select ue1_0.id,ue1_0.active_flag,ue1_0.created_at,ue1_0.email,ue1_0.full_name,ue1_0.last_login_at,ue1_0.password_hash,r1_0.user_id,r1_1.id,r1_1.active_flag,r1_1.created_at,r1_1.description,r1_1.role_code,r1_1.role_name,r1_1.updated_at,ue1_0.updated_at,ue1_0.username from los_user ue1_0 left join los_user_role r1_0 on ue1_0.id=r1_0.user_id left join los_role r1_1 on r1_1.id=r1_0.role_id where ue1_0.id=?
2026-04-12T10:39:40.175+07:00 DEBUG 8612 --- [ulos] [nio-8080-exec-3] org.hibernate.SQL                        : update los_auth_token set created_at=?,expires_at=?,issued_at=?,last_accessed_at=?,revoked_flag=?,token_value=?,updated_at=?,user_id=? where id=?
2026-04-12T10:39:40.231+07:00 DEBUG 8612 --- [ulos] [nio-8080-exec-7] org.hibernate.SQL                        : select ate1_0.id,ate1_0.created_at,ate1_0.expires_at,ate1_0.issued_at,ate1_0.last_accessed_at,ate1_0.revoked_flag,ate1_0.token_value,ate1_0.updated_at,ate1_0.user_id from los_auth_token ate1_0 where ate1_0.token_value=? and not(ate1_0.revoked_flag)
2026-04-12T10:39:40.231+07:00 DEBUG 8612 --- [ulos] [nio-8080-exec-7] org.hibernate.SQL                        : select ue1_0.id,ue1_0.active_flag,ue1_0.created_at,ue1_0.email,ue1_0.full_name,ue1_0.last_login_at,ue1_0.password_hash,r1_0.user_id,r1_1.id,r1_1.active_flag,r1_1.created_at,r1_1.description,r1_1.role_code,r1_1.role_name,r1_1.updated_at,ue1_0.updated_at,ue1_0.username from los_user ue1_0 left join los_user_role r1_0 on ue1_0.id=r1_0.user_id left join los_role r1_1 on r1_1.id=r1_0.role_id where ue1_0.id=?
2026-04-12T10:39:40.233+07:00 DEBUG 8612 --- [ulos] [nio-8080-exec-7] org.hibernate.SQL                        : update los_auth_token set created_at=?,expires_at=?,issued_at=?,last_accessed_at=?,revoked_flag=?,token_value=?,updated_at=?,user_id=? where id=?
2026-04-12T10:39:40.240+07:00 DEBUG 8612 --- [ulos] [nio-8080-exec-8] org.hibernate.SQL                        : select ate1_0.id,ate1_0.created_at,ate1_0.expires_at,ate1_0.issued_at,ate1_0.last_accessed_at,ate1_0.revoked_flag,ate1_0.token_value,ate1_0.updated_at,ate1_0.user_id from los_auth_token ate1_0 where ate1_0.token_value=? and not(ate1_0.revoked_flag)
2026-04-12T10:39:40.241+07:00 DEBUG 8612 --- [ulos] [nio-8080-exec-8] org.hibernate.SQL                        : select ue1_0.id,ue1_0.active_flag,ue1_0.created_at,ue1_0.email,ue1_0.full_name,ue1_0.last_login_at,ue1_0.password_hash,r1_0.user_id,r1_1.id,r1_1.active_flag,r1_1.created_at,r1_1.description,r1_1.role_code,r1_1.role_name,r1_1.updated_at,ue1_0.updated_at,ue1_0.username from los_user ue1_0 left join los_user_role r1_0 on ue1_0.id=r1_0.user_id left join los_role r1_1 on r1_1.id=r1_0.role_id where ue1_0.id=?
2026-04-12T10:39:40.243+07:00 DEBUG 8612 --- [ulos] [nio-8080-exec-8] org.hibernate.SQL                        : update los_auth_token set created_at=?,expires_at=?,issued_at=?,last_accessed_at=?,revoked_flag=?,token_value=?,updated_at=?,user_id=? where id=?
2026-04-12T10:39:40.282+07:00 DEBUG 8612 --- [ulos] [nio-8080-exec-3] o.s.web.servlet.DispatcherServlet        : GET "/api/customers/DEB-9920-X1", parameters={}
2026-04-12T10:39:40.282+07:00 DEBUG 8612 --- [ulos] [nio-8080-exec-3] s.w.s.m.m.a.RequestMappingHandlerMapping : Mapped to com.enterprise.ulos.los.controller.CustomerPortfolioController#get(String)
2026-04-12T10:39:40.282+07:00 DEBUG 8612 --- [ulos] [nio-8080-exec-3] org.hibernate.SQL                        : select ate1_0.id,ate1_0.created_at,ate1_0.expires_at,ate1_0.issued_at,ate1_0.last_accessed_at,ate1_0.revoked_flag,ate1_0.token_value,ate1_0.updated_at,ate1_0.user_id from los_auth_token ate1_0 where ate1_0.token_value=? and not(ate1_0.revoked_flag)
2026-04-12T10:39:40.282+07:00 DEBUG 8612 --- [ulos] [nio-8080-exec-3] org.hibernate.SQL                        : select ue1_0.id,ue1_0.active_flag,ue1_0.created_at,ue1_0.email,ue1_0.full_name,ue1_0.last_login_at,ue1_0.password_hash,r1_0.user_id,r1_1.id,r1_1.active_flag,r1_1.created_at,r1_1.description,r1_1.role_code,r1_1.role_name,r1_1.updated_at,ue1_0.updated_at,ue1_0.username from los_user ue1_0 left join los_user_role r1_0 on ue1_0.id=r1_0.user_id left join los_role r1_1 on r1_1.id=r1_0.role_id where ue1_0.id=?
2026-04-12T10:39:40.282+07:00 DEBUG 8612 --- [ulos] [nio-8080-exec-3] org.hibernate.SQL                        : update los_auth_token set created_at=?,expires_at=?,issued_at=?,last_accessed_at=?,revoked_flag=?,token_value=?,updated_at=?,user_id=? where id=?
2026-04-12T10:39:40.382+07:00 DEBUG 8612 --- [ulos] [nio-8080-exec-7] o.s.web.servlet.DispatcherServlet        : GET "/api/prechecks?type=SLIK&customerCif=DEB-9920-X1&page=0&size=5", parameters={masked}
2026-04-12T10:39:40.382+07:00 DEBUG 8612 --- [ulos] [nio-8080-exec-7] s.w.s.m.m.a.RequestMappingHandlerMapping : Mapped to com.enterprise.ulos.los.controller.PrecheckController#list(String, String, String, int, int)
2026-04-12T10:39:40.382+07:00 DEBUG 8612 --- [ulos] [nio-8080-exec-7] org.hibernate.SQL                        : select ate1_0.id,ate1_0.created_at,ate1_0.expires_at,ate1_0.issued_at,ate1_0.last_accessed_at,ate1_0.revoked_flag,ate1_0.token_value,ate1_0.updated_at,ate1_0.user_id from los_auth_token ate1_0 where ate1_0.token_value=? and not(ate1_0.revoked_flag)
2026-04-12T10:39:40.382+07:00 DEBUG 8612 --- [ulos] [nio-8080-exec-7] org.hibernate.SQL                        : select ue1_0.id,ue1_0.active_flag,ue1_0.created_at,ue1_0.email,ue1_0.full_name,ue1_0.last_login_at,ue1_0.password_hash,r1_0.user_id,r1_1.id,r1_1.active_flag,r1_1.created_at,r1_1.description,r1_1.role_code,r1_1.role_name,r1_1.updated_at,ue1_0.updated_at,ue1_0.username from los_user ue1_0 left join los_user_role r1_0 on ue1_0.id=r1_0.user_id left join los_role r1_1 on r1_1.id=r1_0.role_id where ue1_0.id=?
2026-04-12T10:39:40.382+07:00 DEBUG 8612 --- [ulos] [nio-8080-exec-7] org.hibernate.SQL                        : update los_auth_token set created_at=?,expires_at=?,issued_at=?,last_accessed_at=?,revoked_flag=?,token_value=?,updated_at=?,user_id=? where id=?
2026-04-12T10:39:40.492+07:00 DEBUG 8612 --- [ulos] [nio-8080-exec-8] o.s.web.servlet.DispatcherServlet        : GET "/api/prechecks?type=COLLATERAL&customerCif=DEB-9920-X1&page=0&size=5", parameters={masked}
2026-04-12T10:39:40.492+07:00 DEBUG 8612 --- [ulos] [nio-8080-exec-8] s.w.s.m.m.a.RequestMappingHandlerMapping : Mapped to com.enterprise.ulos.los.controller.PrecheckController#list(String, String, String, int, int)
2026-04-12T10:39:40.492+07:00 DEBUG 8612 --- [ulos] [nio-8080-exec-8] org.hibernate.SQL                        : select ate1_0.id,ate1_0.created_at,ate1_0.expires_at,ate1_0.issued_at,ate1_0.last_accessed_at,ate1_0.revoked_flag,ate1_0.token_value,ate1_0.updated_at,ate1_0.user_id from los_auth_token ate1_0 where ate1_0.token_value=? and not(ate1_0.revoked_flag)
2026-04-12T10:39:40.492+07:00 DEBUG 8612 --- [ulos] [nio-8080-exec-8] org.hibernate.SQL                        : select ue1_0.id,ue1_0.active_flag,ue1_0.created_at,ue1_0.email,ue1_0.full_name,ue1_0.last_login_at,ue1_0.password_hash,r1_0.user_id,r1_1.id,r1_1.active_flag,r1_1.created_at,r1_1.description,r1_1.role_code,r1_1.role_name,r1_1.updated_at,ue1_0.updated_at,ue1_0.username from los_user ue1_0 left join los_user_role r1_0 on ue1_0.id=r1_0.user_id left join los_role r1_1 on r1_1.id=r1_0.role_id where ue1_0.id=?
2026-04-12T10:39:40.499+07:00 DEBUG 8612 --- [ulos] [nio-8080-exec-8] org.hibernate.SQL                        : update los_auth_token set created_at=?,expires_at=?,issued_at=?,last_accessed_at=?,revoked_flag=?,token_value=?,updated_at=?,user_id=? where id=?
2026-04-12T10:39:40.503+07:00 DEBUG 8612 --- [ulos] [nio-8080-exec-3] org.hibernate.SQL                        : select ce1_0.id,ce1_0.cif_number,ce1_0.company_name,ce1_0.company_type,ce1_0.created_at,ce1_0.legal_name,ce1_0.location,ce1_0.profile_json,ce1_0.registration_date,ce1_0.sector,ce1_0.status,ce1_0.tax_id,ce1_0.updated_at from los_customer ce1_0 where ce1_0.cif_number=?
2026-04-12T10:39:40.505+07:00 DEBUG 8612 --- [ulos] [nio-8080-exec-3] m.m.a.RequestResponseBodyMethodProcessor : Using 'application/json', given [*/*] and supported [application/json, application/*+json]
2026-04-12T10:39:40.505+07:00 DEBUG 8612 --- [ulos] [nio-8080-exec-3] m.m.a.RequestResponseBodyMethodProcessor : Writing [CustomerDetailResponse[id=1, cifNumber=DEB-9920-X1, companyName=Global Logistics Systems Corp., lega (truncated)...]
2026-04-12T10:39:40.506+07:00 DEBUG 8612 --- [ulos] [nio-8080-exec-3] o.s.web.servlet.DispatcherServlet        : Completed 200 OK
2026-04-12T10:39:40.517+07:00 DEBUG 8612 --- [ulos] [nio-8080-exec-7] org.hibernate.SQL                        : select pse1_0.id,pse1_0.check_ref,pse1_0.check_type,pse1_0.completed_at,pse1_0.created_at,pse1_0.customer_id,pse1_0.linked_application_id,pse1_0.notes,pse1_0.requested_at,pse1_0.result_json,pse1_0.result_summary,pse1_0.status,pse1_0.updated_at from los_precheck_session pse1_0 join los_customer c1_0 on c1_0.id=pse1_0.customer_id where (? is null or ?='' or upper(pse1_0.check_type)=upper(?)) and (? is null or ?='' or lower(c1_0.cif_number)=lower(?)) and (? is null or ?='' or lower(pse1_0.check_ref) like lower(concat('%',?,'%')) escape '' or lower(c1_0.cif_number) like lower(concat('%',?,'%')) escape '' or lower(c1_0.company_name) like lower(concat('%',?,'%')) escape '' or lower(coalesce(pse1_0.status,'')) like lower(concat('%',?,'%')) escape '' or lower(coalesce(pse1_0.result_summary,'')) like lower(concat('%',?,'%')) escape '') order by pse1_0.updated_at desc limit ?
2026-04-12T10:39:40.520+07:00 DEBUG 8612 --- [ulos] [nio-8080-exec-7] m.m.a.RequestResponseBodyMethodProcessor : Using 'application/json', given [*/*] and supported [application/json, application/*+json]
2026-04-12T10:39:40.520+07:00 DEBUG 8612 --- [ulos] [nio-8080-exec-7] m.m.a.RequestResponseBodyMethodProcessor : Writing [PrecheckPageResponse[items=[], totalElements=0, totalPages=0, page=0, size=5]]
2026-04-12T10:39:40.520+07:00 DEBUG 8612 --- [ulos] [nio-8080-exec-7] o.s.web.servlet.DispatcherServlet        : Completed 200 OK
2026-04-12T10:39:40.532+07:00 DEBUG 8612 --- [ulos] [nio-8080-exec-8] org.hibernate.SQL                        : select pse1_0.id,pse1_0.check_ref,pse1_0.check_type,pse1_0.completed_at,pse1_0.created_at,pse1_0.customer_id,pse1_0.linked_application_id,pse1_0.notes,pse1_0.requested_at,pse1_0.result_json,pse1_0.result_summary,pse1_0.status,pse1_0.updated_at from los_precheck_session pse1_0 join los_customer c1_0 on c1_0.id=pse1_0.customer_id where (? is null or ?='' or upper(pse1_0.check_type)=upper(?)) and (? is null or ?='' or lower(c1_0.cif_number)=lower(?)) and (? is null or ?='' or lower(pse1_0.check_ref) like lower(concat('%',?,'%')) escape '' or lower(c1_0.cif_number) like lower(concat('%',?,'%')) escape '' or lower(c1_0.company_name) like lower(concat('%',?,'%')) escape '' or lower(coalesce(pse1_0.status,'')) like lower(concat('%',?,'%')) escape '' or lower(coalesce(pse1_0.result_summary,'')) like lower(concat('%',?,'%')) escape '') order by pse1_0.updated_at desc limit ?
2026-04-12T10:39:40.532+07:00 DEBUG 8612 --- [ulos] [nio-8080-exec-8] m.m.a.RequestResponseBodyMethodProcessor : Using 'application/json', given [*/*] and supported [application/json, application/*+json]
2026-04-12T10:39:40.532+07:00 DEBUG 8612 --- [ulos] [nio-8080-exec-8] m.m.a.RequestResponseBodyMethodProcessor : Writing [PrecheckPageResponse[items=[], totalElements=0, totalPages=0, page=0, size=5]]
2026-04-12T10:39:40.532+07:00 DEBUG 8612 --- [ulos] [nio-8080-exec-8] o.s.web.servlet.DispatcherServlet        : Completed 200 OK
2026-04-12T10:39:40.566+07:00 DEBUG 8612 --- [ulos] [nio-8080-exec-5] org.hibernate.SQL                        : select ate1_0.id,ate1_0.created_at,ate1_0.expires_at,ate1_0.issued_at,ate1_0.last_accessed_at,ate1_0.revoked_flag,ate1_0.token_value,ate1_0.updated_at,ate1_0.user_id from los_auth_token ate1_0 where ate1_0.token_value=? and not(ate1_0.revoked_flag)
2026-04-12T10:39:40.566+07:00 DEBUG 8612 --- [ulos] [nio-8080-exec-5] org.hibernate.SQL                        : select ue1_0.id,ue1_0.active_flag,ue1_0.created_at,ue1_0.email,ue1_0.full_name,ue1_0.last_login_at,ue1_0.password_hash,r1_0.user_id,r1_1.id,r1_1.active_flag,r1_1.created_at,r1_1.description,r1_1.role_code,r1_1.role_name,r1_1.updated_at,ue1_0.updated_at,ue1_0.username from los_user ue1_0 left join los_user_role r1_0 on ue1_0.id=r1_0.user_id left join los_role r1_1 on r1_1.id=r1_0.role_id where ue1_0.id=?
2026-04-12T10:39:40.566+07:00 DEBUG 8612 --- [ulos] [nio-8080-exec-5] org.hibernate.SQL                        : update los_auth_token set created_at=?,expires_at=?,issued_at=?,last_accessed_at=?,revoked_flag=?,token_value=?,updated_at=?,user_id=? where id=?
2026-04-12T10:39:40.566+07:00 DEBUG 8612 --- [ulos] [nio-8080-exec-6] org.hibernate.SQL                        : select ate1_0.id,ate1_0.created_at,ate1_0.expires_at,ate1_0.issued_at,ate1_0.last_accessed_at,ate1_0.revoked_flag,ate1_0.token_value,ate1_0.updated_at,ate1_0.user_id from los_auth_token ate1_0 where ate1_0.token_value=? and not(ate1_0.revoked_flag)
2026-04-12T10:39:40.566+07:00 DEBUG 8612 --- [ulos] [nio-8080-exec-6] org.hibernate.SQL                        : select ue1_0.id,ue1_0.active_flag,ue1_0.created_at,ue1_0.email,ue1_0.full_name,ue1_0.last_login_at,ue1_0.password_hash,r1_0.user_id,r1_1.id,r1_1.active_flag,r1_1.created_at,r1_1.description,r1_1.role_code,r1_1.role_name,r1_1.updated_at,ue1_0.updated_at,ue1_0.username from los_user ue1_0 left join los_user_role r1_0 on ue1_0.id=r1_0.user_id left join los_role r1_1 on r1_1.id=r1_0.role_id where ue1_0.id=?
2026-04-12T10:39:40.581+07:00 DEBUG 8612 --- [ulos] [nio-8080-exec-6] org.hibernate.SQL                        : update los_auth_token set created_at=?,expires_at=?,issued_at=?,last_accessed_at=?,revoked_flag=?,token_value=?,updated_at=?,user_id=? where id=?
2026-04-12T10:39:40.586+07:00 DEBUG 8612 --- [ulos] [nio-8080-exec-9] org.hibernate.SQL                        : select ate1_0.id,ate1_0.created_at,ate1_0.expires_at,ate1_0.issued_at,ate1_0.last_accessed_at,ate1_0.revoked_flag,ate1_0.token_value,ate1_0.updated_at,ate1_0.user_id from los_auth_token ate1_0 where ate1_0.token_value=? and not(ate1_0.revoked_flag)
2026-04-12T10:39:40.587+07:00 DEBUG 8612 --- [ulos] [nio-8080-exec-9] org.hibernate.SQL                        : select ue1_0.id,ue1_0.active_flag,ue1_0.created_at,ue1_0.email,ue1_0.full_name,ue1_0.last_login_at,ue1_0.password_hash,r1_0.user_id,r1_1.id,r1_1.active_flag,r1_1.created_at,r1_1.description,r1_1.role_code,r1_1.role_name,r1_1.updated_at,ue1_0.updated_at,ue1_0.username from los_user ue1_0 left join los_user_role r1_0 on ue1_0.id=r1_0.user_id left join los_role r1_1 on r1_1.id=r1_0.role_id where ue1_0.id=?
2026-04-12T10:39:40.589+07:00 DEBUG 8612 --- [ulos] [nio-8080-exec-5] o.s.web.servlet.DispatcherServlet        : GET "/api/customers/DEB-9920-X1", parameters={}
2026-04-12T10:39:40.589+07:00 DEBUG 8612 --- [ulos] [nio-8080-exec-6] o.s.web.servlet.DispatcherServlet        : GET "/api/prechecks?type=SLIK&customerCif=DEB-9920-X1&page=0&size=5", parameters={masked}
2026-04-12T10:39:40.589+07:00 DEBUG 8612 --- [ulos] [nio-8080-exec-9] org.hibernate.SQL                        : update los_auth_token set created_at=?,expires_at=?,issued_at=?,last_accessed_at=?,revoked_flag=?,token_value=?,updated_at=?,user_id=? where id=?
2026-04-12T10:39:40.589+07:00 DEBUG 8612 --- [ulos] [nio-8080-exec-5] s.w.s.m.m.a.RequestMappingHandlerMapping : Mapped to com.enterprise.ulos.los.controller.CustomerPortfolioController#get(String)
2026-04-12T10:39:40.589+07:00 DEBUG 8612 --- [ulos] [nio-8080-exec-6] s.w.s.m.m.a.RequestMappingHandlerMapping : Mapped to com.enterprise.ulos.los.controller.PrecheckController#list(String, String, String, int, int)
2026-04-12T10:39:40.590+07:00 DEBUG 8612 --- [ulos] [nio-8080-exec-6] org.hibernate.SQL                        : select ate1_0.id,ate1_0.created_at,ate1_0.expires_at,ate1_0.issued_at,ate1_0.last_accessed_at,ate1_0.revoked_flag,ate1_0.token_value,ate1_0.updated_at,ate1_0.user_id from los_auth_token ate1_0 where ate1_0.token_value=? and not(ate1_0.revoked_flag)
2026-04-12T10:39:40.590+07:00 DEBUG 8612 --- [ulos] [nio-8080-exec-5] org.hibernate.SQL                        : select ate1_0.id,ate1_0.created_at,ate1_0.expires_at,ate1_0.issued_at,ate1_0.last_accessed_at,ate1_0.revoked_flag,ate1_0.token_value,ate1_0.updated_at,ate1_0.user_id from los_auth_token ate1_0 where ate1_0.token_value=? and not(ate1_0.revoked_flag)
2026-04-12T10:39:40.591+07:00 DEBUG 8612 --- [ulos] [nio-8080-exec-6] org.hibernate.SQL                        : select ue1_0.id,ue1_0.active_flag,ue1_0.created_at,ue1_0.email,ue1_0.full_name,ue1_0.last_login_at,ue1_0.password_hash,r1_0.user_id,r1_1.id,r1_1.active_flag,r1_1.created_at,r1_1.description,r1_1.role_code,r1_1.role_name,r1_1.updated_at,ue1_0.updated_at,ue1_0.username from los_user ue1_0 left join los_user_role r1_0 on ue1_0.id=r1_0.user_id left join los_role r1_1 on r1_1.id=r1_0.role_id where ue1_0.id=?
2026-04-12T10:39:40.591+07:00 DEBUG 8612 --- [ulos] [nio-8080-exec-5] org.hibernate.SQL                        : select ue1_0.id,ue1_0.active_flag,ue1_0.created_at,ue1_0.email,ue1_0.full_name,ue1_0.last_login_at,ue1_0.password_hash,r1_0.user_id,r1_1.id,r1_1.active_flag,r1_1.created_at,r1_1.description,r1_1.role_code,r1_1.role_name,r1_1.updated_at,ue1_0.updated_at,ue1_0.username from los_user ue1_0 left join los_user_role r1_0 on ue1_0.id=r1_0.user_id left join los_role r1_1 on r1_1.id=r1_0.role_id where ue1_0.id=?
2026-04-12T10:39:40.593+07:00 DEBUG 8612 --- [ulos] [nio-8080-exec-5] org.hibernate.SQL                        : update los_auth_token set created_at=?,expires_at=?,issued_at=?,last_accessed_at=?,revoked_flag=?,token_value=?,updated_at=?,user_id=? where id=?
2026-04-12T10:39:40.593+07:00 DEBUG 8612 --- [ulos] [nio-8080-exec-6] org.hibernate.SQL                        : update los_auth_token set created_at=?,expires_at=?,issued_at=?,last_accessed_at=?,revoked_flag=?,token_value=?,updated_at=?,user_id=? where id=?
2026-04-12T10:39:40.614+07:00 DEBUG 8612 --- [ulos] [nio-8080-exec-9] o.s.web.servlet.DispatcherServlet        : GET "/api/prechecks?type=COLLATERAL&customerCif=DEB-9920-X1&page=0&size=5", parameters={masked}
2026-04-12T10:39:40.615+07:00 DEBUG 8612 --- [ulos] [nio-8080-exec-9] s.w.s.m.m.a.RequestMappingHandlerMapping : Mapped to com.enterprise.ulos.los.controller.PrecheckController#list(String, String, String, int, int)
2026-04-12T10:39:40.616+07:00 DEBUG 8612 --- [ulos] [nio-8080-exec-9] org.hibernate.SQL                        : select ate1_0.id,ate1_0.created_at,ate1_0.expires_at,ate1_0.issued_at,ate1_0.last_accessed_at,ate1_0.revoked_flag,ate1_0.token_value,ate1_0.updated_at,ate1_0.user_id from los_auth_token ate1_0 where ate1_0.token_value=? and not(ate1_0.revoked_flag)
2026-04-12T10:39:40.617+07:00 DEBUG 8612 --- [ulos] [nio-8080-exec-9] org.hibernate.SQL                        : select ue1_0.id,ue1_0.active_flag,ue1_0.created_at,ue1_0.email,ue1_0.full_name,ue1_0.last_login_at,ue1_0.password_hash,r1_0.user_id,r1_1.id,r1_1.active_flag,r1_1.created_at,r1_1.description,r1_1.role_code,r1_1.role_name,r1_1.updated_at,ue1_0.updated_at,ue1_0.username from los_user ue1_0 left join los_user_role r1_0 on ue1_0.id=r1_0.user_id left join los_role r1_1 on r1_1.id=r1_0.role_id where ue1_0.id=?
2026-04-12T10:39:40.619+07:00 DEBUG 8612 --- [ulos] [nio-8080-exec-9] org.hibernate.SQL                        : update los_auth_token set created_at=?,expires_at=?,issued_at=?,last_accessed_at=?,revoked_flag=?,token_value=?,updated_at=?,user_id=? where id=?
2026-04-12T10:39:40.630+07:00 DEBUG 8612 --- [ulos] [nio-8080-exec-6] org.hibernate.SQL                        : select pse1_0.id,pse1_0.check_ref,pse1_0.check_type,pse1_0.completed_at,pse1_0.created_at,pse1_0.customer_id,pse1_0.linked_application_id,pse1_0.notes,pse1_0.requested_at,pse1_0.result_json,pse1_0.result_summary,pse1_0.status,pse1_0.updated_at from los_precheck_session pse1_0 join los_customer c1_0 on c1_0.id=pse1_0.customer_id where (? is null or ?='' or upper(pse1_0.check_type)=upper(?)) and (? is null or ?='' or lower(c1_0.cif_number)=lower(?)) and (? is null or ?='' or lower(pse1_0.check_ref) like lower(concat('%',?,'%')) escape '' or lower(c1_0.cif_number) like lower(concat('%',?,'%')) escape '' or lower(c1_0.company_name) like lower(concat('%',?,'%')) escape '' or lower(coalesce(pse1_0.status,'')) like lower(concat('%',?,'%')) escape '' or lower(coalesce(pse1_0.result_summary,'')) like lower(concat('%',?,'%')) escape '') order by pse1_0.updated_at desc limit ?
2026-04-12T10:39:40.631+07:00 DEBUG 8612 --- [ulos] [nio-8080-exec-5] org.hibernate.SQL                        : select ce1_0.id,ce1_0.cif_number,ce1_0.company_name,ce1_0.company_type,ce1_0.created_at,ce1_0.legal_name,ce1_0.location,ce1_0.profile_json,ce1_0.registration_date,ce1_0.sector,ce1_0.status,ce1_0.tax_id,ce1_0.updated_at from los_customer ce1_0 where ce1_0.cif_number=?
2026-04-12T10:39:40.632+07:00 DEBUG 8612 --- [ulos] [nio-8080-exec-6] m.m.a.RequestResponseBodyMethodProcessor : Using 'application/json', given [*/*] and supported [application/json, application/*+json]
2026-04-12T10:39:40.632+07:00 DEBUG 8612 --- [ulos] [nio-8080-exec-6] m.m.a.RequestResponseBodyMethodProcessor : Writing [PrecheckPageResponse[items=[], totalElements=0, totalPages=0, page=0, size=5]]
2026-04-12T10:39:40.633+07:00 DEBUG 8612 --- [ulos] [nio-8080-exec-6] o.s.web.servlet.DispatcherServlet        : Completed 200 OK
2026-04-12T10:39:40.638+07:00 DEBUG 8612 --- [ulos] [nio-8080-exec-5] m.m.a.RequestResponseBodyMethodProcessor : Using 'application/json', given [*/*] and supported [application/json, application/*+json]
2026-04-12T10:39:40.639+07:00 DEBUG 8612 --- [ulos] [nio-8080-exec-5] m.m.a.RequestResponseBodyMethodProcessor : Writing [CustomerDetailResponse[id=1, cifNumber=DEB-9920-X1, companyName=Global Logistics Systems Corp., lega (truncated)...]
2026-04-12T10:39:40.640+07:00 DEBUG 8612 --- [ulos] [nio-8080-exec-5] o.s.web.servlet.DispatcherServlet        : Completed 200 OK
2026-04-12T10:39:40.648+07:00 DEBUG 8612 --- [ulos] [nio-8080-exec-9] org.hibernate.SQL                        : select pse1_0.id,pse1_0.check_ref,pse1_0.check_type,pse1_0.completed_at,pse1_0.created_at,pse1_0.customer_id,pse1_0.linked_application_id,pse1_0.notes,pse1_0.requested_at,pse1_0.result_json,pse1_0.result_summary,pse1_0.status,pse1_0.updated_at from los_precheck_session pse1_0 join los_customer c1_0 on c1_0.id=pse1_0.customer_id where (? is null or ?='' or upper(pse1_0.check_type)=upper(?)) and (? is null or ?='' or lower(c1_0.cif_number)=lower(?)) and (? is null or ?='' or lower(pse1_0.check_ref) like lower(concat('%',?,'%')) escape '' or lower(c1_0.cif_number) like lower(concat('%',?,'%')) escape '' or lower(c1_0.company_name) like lower(concat('%',?,'%')) escape '' or lower(coalesce(pse1_0.status,'')) like lower(concat('%',?,'%')) escape '' or lower(coalesce(pse1_0.result_summary,'')) like lower(concat('%',?,'%')) escape '') order by pse1_0.updated_at desc limit ?
2026-04-12T10:39:40.651+07:00 DEBUG 8612 --- [ulos] [nio-8080-exec-9] m.m.a.RequestResponseBodyMethodProcessor : Using 'application/json', given [*/*] and supported [application/json, application/*+json]
2026-04-12T10:39:40.651+07:00 DEBUG 8612 --- [ulos] [nio-8080-exec-9] m.m.a.RequestResponseBodyMethodProcessor : Writing [PrecheckPageResponse[items=[], totalElements=0, totalPages=0, page=0, size=5]]
2026-04-12T10:39:40.651+07:00 DEBUG 8612 --- [ulos] [nio-8080-exec-9] o.s.web.servlet.DispatcherServlet        : Completed 200 OK
2026-04-12T10:39:45.819+07:00 DEBUG 8612 --- [ulos] [io-8080-exec-10] org.hibernate.SQL                        : select ate1_0.id,ate1_0.created_at,ate1_0.expires_at,ate1_0.issued_at,ate1_0.last_accessed_at,ate1_0.revoked_flag,ate1_0.token_value,ate1_0.updated_at,ate1_0.user_id from los_auth_token ate1_0 where ate1_0.token_value=? and not(ate1_0.revoked_flag)
2026-04-12T10:39:45.820+07:00 DEBUG 8612 --- [ulos] [io-8080-exec-10] org.hibernate.SQL                        : select ue1_0.id,ue1_0.active_flag,ue1_0.created_at,ue1_0.email,ue1_0.full_name,ue1_0.last_login_at,ue1_0.password_hash,r1_0.user_id,r1_1.id,r1_1.active_flag,r1_1.created_at,r1_1.description,r1_1.role_code,r1_1.role_name,r1_1.updated_at,ue1_0.updated_at,ue1_0.username from los_user ue1_0 left join los_user_role r1_0 on ue1_0.id=r1_0.user_id left join los_role r1_1 on r1_1.id=r1_0.role_id where ue1_0.id=?
2026-04-12T10:39:45.822+07:00 DEBUG 8612 --- [ulos] [io-8080-exec-10] org.hibernate.SQL                        : update los_auth_token set created_at=?,expires_at=?,issued_at=?,last_accessed_at=?,revoked_flag=?,token_value=?,updated_at=?,user_id=? where id=?
2026-04-12T10:39:45.823+07:00 DEBUG 8612 --- [ulos] [nio-8080-exec-1] org.hibernate.SQL                        : select ate1_0.id,ate1_0.created_at,ate1_0.expires_at,ate1_0.issued_at,ate1_0.last_accessed_at,ate1_0.revoked_flag,ate1_0.token_value,ate1_0.updated_at,ate1_0.user_id from los_auth_token ate1_0 where ate1_0.token_value=? and not(ate1_0.revoked_flag)
2026-04-12T10:39:45.825+07:00 DEBUG 8612 --- [ulos] [nio-8080-exec-1] org.hibernate.SQL                        : select ue1_0.id,ue1_0.active_flag,ue1_0.created_at,ue1_0.email,ue1_0.full_name,ue1_0.last_login_at,ue1_0.password_hash,r1_0.user_id,r1_1.id,r1_1.active_flag,r1_1.created_at,r1_1.description,r1_1.role_code,r1_1.role_name,r1_1.updated_at,ue1_0.updated_at,ue1_0.username from los_user ue1_0 left join los_user_role r1_0 on ue1_0.id=r1_0.user_id left join los_role r1_1 on r1_1.id=r1_0.role_id where ue1_0.id=?
2026-04-12T10:39:45.827+07:00 DEBUG 8612 --- [ulos] [nio-8080-exec-1] org.hibernate.SQL                        : update los_auth_token set created_at=?,expires_at=?,issued_at=?,last_accessed_at=?,revoked_flag=?,token_value=?,updated_at=?,user_id=? where id=?
2026-04-12T10:39:45.833+07:00 DEBUG 8612 --- [ulos] [io-8080-exec-10] o.s.web.servlet.DispatcherServlet        : GET "/api/customers", parameters={}
2026-04-12T10:39:45.833+07:00 DEBUG 8612 --- [ulos] [io-8080-exec-10] s.w.s.m.m.a.RequestMappingHandlerMapping : Mapped to com.enterprise.ulos.los.controller.CustomerPortfolioController#list()
2026-04-12T10:39:45.834+07:00 DEBUG 8612 --- [ulos] [io-8080-exec-10] org.hibernate.SQL                        : select ate1_0.id,ate1_0.created_at,ate1_0.expires_at,ate1_0.issued_at,ate1_0.last_accessed_at,ate1_0.revoked_flag,ate1_0.token_value,ate1_0.updated_at,ate1_0.user_id from los_auth_token ate1_0 where ate1_0.token_value=? and not(ate1_0.revoked_flag)
2026-04-12T10:39:45.835+07:00 DEBUG 8612 --- [ulos] [io-8080-exec-10] org.hibernate.SQL                        : select ue1_0.id,ue1_0.active_flag,ue1_0.created_at,ue1_0.email,ue1_0.full_name,ue1_0.last_login_at,ue1_0.password_hash,r1_0.user_id,r1_1.id,r1_1.active_flag,r1_1.created_at,r1_1.description,r1_1.role_code,r1_1.role_name,r1_1.updated_at,ue1_0.updated_at,ue1_0.username from los_user ue1_0 left join los_user_role r1_0 on ue1_0.id=r1_0.user_id left join los_role r1_1 on r1_1.id=r1_0.role_id where ue1_0.id=?
2026-04-12T10:39:45.837+07:00 DEBUG 8612 --- [ulos] [io-8080-exec-10] org.hibernate.SQL                        : update los_auth_token set created_at=?,expires_at=?,issued_at=?,last_accessed_at=?,revoked_flag=?,token_value=?,updated_at=?,user_id=? where id=?
2026-04-12T10:39:45.839+07:00 DEBUG 8612 --- [ulos] [nio-8080-exec-1] o.s.web.servlet.DispatcherServlet        : GET "/api/prechecks?type=SLIK&page=0&size=10", parameters={masked}
2026-04-12T10:39:45.839+07:00 DEBUG 8612 --- [ulos] [nio-8080-exec-1] s.w.s.m.m.a.RequestMappingHandlerMapping : Mapped to com.enterprise.ulos.los.controller.PrecheckController#list(String, String, String, int, int)
2026-04-12T10:39:45.841+07:00 DEBUG 8612 --- [ulos] [nio-8080-exec-1] org.hibernate.SQL                        : select ate1_0.id,ate1_0.created_at,ate1_0.expires_at,ate1_0.issued_at,ate1_0.last_accessed_at,ate1_0.revoked_flag,ate1_0.token_value,ate1_0.updated_at,ate1_0.user_id from los_auth_token ate1_0 where ate1_0.token_value=? and not(ate1_0.revoked_flag)
2026-04-12T10:39:45.842+07:00 DEBUG 8612 --- [ulos] [nio-8080-exec-1] org.hibernate.SQL                        : select ue1_0.id,ue1_0.active_flag,ue1_0.created_at,ue1_0.email,ue1_0.full_name,ue1_0.last_login_at,ue1_0.password_hash,r1_0.user_id,r1_1.id,r1_1.active_flag,r1_1.created_at,r1_1.description,r1_1.role_code,r1_1.role_name,r1_1.updated_at,ue1_0.updated_at,ue1_0.username from los_user ue1_0 left join los_user_role r1_0 on ue1_0.id=r1_0.user_id left join los_role r1_1 on r1_1.id=r1_0.role_id where ue1_0.id=?
2026-04-12T10:39:45.844+07:00 DEBUG 8612 --- [ulos] [nio-8080-exec-1] org.hibernate.SQL                        : update los_auth_token set created_at=?,expires_at=?,issued_at=?,last_accessed_at=?,revoked_flag=?,token_value=?,updated_at=?,user_id=? where id=?
2026-04-12T10:39:45.853+07:00 DEBUG 8612 --- [ulos] [io-8080-exec-10] org.hibernate.SQL                        : select ce1_0.id,ce1_0.cif_number,ce1_0.company_name,ce1_0.company_type,ce1_0.created_at,ce1_0.legal_name,ce1_0.location,ce1_0.profile_json,ce1_0.registration_date,ce1_0.sector,ce1_0.status,ce1_0.tax_id,ce1_0.updated_at from los_customer ce1_0
2026-04-12T10:39:45.856+07:00 DEBUG 8612 --- [ulos] [io-8080-exec-10] m.m.a.RequestResponseBodyMethodProcessor : Using 'application/json', given [*/*] and supported [application/json, application/*+json]
2026-04-12T10:39:45.856+07:00 DEBUG 8612 --- [ulos] [io-8080-exec-10] m.m.a.RequestResponseBodyMethodProcessor : Writing [[CustomerSummaryResponse[cifNumber=DEB-9920-X1, companyName=Global Logistics Systems Corp., sector=n (truncated)...]
2026-04-12T10:39:45.857+07:00 DEBUG 8612 --- [ulos] [io-8080-exec-10] o.s.web.servlet.DispatcherServlet        : Completed 200 OK
2026-04-12T10:39:45.863+07:00 DEBUG 8612 --- [ulos] [nio-8080-exec-1] org.hibernate.SQL                        : select pse1_0.id,pse1_0.check_ref,pse1_0.check_type,pse1_0.completed_at,pse1_0.created_at,pse1_0.customer_id,pse1_0.linked_application_id,pse1_0.notes,pse1_0.requested_at,pse1_0.result_json,pse1_0.result_summary,pse1_0.status,pse1_0.updated_at from los_precheck_session pse1_0 join los_customer c1_0 on c1_0.id=pse1_0.customer_id where (? is null or ?='' or upper(pse1_0.check_type)=upper(?)) and (? is null or ?='' or lower(c1_0.cif_number)=lower(?)) and (? is null or ?='' or lower(pse1_0.check_ref) like lower(concat('%',?,'%')) escape '' or lower(c1_0.cif_number) like lower(concat('%',?,'%')) escape '' or lower(c1_0.company_name) like lower(concat('%',?,'%')) escape '' or lower(coalesce(pse1_0.status,'')) like lower(concat('%',?,'%')) escape '' or lower(coalesce(pse1_0.result_summary,'')) like lower(concat('%',?,'%')) escape '') order by pse1_0.updated_at desc limit ?
2026-04-12T10:39:45.865+07:00 DEBUG 8612 --- [ulos] [nio-8080-exec-1] m.m.a.RequestResponseBodyMethodProcessor : Using 'application/json', given [*/*] and supported [application/json, application/*+json]
2026-04-12T10:39:45.866+07:00 DEBUG 8612 --- [ulos] [nio-8080-exec-1] m.m.a.RequestResponseBodyMethodProcessor : Writing [PrecheckPageResponse[items=[], totalElements=0, totalPages=0, page=0, size=10]]
2026-04-12T10:39:45.866+07:00 DEBUG 8612 --- [ulos] [nio-8080-exec-1] o.s.web.servlet.DispatcherServlet        : Completed 200 OK
2026-04-12T10:39:45.882+07:00 DEBUG 8612 --- [ulos] [nio-8080-exec-4] org.hibernate.SQL                        : select ate1_0.id,ate1_0.created_at,ate1_0.expires_at,ate1_0.issued_at,ate1_0.last_accessed_at,ate1_0.revoked_flag,ate1_0.token_value,ate1_0.updated_at,ate1_0.user_id from los_auth_token ate1_0 where ate1_0.token_value=? and not(ate1_0.revoked_flag)
2026-04-12T10:39:45.883+07:00 DEBUG 8612 --- [ulos] [nio-8080-exec-4] org.hibernate.SQL                        : select ue1_0.id,ue1_0.active_flag,ue1_0.created_at,ue1_0.email,ue1_0.full_name,ue1_0.last_login_at,ue1_0.password_hash,r1_0.user_id,r1_1.id,r1_1.active_flag,r1_1.created_at,r1_1.description,r1_1.role_code,r1_1.role_name,r1_1.updated_at,ue1_0.updated_at,ue1_0.username from los_user ue1_0 left join los_user_role r1_0 on ue1_0.id=r1_0.user_id left join los_role r1_1 on r1_1.id=r1_0.role_id where ue1_0.id=?
2026-04-12T10:39:45.886+07:00 DEBUG 8612 --- [ulos] [nio-8080-exec-4] org.hibernate.SQL                        : update los_auth_token set created_at=?,expires_at=?,issued_at=?,last_accessed_at=?,revoked_flag=?,token_value=?,updated_at=?,user_id=? where id=?
2026-04-12T10:39:45.898+07:00 DEBUG 8612 --- [ulos] [nio-8080-exec-4] o.s.web.servlet.DispatcherServlet        : GET "/api/customers", parameters={}
2026-04-12T10:39:45.898+07:00 DEBUG 8612 --- [ulos] [nio-8080-exec-4] s.w.s.m.m.a.RequestMappingHandlerMapping : Mapped to com.enterprise.ulos.los.controller.CustomerPortfolioController#list()
2026-04-12T10:39:45.899+07:00 DEBUG 8612 --- [ulos] [nio-8080-exec-2] org.hibernate.SQL                        : select ate1_0.id,ate1_0.created_at,ate1_0.expires_at,ate1_0.issued_at,ate1_0.last_accessed_at,ate1_0.revoked_flag,ate1_0.token_value,ate1_0.updated_at,ate1_0.user_id from los_auth_token ate1_0 where ate1_0.token_value=? and not(ate1_0.revoked_flag)
2026-04-12T10:39:45.899+07:00 DEBUG 8612 --- [ulos] [nio-8080-exec-4] org.hibernate.SQL                        : select ate1_0.id,ate1_0.created_at,ate1_0.expires_at,ate1_0.issued_at,ate1_0.last_accessed_at,ate1_0.revoked_flag,ate1_0.token_value,ate1_0.updated_at,ate1_0.user_id from los_auth_token ate1_0 where ate1_0.token_value=? and not(ate1_0.revoked_flag)
2026-04-12T10:39:45.900+07:00 DEBUG 8612 --- [ulos] [nio-8080-exec-2] org.hibernate.SQL                        : select ue1_0.id,ue1_0.active_flag,ue1_0.created_at,ue1_0.email,ue1_0.full_name,ue1_0.last_login_at,ue1_0.password_hash,r1_0.user_id,r1_1.id,r1_1.active_flag,r1_1.created_at,r1_1.description,r1_1.role_code,r1_1.role_name,r1_1.updated_at,ue1_0.updated_at,ue1_0.username from los_user ue1_0 left join los_user_role r1_0 on ue1_0.id=r1_0.user_id left join los_role r1_1 on r1_1.id=r1_0.role_id where ue1_0.id=?
2026-04-12T10:39:45.900+07:00 DEBUG 8612 --- [ulos] [nio-8080-exec-4] org.hibernate.SQL                        : select ue1_0.id,ue1_0.active_flag,ue1_0.created_at,ue1_0.email,ue1_0.full_name,ue1_0.last_login_at,ue1_0.password_hash,r1_0.user_id,r1_1.id,r1_1.active_flag,r1_1.created_at,r1_1.description,r1_1.role_code,r1_1.role_name,r1_1.updated_at,ue1_0.updated_at,ue1_0.username from los_user ue1_0 left join los_user_role r1_0 on ue1_0.id=r1_0.user_id left join los_role r1_1 on r1_1.id=r1_0.role_id where ue1_0.id=?
2026-04-12T10:39:45.900+07:00 DEBUG 8612 --- [ulos] [nio-8080-exec-2] org.hibernate.SQL                        : update los_auth_token set created_at=?,expires_at=?,issued_at=?,last_accessed_at=?,revoked_flag=?,token_value=?,updated_at=?,user_id=? where id=?
2026-04-12T10:39:45.900+07:00 DEBUG 8612 --- [ulos] [nio-8080-exec-4] org.hibernate.SQL                        : update los_auth_token set created_at=?,expires_at=?,issued_at=?,last_accessed_at=?,revoked_flag=?,token_value=?,updated_at=?,user_id=? where id=?
2026-04-12T10:39:45.913+07:00 DEBUG 8612 --- [ulos] [nio-8080-exec-2] o.s.web.servlet.DispatcherServlet        : GET "/api/prechecks?type=SLIK&page=0&size=10", parameters={masked}
2026-04-12T10:39:45.914+07:00 DEBUG 8612 --- [ulos] [nio-8080-exec-2] s.w.s.m.m.a.RequestMappingHandlerMapping : Mapped to com.enterprise.ulos.los.controller.PrecheckController#list(String, String, String, int, int)
2026-04-12T10:39:45.915+07:00 DEBUG 8612 --- [ulos] [nio-8080-exec-2] org.hibernate.SQL                        : select ate1_0.id,ate1_0.created_at,ate1_0.expires_at,ate1_0.issued_at,ate1_0.last_accessed_at,ate1_0.revoked_flag,ate1_0.token_value,ate1_0.updated_at,ate1_0.user_id from los_auth_token ate1_0 where ate1_0.token_value=? and not(ate1_0.revoked_flag)
2026-04-12T10:39:45.917+07:00 DEBUG 8612 --- [ulos] [nio-8080-exec-2] org.hibernate.SQL                        : select ue1_0.id,ue1_0.active_flag,ue1_0.created_at,ue1_0.email,ue1_0.full_name,ue1_0.last_login_at,ue1_0.password_hash,r1_0.user_id,r1_1.id,r1_1.active_flag,r1_1.created_at,r1_1.description,r1_1.role_code,r1_1.role_name,r1_1.updated_at,ue1_0.updated_at,ue1_0.username from los_user ue1_0 left join los_user_role r1_0 on ue1_0.id=r1_0.user_id left join los_role r1_1 on r1_1.id=r1_0.role_id where ue1_0.id=?
2026-04-12T10:39:45.917+07:00 DEBUG 8612 --- [ulos] [nio-8080-exec-4] org.hibernate.SQL                        : select ce1_0.id,ce1_0.cif_number,ce1_0.company_name,ce1_0.company_type,ce1_0.created_at,ce1_0.legal_name,ce1_0.location,ce1_0.profile_json,ce1_0.registration_date,ce1_0.sector,ce1_0.status,ce1_0.tax_id,ce1_0.updated_at from los_customer ce1_0
2026-04-12T10:39:45.917+07:00 DEBUG 8612 --- [ulos] [nio-8080-exec-2] org.hibernate.SQL                        : update los_auth_token set created_at=?,expires_at=?,issued_at=?,last_accessed_at=?,revoked_flag=?,token_value=?,updated_at=?,user_id=? where id=?
2026-04-12T10:39:45.917+07:00 DEBUG 8612 --- [ulos] [nio-8080-exec-4] m.m.a.RequestResponseBodyMethodProcessor : Using 'application/json', given [*/*] and supported [application/json, application/*+json]
2026-04-12T10:39:45.917+07:00 DEBUG 8612 --- [ulos] [nio-8080-exec-4] m.m.a.RequestResponseBodyMethodProcessor : Writing [[CustomerSummaryResponse[cifNumber=DEB-9920-X1, companyName=Global Logistics Systems Corp., sector=n (truncated)...]
2026-04-12T10:39:45.917+07:00 DEBUG 8612 --- [ulos] [nio-8080-exec-4] o.s.web.servlet.DispatcherServlet        : Completed 200 OK
2026-04-12T10:39:45.930+07:00 DEBUG 8612 --- [ulos] [nio-8080-exec-2] org.hibernate.SQL                        : select pse1_0.id,pse1_0.check_ref,pse1_0.check_type,pse1_0.completed_at,pse1_0.created_at,pse1_0.customer_id,pse1_0.linked_application_id,pse1_0.notes,pse1_0.requested_at,pse1_0.result_json,pse1_0.result_summary,pse1_0.status,pse1_0.updated_at from los_precheck_session pse1_0 join los_customer c1_0 on c1_0.id=pse1_0.customer_id where (? is null or ?='' or upper(pse1_0.check_type)=upper(?)) and (? is null or ?='' or lower(c1_0.cif_number)=lower(?)) and (? is null or ?='' or lower(pse1_0.check_ref) like lower(concat('%',?,'%')) escape '' or lower(c1_0.cif_number) like lower(concat('%',?,'%')) escape '' or lower(c1_0.company_name) like lower(concat('%',?,'%')) escape '' or lower(coalesce(pse1_0.status,'')) like lower(concat('%',?,'%')) escape '' or lower(coalesce(pse1_0.result_summary,'')) like lower(concat('%',?,'%')) escape '') order by pse1_0.updated_at desc limit ?
2026-04-12T10:39:45.933+07:00 DEBUG 8612 --- [ulos] [nio-8080-exec-2] m.m.a.RequestResponseBodyMethodProcessor : Using 'application/json', given [*/*] and supported [application/json, application/*+json]
2026-04-12T10:39:45.933+07:00 DEBUG 8612 --- [ulos] [nio-8080-exec-2] m.m.a.RequestResponseBodyMethodProcessor : Writing [PrecheckPageResponse[items=[], totalElements=0, totalPages=0, page=0, size=10]]
2026-04-12T10:39:45.934+07:00 DEBUG 8612 --- [ulos] [nio-8080-exec-2] o.s.web.servlet.DispatcherServlet        : Completed 200 OK
2026-04-12T10:40:28.700+07:00 DEBUG 8612 --- [ulos] [nio-8080-exec-3] org.hibernate.SQL                        : select ate1_0.id,ate1_0.created_at,ate1_0.expires_at,ate1_0.issued_at,ate1_0.last_accessed_at,ate1_0.revoked_flag,ate1_0.token_value,ate1_0.updated_at,ate1_0.user_id from los_auth_token ate1_0 where ate1_0.token_value=? and not(ate1_0.revoked_flag)
2026-04-12T10:40:28.701+07:00 DEBUG 8612 --- [ulos] [nio-8080-exec-3] org.hibernate.SQL                        : select ue1_0.id,ue1_0.active_flag,ue1_0.created_at,ue1_0.email,ue1_0.full_name,ue1_0.last_login_at,ue1_0.password_hash,r1_0.user_id,r1_1.id,r1_1.active_flag,r1_1.created_at,r1_1.description,r1_1.role_code,r1_1.role_name,r1_1.updated_at,ue1_0.updated_at,ue1_0.username from los_user ue1_0 left join los_user_role r1_0 on ue1_0.id=r1_0.user_id left join los_role r1_1 on r1_1.id=r1_0.role_id where ue1_0.id=?
2026-04-12T10:40:28.704+07:00 DEBUG 8612 --- [ulos] [nio-8080-exec-3] org.hibernate.SQL                        : update los_auth_token set created_at=?,expires_at=?,issued_at=?,last_accessed_at=?,revoked_flag=?,token_value=?,updated_at=?,user_id=? where id=?
2026-04-12T10:40:28.723+07:00 DEBUG 8612 --- [ulos] [nio-8080-exec-3] o.s.web.servlet.DispatcherServlet        : GET "/api/prechecks/source/latest-application?type=SLIK&customerCif=DEB-9920-X1", parameters={masked}
2026-04-12T10:40:28.723+07:00 DEBUG 8612 --- [ulos] [nio-8080-exec-3] s.w.s.m.m.a.RequestMappingHandlerMapping : Mapped to com.enterprise.ulos.los.controller.PrecheckController#latestSource(String, String)
2026-04-12T10:40:28.724+07:00 DEBUG 8612 --- [ulos] [nio-8080-exec-3] org.hibernate.SQL                        : select ate1_0.id,ate1_0.created_at,ate1_0.expires_at,ate1_0.issued_at,ate1_0.last_accessed_at,ate1_0.revoked_flag,ate1_0.token_value,ate1_0.updated_at,ate1_0.user_id from los_auth_token ate1_0 where ate1_0.token_value=? and not(ate1_0.revoked_flag)
2026-04-12T10:40:28.726+07:00 DEBUG 8612 --- [ulos] [nio-8080-exec-3] org.hibernate.SQL                        : select ue1_0.id,ue1_0.active_flag,ue1_0.created_at,ue1_0.email,ue1_0.full_name,ue1_0.last_login_at,ue1_0.password_hash,r1_0.user_id,r1_1.id,r1_1.active_flag,r1_1.created_at,r1_1.description,r1_1.role_code,r1_1.role_name,r1_1.updated_at,ue1_0.updated_at,ue1_0.username from los_user ue1_0 left join los_user_role r1_0 on ue1_0.id=r1_0.user_id left join los_role r1_1 on r1_1.id=r1_0.role_id where ue1_0.id=?
2026-04-12T10:40:28.728+07:00 DEBUG 8612 --- [ulos] [nio-8080-exec-3] org.hibernate.SQL                        : update los_auth_token set created_at=?,expires_at=?,issued_at=?,last_accessed_at=?,revoked_flag=?,token_value=?,updated_at=?,user_id=? where id=?
2026-04-12T10:40:28.738+07:00 DEBUG 8612 --- [ulos] [nio-8080-exec-3] org.hibernate.SQL                        : select ce1_0.id,ce1_0.cif_number,ce1_0.company_name,ce1_0.company_type,ce1_0.created_at,ce1_0.legal_name,ce1_0.location,ce1_0.profile_json,ce1_0.registration_date,ce1_0.sector,ce1_0.status,ce1_0.tax_id,ce1_0.updated_at from los_customer ce1_0 where ce1_0.cif_number=?
2026-04-12T10:40:28.740+07:00 DEBUG 8612 --- [ulos] [nio-8080-exec-3] org.hibernate.SQL                        : select awe1_0.id,awe1_0.application_id,awe1_0.application_type,awe1_0.collaterals_json,awe1_0.compliance_json,awe1_0.created_at,awe1_0.current_stage,awe1_0.customer_id,awe1_0.drawdown_conditions_json,awe1_0.facilities_json,awe1_0.financials_json,awe1_0.global_tc_json,awe1_0.linked_collateral_check_ref,awe1_0.linked_slik_check_ref,awe1_0.links_json,awe1_0.process_instance_id,awe1_0.proposed_exposure,awe1_0.remarks,awe1_0.segment_code,awe1_0.setup_json,awe1_0.slik_json,awe1_0.submitted_at,awe1_0.tbo_docs_json,awe1_0.tbo_json,awe1_0.updated_at,awe1_0.workflow_status from los_application awe1_0 left join los_customer c1_0 on c1_0.id=awe1_0.customer_id where c1_0.cif_number=? order by awe1_0.updated_at desc limit ?
2026-04-12T10:40:28.745+07:00 DEBUG 8612 --- [ulos] [nio-8080-exec-3] m.m.a.RequestResponseBodyMethodProcessor : Using 'application/json', given [*/*] and supported [application/json, application/*+json]
2026-04-12T10:40:28.746+07:00 DEBUG 8612 --- [ulos] [nio-8080-exec-3] m.m.a.RequestResponseBodyMethodProcessor : Writing [LatestApplicationSourceResponse[applicationId=APP-2024-001, updatedAt=2026-04-11T08:00:16.998745, it (truncated)...]
2026-04-12T10:40:28.746+07:00 DEBUG 8612 --- [ulos] [nio-8080-exec-3] o.s.web.servlet.DispatcherServlet        : Completed 200 OK
2026-04-12T10:50:16.489+07:00 DEBUG 8612 --- [ulos] [nio-8080-exec-5] org.hibernate.SQL                        : select ate1_0.id,ate1_0.created_at,ate1_0.expires_at,ate1_0.issued_at,ate1_0.last_accessed_at,ate1_0.revoked_flag,ate1_0.token_value,ate1_0.updated_at,ate1_0.user_id from los_auth_token ate1_0 where ate1_0.token_value=? and not(ate1_0.revoked_flag)
2026-04-12T10:50:16.493+07:00 DEBUG 8612 --- [ulos] [nio-8080-exec-5] org.hibernate.SQL                        : select ue1_0.id,ue1_0.active_flag,ue1_0.created_at,ue1_0.email,ue1_0.full_name,ue1_0.last_login_at,ue1_0.password_hash,r1_0.user_id,r1_1.id,r1_1.active_flag,r1_1.created_at,r1_1.description,r1_1.role_code,r1_1.role_name,r1_1.updated_at,ue1_0.updated_at,ue1_0.username from los_user ue1_0 left join los_user_role r1_0 on ue1_0.id=r1_0.user_id left join los_role r1_1 on r1_1.id=r1_0.role_id where ue1_0.id=?
2026-04-12T10:50:16.495+07:00 DEBUG 8612 --- [ulos] [nio-8080-exec-5] org.hibernate.SQL                        : update los_auth_token set created_at=?,expires_at=?,issued_at=?,last_accessed_at=?,revoked_flag=?,token_value=?,updated_at=?,user_id=? where id=?
2026-04-12T10:50:16.508+07:00 DEBUG 8612 --- [ulos] [nio-8080-exec-5] o.s.web.servlet.DispatcherServlet        : GET "/api/auth/me", parameters={}
2026-04-12T10:50:16.508+07:00 DEBUG 8612 --- [ulos] [nio-8080-exec-5] s.w.s.m.m.a.RequestMappingHandlerMapping : Mapped to com.enterprise.ulos.los.controller.AuthController#me(String, String)
2026-04-12T10:50:16.510+07:00 DEBUG 8612 --- [ulos] [nio-8080-exec-5] org.hibernate.SQL                        : select ate1_0.id,ate1_0.created_at,ate1_0.expires_at,ate1_0.issued_at,ate1_0.last_accessed_at,ate1_0.revoked_flag,ate1_0.token_value,ate1_0.updated_at,ate1_0.user_id from los_auth_token ate1_0 where ate1_0.token_value=? and not(ate1_0.revoked_flag)
2026-04-12T10:50:16.511+07:00 DEBUG 8612 --- [ulos] [nio-8080-exec-5] org.hibernate.SQL                        : select ue1_0.id,ue1_0.active_flag,ue1_0.created_at,ue1_0.email,ue1_0.full_name,ue1_0.last_login_at,ue1_0.password_hash,r1_0.user_id,r1_1.id,r1_1.active_flag,r1_1.created_at,r1_1.description,r1_1.role_code,r1_1.role_name,r1_1.updated_at,ue1_0.updated_at,ue1_0.username from los_user ue1_0 left join los_user_role r1_0 on ue1_0.id=r1_0.user_id left join los_role r1_1 on r1_1.id=r1_0.role_id where ue1_0.id=?
2026-04-12T10:50:16.511+07:00 DEBUG 8612 --- [ulos] [nio-8080-exec-5] org.hibernate.SQL                        : update los_auth_token set created_at=?,expires_at=?,issued_at=?,last_accessed_at=?,revoked_flag=?,token_value=?,updated_at=?,user_id=? where id=?
2026-04-12T10:50:16.523+07:00 DEBUG 8612 --- [ulos] [nio-8080-exec-5] org.hibernate.SQL                        : select ate1_0.id,ate1_0.created_at,ate1_0.expires_at,ate1_0.issued_at,ate1_0.last_accessed_at,ate1_0.revoked_flag,ate1_0.token_value,ate1_0.updated_at,ate1_0.user_id from los_auth_token ate1_0 where ate1_0.token_value=? and not(ate1_0.revoked_flag)
2026-04-12T10:50:16.524+07:00 DEBUG 8612 --- [ulos] [nio-8080-exec-5] org.hibernate.SQL                        : select ue1_0.id,ue1_0.active_flag,ue1_0.created_at,ue1_0.email,ue1_0.full_name,ue1_0.last_login_at,ue1_0.password_hash,r1_0.user_id,r1_1.id,r1_1.active_flag,r1_1.created_at,r1_1.description,r1_1.role_code,r1_1.role_name,r1_1.updated_at,ue1_0.updated_at,ue1_0.username from los_user ue1_0 left join los_user_role r1_0 on ue1_0.id=r1_0.user_id left join los_role r1_1 on r1_1.id=r1_0.role_id where ue1_0.id=?
2026-04-12T10:50:16.527+07:00 DEBUG 8612 --- [ulos] [nio-8080-exec-5] m.m.a.RequestResponseBodyMethodProcessor : Using 'application/json', given [*/*] and supported [application/json, application/*+json]
2026-04-12T10:50:16.528+07:00 DEBUG 8612 --- [ulos] [nio-8080-exec-5] m.m.a.RequestResponseBodyMethodProcessor : Writing [UserProfileResponse[userId=1, username=admin, fullName=System Administrator, email=admin@ulos.local, (truncated)...]
2026-04-12T10:50:16.530+07:00 DEBUG 8612 --- [ulos] [nio-8080-exec-5] o.s.web.servlet.DispatcherServlet        : Completed 200 OK
2026-04-12T10:50:16.542+07:00 DEBUG 8612 --- [ulos] [nio-8080-exec-9] org.hibernate.SQL                        : select ate1_0.id,ate1_0.created_at,ate1_0.expires_at,ate1_0.issued_at,ate1_0.last_accessed_at,ate1_0.revoked_flag,ate1_0.token_value,ate1_0.updated_at,ate1_0.user_id from los_auth_token ate1_0 where ate1_0.token_value=? and not(ate1_0.revoked_flag)
2026-04-12T10:50:16.543+07:00 DEBUG 8612 --- [ulos] [nio-8080-exec-9] org.hibernate.SQL                        : select ue1_0.id,ue1_0.active_flag,ue1_0.created_at,ue1_0.email,ue1_0.full_name,ue1_0.last_login_at,ue1_0.password_hash,r1_0.user_id,r1_1.id,r1_1.active_flag,r1_1.created_at,r1_1.description,r1_1.role_code,r1_1.role_name,r1_1.updated_at,ue1_0.updated_at,ue1_0.username from los_user ue1_0 left join los_user_role r1_0 on ue1_0.id=r1_0.user_id left join los_role r1_1 on r1_1.id=r1_0.role_id where ue1_0.id=?
2026-04-12T10:50:16.544+07:00 DEBUG 8612 --- [ulos] [nio-8080-exec-9] org.hibernate.SQL                        : update los_auth_token set created_at=?,expires_at=?,issued_at=?,last_accessed_at=?,revoked_flag=?,token_value=?,updated_at=?,user_id=? where id=?
2026-04-12T10:50:16.553+07:00 DEBUG 8612 --- [ulos] [nio-8080-exec-9] o.s.web.servlet.DispatcherServlet        : GET "/api/auth/me", parameters={}
2026-04-12T10:50:16.553+07:00 DEBUG 8612 --- [ulos] [nio-8080-exec-9] s.w.s.m.m.a.RequestMappingHandlerMapping : Mapped to com.enterprise.ulos.los.controller.AuthController#me(String, String)
2026-04-12T10:50:16.554+07:00 DEBUG 8612 --- [ulos] [nio-8080-exec-9] org.hibernate.SQL                        : select ate1_0.id,ate1_0.created_at,ate1_0.expires_at,ate1_0.issued_at,ate1_0.last_accessed_at,ate1_0.revoked_flag,ate1_0.token_value,ate1_0.updated_at,ate1_0.user_id from los_auth_token ate1_0 where ate1_0.token_value=? and not(ate1_0.revoked_flag)
2026-04-12T10:50:16.555+07:00 DEBUG 8612 --- [ulos] [nio-8080-exec-9] org.hibernate.SQL                        : select ue1_0.id,ue1_0.active_flag,ue1_0.created_at,ue1_0.email,ue1_0.full_name,ue1_0.last_login_at,ue1_0.password_hash,r1_0.user_id,r1_1.id,r1_1.active_flag,r1_1.created_at,r1_1.description,r1_1.role_code,r1_1.role_name,r1_1.updated_at,ue1_0.updated_at,ue1_0.username from los_user ue1_0 left join los_user_role r1_0 on ue1_0.id=r1_0.user_id left join los_role r1_1 on r1_1.id=r1_0.role_id where ue1_0.id=?
2026-04-12T10:50:16.557+07:00 DEBUG 8612 --- [ulos] [nio-8080-exec-9] org.hibernate.SQL                        : update los_auth_token set created_at=?,expires_at=?,issued_at=?,last_accessed_at=?,revoked_flag=?,token_value=?,updated_at=?,user_id=? where id=?
2026-04-12T10:50:16.567+07:00 DEBUG 8612 --- [ulos] [nio-8080-exec-9] org.hibernate.SQL                        : select ate1_0.id,ate1_0.created_at,ate1_0.expires_at,ate1_0.issued_at,ate1_0.last_accessed_at,ate1_0.revoked_flag,ate1_0.token_value,ate1_0.updated_at,ate1_0.user_id from los_auth_token ate1_0 where ate1_0.token_value=? and not(ate1_0.revoked_flag)
2026-04-12T10:50:16.569+07:00 DEBUG 8612 --- [ulos] [nio-8080-exec-9] org.hibernate.SQL                        : select ue1_0.id,ue1_0.active_flag,ue1_0.created_at,ue1_0.email,ue1_0.full_name,ue1_0.last_login_at,ue1_0.password_hash,r1_0.user_id,r1_1.id,r1_1.active_flag,r1_1.created_at,r1_1.description,r1_1.role_code,r1_1.role_name,r1_1.updated_at,ue1_0.updated_at,ue1_0.username from los_user ue1_0 left join los_user_role r1_0 on ue1_0.id=r1_0.user_id left join los_role r1_1 on r1_1.id=r1_0.role_id where ue1_0.id=?
2026-04-12T10:50:16.571+07:00 DEBUG 8612 --- [ulos] [nio-8080-exec-9] m.m.a.RequestResponseBodyMethodProcessor : Using 'application/json', given [*/*] and supported [application/json, application/*+json]
2026-04-12T10:50:16.572+07:00 DEBUG 8612 --- [ulos] [nio-8080-exec-9] m.m.a.RequestResponseBodyMethodProcessor : Writing [UserProfileResponse[userId=1, username=admin, fullName=System Administrator, email=admin@ulos.local, (truncated)...]
2026-04-12T10:50:16.572+07:00 DEBUG 8612 --- [ulos] [nio-8080-exec-9] o.s.web.servlet.DispatcherServlet        : Completed 200 OK
2026-04-12T10:50:16.638+07:00 DEBUG 8612 --- [ulos] [io-8080-exec-10] org.hibernate.SQL                        : select ate1_0.id,ate1_0.created_at,ate1_0.expires_at,ate1_0.issued_at,ate1_0.last_accessed_at,ate1_0.revoked_flag,ate1_0.token_value,ate1_0.updated_at,ate1_0.user_id from los_auth_token ate1_0 where ate1_0.token_value=? and not(ate1_0.revoked_flag)
2026-04-12T10:50:16.639+07:00 DEBUG 8612 --- [ulos] [io-8080-exec-10] org.hibernate.SQL                        : select ue1_0.id,ue1_0.active_flag,ue1_0.created_at,ue1_0.email,ue1_0.full_name,ue1_0.last_login_at,ue1_0.password_hash,r1_0.user_id,r1_1.id,r1_1.active_flag,r1_1.created_at,r1_1.description,r1_1.role_code,r1_1.role_name,r1_1.updated_at,ue1_0.updated_at,ue1_0.username from los_user ue1_0 left join los_user_role r1_0 on ue1_0.id=r1_0.user_id left join los_role r1_1 on r1_1.id=r1_0.role_id where ue1_0.id=?
2026-04-12T10:50:16.641+07:00 DEBUG 8612 --- [ulos] [io-8080-exec-10] org.hibernate.SQL                        : update los_auth_token set created_at=?,expires_at=?,issued_at=?,last_accessed_at=?,revoked_flag=?,token_value=?,updated_at=?,user_id=? where id=?
2026-04-12T10:50:16.654+07:00 DEBUG 8612 --- [ulos] [nio-8080-exec-1] org.hibernate.SQL                        : select ate1_0.id,ate1_0.created_at,ate1_0.expires_at,ate1_0.issued_at,ate1_0.last_accessed_at,ate1_0.revoked_flag,ate1_0.token_value,ate1_0.updated_at,ate1_0.user_id from los_auth_token ate1_0 where ate1_0.token_value=? and not(ate1_0.revoked_flag)
2026-04-12T10:50:16.656+07:00 DEBUG 8612 --- [ulos] [io-8080-exec-10] o.s.web.servlet.DispatcherServlet        : GET "/api/customers", parameters={}
2026-04-12T10:50:16.656+07:00 DEBUG 8612 --- [ulos] [nio-8080-exec-1] org.hibernate.SQL                        : select ue1_0.id,ue1_0.active_flag,ue1_0.created_at,ue1_0.email,ue1_0.full_name,ue1_0.last_login_at,ue1_0.password_hash,r1_0.user_id,r1_1.id,r1_1.active_flag,r1_1.created_at,r1_1.description,r1_1.role_code,r1_1.role_name,r1_1.updated_at,ue1_0.updated_at,ue1_0.username from los_user ue1_0 left join los_user_role r1_0 on ue1_0.id=r1_0.user_id left join los_role r1_1 on r1_1.id=r1_0.role_id where ue1_0.id=?
2026-04-12T10:50:16.656+07:00 DEBUG 8612 --- [ulos] [io-8080-exec-10] s.w.s.m.m.a.RequestMappingHandlerMapping : Mapped to com.enterprise.ulos.los.controller.CustomerPortfolioController#list()
2026-04-12T10:50:16.657+07:00 DEBUG 8612 --- [ulos] [io-8080-exec-10] org.hibernate.SQL                        : select ate1_0.id,ate1_0.created_at,ate1_0.expires_at,ate1_0.issued_at,ate1_0.last_accessed_at,ate1_0.revoked_flag,ate1_0.token_value,ate1_0.updated_at,ate1_0.user_id from los_auth_token ate1_0 where ate1_0.token_value=? and not(ate1_0.revoked_flag)
2026-04-12T10:50:16.657+07:00 DEBUG 8612 --- [ulos] [nio-8080-exec-1] org.hibernate.SQL                        : update los_auth_token set created_at=?,expires_at=?,issued_at=?,last_accessed_at=?,revoked_flag=?,token_value=?,updated_at=?,user_id=? where id=?
2026-04-12T10:50:16.657+07:00 DEBUG 8612 --- [ulos] [io-8080-exec-10] org.hibernate.SQL                        : select ue1_0.id,ue1_0.active_flag,ue1_0.created_at,ue1_0.email,ue1_0.full_name,ue1_0.last_login_at,ue1_0.password_hash,r1_0.user_id,r1_1.id,r1_1.active_flag,r1_1.created_at,r1_1.description,r1_1.role_code,r1_1.role_name,r1_1.updated_at,ue1_0.updated_at,ue1_0.username from los_user ue1_0 left join los_user_role r1_0 on ue1_0.id=r1_0.user_id left join los_role r1_1 on r1_1.id=r1_0.role_id where ue1_0.id=?
2026-04-12T10:50:16.660+07:00 DEBUG 8612 --- [ulos] [io-8080-exec-10] org.hibernate.SQL                        : update los_auth_token set created_at=?,expires_at=?,issued_at=?,last_accessed_at=?,revoked_flag=?,token_value=?,updated_at=?,user_id=? where id=?
2026-04-12T10:50:16.669+07:00 DEBUG 8612 --- [ulos] [nio-8080-exec-1] o.s.web.servlet.DispatcherServlet        : GET "/api/prechecks?type=SLIK&page=0&size=10", parameters={masked}
2026-04-12T10:50:16.669+07:00 DEBUG 8612 --- [ulos] [nio-8080-exec-1] s.w.s.m.m.a.RequestMappingHandlerMapping : Mapped to com.enterprise.ulos.los.controller.PrecheckController#list(String, String, String, int, int)
2026-04-12T10:50:16.670+07:00 DEBUG 8612 --- [ulos] [nio-8080-exec-1] org.hibernate.SQL                        : select ate1_0.id,ate1_0.created_at,ate1_0.expires_at,ate1_0.issued_at,ate1_0.last_accessed_at,ate1_0.revoked_flag,ate1_0.token_value,ate1_0.updated_at,ate1_0.user_id from los_auth_token ate1_0 where ate1_0.token_value=? and not(ate1_0.revoked_flag)
2026-04-12T10:50:16.671+07:00 DEBUG 8612 --- [ulos] [nio-8080-exec-1] org.hibernate.SQL                        : select ue1_0.id,ue1_0.active_flag,ue1_0.created_at,ue1_0.email,ue1_0.full_name,ue1_0.last_login_at,ue1_0.password_hash,r1_0.user_id,r1_1.id,r1_1.active_flag,r1_1.created_at,r1_1.description,r1_1.role_code,r1_1.role_name,r1_1.updated_at,ue1_0.updated_at,ue1_0.username from los_user ue1_0 left join los_user_role r1_0 on ue1_0.id=r1_0.user_id left join los_role r1_1 on r1_1.id=r1_0.role_id where ue1_0.id=?
2026-04-12T10:50:16.671+07:00 DEBUG 8612 --- [ulos] [nio-8080-exec-1] org.hibernate.SQL                        : update los_auth_token set created_at=?,expires_at=?,issued_at=?,last_accessed_at=?,revoked_flag=?,token_value=?,updated_at=?,user_id=? where id=?
2026-04-12T10:50:16.682+07:00 DEBUG 8612 --- [ulos] [io-8080-exec-10] org.hibernate.SQL                        : select ce1_0.id,ce1_0.cif_number,ce1_0.company_name,ce1_0.company_type,ce1_0.created_at,ce1_0.legal_name,ce1_0.location,ce1_0.profile_json,ce1_0.registration_date,ce1_0.sector,ce1_0.status,ce1_0.tax_id,ce1_0.updated_at from los_customer ce1_0
2026-04-12T10:50:16.686+07:00 DEBUG 8612 --- [ulos] [io-8080-exec-10] m.m.a.RequestResponseBodyMethodProcessor : Using 'application/json', given [*/*] and supported [application/json, application/*+json]
2026-04-12T10:50:16.686+07:00 DEBUG 8612 --- [ulos] [io-8080-exec-10] m.m.a.RequestResponseBodyMethodProcessor : Writing [[CustomerSummaryResponse[cifNumber=DEB-9920-X1, companyName=Global Logistics Systems Corp., sector=n (truncated)...]
2026-04-12T10:50:16.686+07:00 DEBUG 8612 --- [ulos] [nio-8080-exec-1] org.hibernate.SQL                        : select pse1_0.id,pse1_0.check_ref,pse1_0.check_type,pse1_0.completed_at,pse1_0.created_at,pse1_0.customer_id,pse1_0.linked_application_id,pse1_0.notes,pse1_0.requested_at,pse1_0.result_json,pse1_0.result_summary,pse1_0.status,pse1_0.updated_at from los_precheck_session pse1_0 join los_customer c1_0 on c1_0.id=pse1_0.customer_id where (? is null or ?='' or upper(pse1_0.check_type)=upper(?)) and (? is null or ?='' or lower(c1_0.cif_number)=lower(?)) and (? is null or ?='' or lower(pse1_0.check_ref) like lower(concat('%',?,'%')) escape '' or lower(c1_0.cif_number) like lower(concat('%',?,'%')) escape '' or lower(c1_0.company_name) like lower(concat('%',?,'%')) escape '' or lower(coalesce(pse1_0.status,'')) like lower(concat('%',?,'%')) escape '' or lower(coalesce(pse1_0.result_summary,'')) like lower(concat('%',?,'%')) escape '') order by pse1_0.updated_at desc limit ?
2026-04-12T10:50:16.686+07:00 DEBUG 8612 --- [ulos] [io-8080-exec-10] o.s.web.servlet.DispatcherServlet        : Completed 200 OK
2026-04-12T10:50:16.690+07:00 DEBUG 8612 --- [ulos] [nio-8080-exec-1] m.m.a.RequestResponseBodyMethodProcessor : Using 'application/json', given [*/*] and supported [application/json, application/*+json]
2026-04-12T10:50:16.690+07:00 DEBUG 8612 --- [ulos] [nio-8080-exec-1] m.m.a.RequestResponseBodyMethodProcessor : Writing [PrecheckPageResponse[items=[], totalElements=0, totalPages=0, page=0, size=10]]
2026-04-12T10:50:16.691+07:00 DEBUG 8612 --- [ulos] [nio-8080-exec-1] o.s.web.servlet.DispatcherServlet        : Completed 200 OK
2026-04-12T10:50:16.704+07:00 DEBUG 8612 --- [ulos] [nio-8080-exec-4] org.hibernate.SQL                        : select ate1_0.id,ate1_0.created_at,ate1_0.expires_at,ate1_0.issued_at,ate1_0.last_accessed_at,ate1_0.revoked_flag,ate1_0.token_value,ate1_0.updated_at,ate1_0.user_id from los_auth_token ate1_0 where ate1_0.token_value=? and not(ate1_0.revoked_flag)
2026-04-12T10:50:16.705+07:00 DEBUG 8612 --- [ulos] [nio-8080-exec-4] org.hibernate.SQL                        : select ue1_0.id,ue1_0.active_flag,ue1_0.created_at,ue1_0.email,ue1_0.full_name,ue1_0.last_login_at,ue1_0.password_hash,r1_0.user_id,r1_1.id,r1_1.active_flag,r1_1.created_at,r1_1.description,r1_1.role_code,r1_1.role_name,r1_1.updated_at,ue1_0.updated_at,ue1_0.username from los_user ue1_0 left join los_user_role r1_0 on ue1_0.id=r1_0.user_id left join los_role r1_1 on r1_1.id=r1_0.role_id where ue1_0.id=?
2026-04-12T10:50:16.706+07:00 DEBUG 8612 --- [ulos] [nio-8080-exec-4] org.hibernate.SQL                        : update los_auth_token set created_at=?,expires_at=?,issued_at=?,last_accessed_at=?,revoked_flag=?,token_value=?,updated_at=?,user_id=? where id=?
2026-04-12T10:50:16.706+07:00 DEBUG 8612 --- [ulos] [nio-8080-exec-2] org.hibernate.SQL                        : select ate1_0.id,ate1_0.created_at,ate1_0.expires_at,ate1_0.issued_at,ate1_0.last_accessed_at,ate1_0.revoked_flag,ate1_0.token_value,ate1_0.updated_at,ate1_0.user_id from los_auth_token ate1_0 where ate1_0.token_value=? and not(ate1_0.revoked_flag)
2026-04-12T10:50:16.707+07:00 DEBUG 8612 --- [ulos] [nio-8080-exec-2] org.hibernate.SQL                        : select ue1_0.id,ue1_0.active_flag,ue1_0.created_at,ue1_0.email,ue1_0.full_name,ue1_0.last_login_at,ue1_0.password_hash,r1_0.user_id,r1_1.id,r1_1.active_flag,r1_1.created_at,r1_1.description,r1_1.role_code,r1_1.role_name,r1_1.updated_at,ue1_0.updated_at,ue1_0.username from los_user ue1_0 left join los_user_role r1_0 on ue1_0.id=r1_0.user_id left join los_role r1_1 on r1_1.id=r1_0.role_id where ue1_0.id=?
2026-04-12T10:50:16.709+07:00 DEBUG 8612 --- [ulos] [nio-8080-exec-2] org.hibernate.SQL                        : update los_auth_token set created_at=?,expires_at=?,issued_at=?,last_accessed_at=?,revoked_flag=?,token_value=?,updated_at=?,user_id=? where id=?
2026-04-12T10:50:16.715+07:00 DEBUG 8612 --- [ulos] [nio-8080-exec-4] o.s.web.servlet.DispatcherServlet        : GET "/api/customers", parameters={}
2026-04-12T10:50:16.715+07:00 DEBUG 8612 --- [ulos] [nio-8080-exec-4] s.w.s.m.m.a.RequestMappingHandlerMapping : Mapped to com.enterprise.ulos.los.controller.CustomerPortfolioController#list()
2026-04-12T10:50:16.716+07:00 DEBUG 8612 --- [ulos] [nio-8080-exec-4] org.hibernate.SQL                        : select ate1_0.id,ate1_0.created_at,ate1_0.expires_at,ate1_0.issued_at,ate1_0.last_accessed_at,ate1_0.revoked_flag,ate1_0.token_value,ate1_0.updated_at,ate1_0.user_id from los_auth_token ate1_0 where ate1_0.token_value=? and not(ate1_0.revoked_flag)
2026-04-12T10:50:16.716+07:00 DEBUG 8612 --- [ulos] [nio-8080-exec-4] org.hibernate.SQL                        : select ue1_0.id,ue1_0.active_flag,ue1_0.created_at,ue1_0.email,ue1_0.full_name,ue1_0.last_login_at,ue1_0.password_hash,r1_0.user_id,r1_1.id,r1_1.active_flag,r1_1.created_at,r1_1.description,r1_1.role_code,r1_1.role_name,r1_1.updated_at,ue1_0.updated_at,ue1_0.username from los_user ue1_0 left join los_user_role r1_0 on ue1_0.id=r1_0.user_id left join los_role r1_1 on r1_1.id=r1_0.role_id where ue1_0.id=?
2026-04-12T10:50:16.720+07:00 DEBUG 8612 --- [ulos] [nio-8080-exec-4] org.hibernate.SQL                        : update los_auth_token set created_at=?,expires_at=?,issued_at=?,last_accessed_at=?,revoked_flag=?,token_value=?,updated_at=?,user_id=? where id=?
2026-04-12T10:50:16.726+07:00 DEBUG 8612 --- [ulos] [nio-8080-exec-2] o.s.web.servlet.DispatcherServlet        : GET "/api/prechecks?type=SLIK&page=0&size=10", parameters={masked}
2026-04-12T10:50:16.726+07:00 DEBUG 8612 --- [ulos] [nio-8080-exec-2] s.w.s.m.m.a.RequestMappingHandlerMapping : Mapped to com.enterprise.ulos.los.controller.PrecheckController#list(String, String, String, int, int)
2026-04-12T10:50:16.727+07:00 DEBUG 8612 --- [ulos] [nio-8080-exec-2] org.hibernate.SQL                        : select ate1_0.id,ate1_0.created_at,ate1_0.expires_at,ate1_0.issued_at,ate1_0.last_accessed_at,ate1_0.revoked_flag,ate1_0.token_value,ate1_0.updated_at,ate1_0.user_id from los_auth_token ate1_0 where ate1_0.token_value=? and not(ate1_0.revoked_flag)
2026-04-12T10:50:16.728+07:00 DEBUG 8612 --- [ulos] [nio-8080-exec-2] org.hibernate.SQL                        : select ue1_0.id,ue1_0.active_flag,ue1_0.created_at,ue1_0.email,ue1_0.full_name,ue1_0.last_login_at,ue1_0.password_hash,r1_0.user_id,r1_1.id,r1_1.active_flag,r1_1.created_at,r1_1.description,r1_1.role_code,r1_1.role_name,r1_1.updated_at,ue1_0.updated_at,ue1_0.username from los_user ue1_0 left join los_user_role r1_0 on ue1_0.id=r1_0.user_id left join los_role r1_1 on r1_1.id=r1_0.role_id where ue1_0.id=?
2026-04-12T10:50:16.731+07:00 DEBUG 8612 --- [ulos] [nio-8080-exec-2] org.hibernate.SQL                        : update los_auth_token set created_at=?,expires_at=?,issued_at=?,last_accessed_at=?,revoked_flag=?,token_value=?,updated_at=?,user_id=? where id=?
2026-04-12T10:50:16.743+07:00 DEBUG 8612 --- [ulos] [nio-8080-exec-4] org.hibernate.SQL                        : select ce1_0.id,ce1_0.cif_number,ce1_0.company_name,ce1_0.company_type,ce1_0.created_at,ce1_0.legal_name,ce1_0.location,ce1_0.profile_json,ce1_0.registration_date,ce1_0.sector,ce1_0.status,ce1_0.tax_id,ce1_0.updated_at from los_customer ce1_0
2026-04-12T10:50:16.746+07:00 DEBUG 8612 --- [ulos] [nio-8080-exec-4] m.m.a.RequestResponseBodyMethodProcessor : Using 'application/json', given [*/*] and supported [application/json, application/*+json]
2026-04-12T10:50:16.746+07:00 DEBUG 8612 --- [ulos] [nio-8080-exec-4] m.m.a.RequestResponseBodyMethodProcessor : Writing [[CustomerSummaryResponse[cifNumber=DEB-9920-X1, companyName=Global Logistics Systems Corp., sector=n (truncated)...]
2026-04-12T10:50:16.747+07:00 DEBUG 8612 --- [ulos] [nio-8080-exec-4] o.s.web.servlet.DispatcherServlet        : Completed 200 OK
2026-04-12T10:50:16.753+07:00 DEBUG 8612 --- [ulos] [nio-8080-exec-2] org.hibernate.SQL                        : select pse1_0.id,pse1_0.check_ref,pse1_0.check_type,pse1_0.completed_at,pse1_0.created_at,pse1_0.customer_id,pse1_0.linked_application_id,pse1_0.notes,pse1_0.requested_at,pse1_0.result_json,pse1_0.result_summary,pse1_0.status,pse1_0.updated_at from los_precheck_session pse1_0 join los_customer c1_0 on c1_0.id=pse1_0.customer_id where (? is null or ?='' or upper(pse1_0.check_type)=upper(?)) and (? is null or ?='' or lower(c1_0.cif_number)=lower(?)) and (? is null or ?='' or lower(pse1_0.check_ref) like lower(concat('%',?,'%')) escape '' or lower(c1_0.cif_number) like lower(concat('%',?,'%')) escape '' or lower(c1_0.company_name) like lower(concat('%',?,'%')) escape '' or lower(coalesce(pse1_0.status,'')) like lower(concat('%',?,'%')) escape '' or lower(coalesce(pse1_0.result_summary,'')) like lower(concat('%',?,'%')) escape '') order by pse1_0.updated_at desc limit ?
2026-04-12T10:50:16.758+07:00 DEBUG 8612 --- [ulos] [nio-8080-exec-2] m.m.a.RequestResponseBodyMethodProcessor : Using 'application/json', given [*/*] and supported [application/json, application/*+json]
2026-04-12T10:50:16.759+07:00 DEBUG 8612 --- [ulos] [nio-8080-exec-2] m.m.a.RequestResponseBodyMethodProcessor : Writing [PrecheckPageResponse[items=[], totalElements=0, totalPages=0, page=0, size=10]]
2026-04-12T10:50:16.759+07:00 DEBUG 8612 --- [ulos] [nio-8080-exec-2] o.s.web.servlet.DispatcherServlet        : Completed 200 OK
2026-04-12T13:57:13.597+07:00  WARN 8612 --- [ulos] [l-1 housekeeper] com.zaxxer.hikari.pool.HikariPool        : HikariPool-1 - Thread starvation or clock leap detected (housekeeper delta=1h59m6s36ms491µs900ns).
2026-04-12T13:57:41.437+07:00 DEBUG 8612 --- [ulos] [nio-8080-exec-8] org.hibernate.SQL                        : select ate1_0.id,ate1_0.created_at,ate1_0.expires_at,ate1_0.issued_at,ate1_0.last_accessed_at,ate1_0.revoked_flag,ate1_0.token_value,ate1_0.updated_at,ate1_0.user_id from los_auth_token ate1_0 where ate1_0.token_value=? and not(ate1_0.revoked_flag)
2026-04-12T13:57:41.437+07:00 DEBUG 8612 --- [ulos] [nio-8080-exec-8] org.hibernate.SQL                        : select ue1_0.id,ue1_0.active_flag,ue1_0.created_at,ue1_0.email,ue1_0.full_name,ue1_0.last_login_at,ue1_0.password_hash,r1_0.user_id,r1_1.id,r1_1.active_flag,r1_1.created_at,r1_1.description,r1_1.role_code,r1_1.role_name,r1_1.updated_at,ue1_0.updated_at,ue1_0.username from los_user ue1_0 left join los_user_role r1_0 on ue1_0.id=r1_0.user_id left join los_role r1_1 on r1_1.id=r1_0.role_id where ue1_0.id=?
2026-04-12T13:57:41.437+07:00 DEBUG 8612 --- [ulos] [nio-8080-exec-8] org.hibernate.SQL                        : update los_auth_token set created_at=?,expires_at=?,issued_at=?,last_accessed_at=?,revoked_flag=?,token_value=?,updated_at=?,user_id=? where id=?
2026-04-12T13:57:41.578+07:00 DEBUG 8612 --- [ulos] [nio-8080-exec-8] o.s.web.servlet.DispatcherServlet        : GET "/api/auth/me", parameters={}
2026-04-12T13:57:41.578+07:00 DEBUG 8612 --- [ulos] [nio-8080-exec-8] s.w.s.m.m.a.RequestMappingHandlerMapping : Mapped to com.enterprise.ulos.los.controller.AuthController#me(String, String)
2026-04-12T13:57:41.578+07:00 DEBUG 8612 --- [ulos] [nio-8080-exec-8] org.hibernate.SQL                        : select ate1_0.id,ate1_0.created_at,ate1_0.expires_at,ate1_0.issued_at,ate1_0.last_accessed_at,ate1_0.revoked_flag,ate1_0.token_value,ate1_0.updated_at,ate1_0.user_id from los_auth_token ate1_0 where ate1_0.token_value=? and not(ate1_0.revoked_flag)
2026-04-12T13:57:41.578+07:00 DEBUG 8612 --- [ulos] [nio-8080-exec-8] org.hibernate.SQL                        : select ue1_0.id,ue1_0.active_flag,ue1_0.created_at,ue1_0.email,ue1_0.full_name,ue1_0.last_login_at,ue1_0.password_hash,r1_0.user_id,r1_1.id,r1_1.active_flag,r1_1.created_at,r1_1.description,r1_1.role_code,r1_1.role_name,r1_1.updated_at,ue1_0.updated_at,ue1_0.username from los_user ue1_0 left join los_user_role r1_0 on ue1_0.id=r1_0.user_id left join los_role r1_1 on r1_1.id=r1_0.role_id where ue1_0.id=?
2026-04-12T13:57:41.578+07:00 DEBUG 8612 --- [ulos] [nio-8080-exec-8] org.hibernate.SQL                        : update los_auth_token set created_at=?,expires_at=?,issued_at=?,last_accessed_at=?,revoked_flag=?,token_value=?,updated_at=?,user_id=? where id=?
2026-04-12T13:57:41.594+07:00 DEBUG 8612 --- [ulos] [nio-8080-exec-8] org.hibernate.SQL                        : select ate1_0.id,ate1_0.created_at,ate1_0.expires_at,ate1_0.issued_at,ate1_0.last_accessed_at,ate1_0.revoked_flag,ate1_0.token_value,ate1_0.updated_at,ate1_0.user_id from los_auth_token ate1_0 where ate1_0.token_value=? and not(ate1_0.revoked_flag)
2026-04-12T13:57:41.594+07:00 DEBUG 8612 --- [ulos] [nio-8080-exec-8] org.hibernate.SQL                        : select ue1_0.id,ue1_0.active_flag,ue1_0.created_at,ue1_0.email,ue1_0.full_name,ue1_0.last_login_at,ue1_0.password_hash,r1_0.user_id,r1_1.id,r1_1.active_flag,r1_1.created_at,r1_1.description,r1_1.role_code,r1_1.role_name,r1_1.updated_at,ue1_0.updated_at,ue1_0.username from los_user ue1_0 left join los_user_role r1_0 on ue1_0.id=r1_0.user_id left join los_role r1_1 on r1_1.id=r1_0.role_id where ue1_0.id=?
2026-04-12T13:57:41.609+07:00 DEBUG 8612 --- [ulos] [nio-8080-exec-8] m.m.a.RequestResponseBodyMethodProcessor : Using 'application/json', given [*/*] and supported [application/json, application/*+json]
2026-04-12T13:57:41.609+07:00 DEBUG 8612 --- [ulos] [nio-8080-exec-8] m.m.a.RequestResponseBodyMethodProcessor : Writing [UserProfileResponse[userId=1, username=admin, fullName=System Administrator, email=admin@ulos.local, (truncated)...]
2026-04-12T13:57:41.609+07:00 DEBUG 8612 --- [ulos] [nio-8080-exec-8] o.s.web.servlet.DispatcherServlet        : Completed 200 OK
2026-04-12T13:57:41.738+07:00 DEBUG 8612 --- [ulos] [nio-8080-exec-6] org.hibernate.SQL                        : select ate1_0.id,ate1_0.created_at,ate1_0.expires_at,ate1_0.issued_at,ate1_0.last_accessed_at,ate1_0.revoked_flag,ate1_0.token_value,ate1_0.updated_at,ate1_0.user_id from los_auth_token ate1_0 where ate1_0.token_value=? and not(ate1_0.revoked_flag)
2026-04-12T13:57:41.738+07:00 DEBUG 8612 --- [ulos] [nio-8080-exec-6] org.hibernate.SQL                        : select ue1_0.id,ue1_0.active_flag,ue1_0.created_at,ue1_0.email,ue1_0.full_name,ue1_0.last_login_at,ue1_0.password_hash,r1_0.user_id,r1_1.id,r1_1.active_flag,r1_1.created_at,r1_1.description,r1_1.role_code,r1_1.role_name,r1_1.updated_at,ue1_0.updated_at,ue1_0.username from los_user ue1_0 left join los_user_role r1_0 on ue1_0.id=r1_0.user_id left join los_role r1_1 on r1_1.id=r1_0.role_id where ue1_0.id=?
2026-04-12T13:57:41.738+07:00 DEBUG 8612 --- [ulos] [nio-8080-exec-6] org.hibernate.SQL                        : update los_auth_token set created_at=?,expires_at=?,issued_at=?,last_accessed_at=?,revoked_flag=?,token_value=?,updated_at=?,user_id=? where id=?
2026-04-12T13:57:41.769+07:00 DEBUG 8612 --- [ulos] [nio-8080-exec-6] o.s.web.servlet.DispatcherServlet        : GET "/api/auth/me", parameters={}
2026-04-12T13:57:41.769+07:00 DEBUG 8612 --- [ulos] [nio-8080-exec-6] s.w.s.m.m.a.RequestMappingHandlerMapping : Mapped to com.enterprise.ulos.los.controller.AuthController#me(String, String)
2026-04-12T13:57:41.769+07:00 DEBUG 8612 --- [ulos] [nio-8080-exec-6] org.hibernate.SQL                        : select ate1_0.id,ate1_0.created_at,ate1_0.expires_at,ate1_0.issued_at,ate1_0.last_accessed_at,ate1_0.revoked_flag,ate1_0.token_value,ate1_0.updated_at,ate1_0.user_id from los_auth_token ate1_0 where ate1_0.token_value=? and not(ate1_0.revoked_flag)
2026-04-12T13:57:41.785+07:00 DEBUG 8612 --- [ulos] [nio-8080-exec-6] org.hibernate.SQL                        : select ue1_0.id,ue1_0.active_flag,ue1_0.created_at,ue1_0.email,ue1_0.full_name,ue1_0.last_login_at,ue1_0.password_hash,r1_0.user_id,r1_1.id,r1_1.active_flag,r1_1.created_at,r1_1.description,r1_1.role_code,r1_1.role_name,r1_1.updated_at,ue1_0.updated_at,ue1_0.username from los_user ue1_0 left join los_user_role r1_0 on ue1_0.id=r1_0.user_id left join los_role r1_1 on r1_1.id=r1_0.role_id where ue1_0.id=?
2026-04-12T13:57:41.785+07:00 DEBUG 8612 --- [ulos] [nio-8080-exec-6] org.hibernate.SQL                        : update los_auth_token set created_at=?,expires_at=?,issued_at=?,last_accessed_at=?,revoked_flag=?,token_value=?,updated_at=?,user_id=? where id=?
2026-04-12T13:57:41.785+07:00 DEBUG 8612 --- [ulos] [nio-8080-exec-6] org.hibernate.SQL                        : select ate1_0.id,ate1_0.created_at,ate1_0.expires_at,ate1_0.issued_at,ate1_0.last_accessed_at,ate1_0.revoked_flag,ate1_0.token_value,ate1_0.updated_at,ate1_0.user_id from los_auth_token ate1_0 where ate1_0.token_value=? and not(ate1_0.revoked_flag)
2026-04-12T13:57:41.800+07:00 DEBUG 8612 --- [ulos] [nio-8080-exec-6] org.hibernate.SQL                        : select ue1_0.id,ue1_0.active_flag,ue1_0.created_at,ue1_0.email,ue1_0.full_name,ue1_0.last_login_at,ue1_0.password_hash,r1_0.user_id,r1_1.id,r1_1.active_flag,r1_1.created_at,r1_1.description,r1_1.role_code,r1_1.role_name,r1_1.updated_at,ue1_0.updated_at,ue1_0.username from los_user ue1_0 left join los_user_role r1_0 on ue1_0.id=r1_0.user_id left join los_role r1_1 on r1_1.id=r1_0.role_id where ue1_0.id=?
2026-04-12T13:57:41.800+07:00 DEBUG 8612 --- [ulos] [nio-8080-exec-6] m.m.a.RequestResponseBodyMethodProcessor : Using 'application/json', given [*/*] and supported [application/json, application/*+json]
2026-04-12T13:57:41.800+07:00 DEBUG 8612 --- [ulos] [nio-8080-exec-6] m.m.a.RequestResponseBodyMethodProcessor : Writing [UserProfileResponse[userId=1, username=admin, fullName=System Administrator, email=admin@ulos.local, (truncated)...]
2026-04-12T13:57:41.800+07:00 DEBUG 8612 --- [ulos] [nio-8080-exec-6] o.s.web.servlet.DispatcherServlet        : Completed 200 OK
2026-04-12T13:57:41.890+07:00 DEBUG 8612 --- [ulos] [nio-8080-exec-5] org.hibernate.SQL                        : select ate1_0.id,ate1_0.created_at,ate1_0.expires_at,ate1_0.issued_at,ate1_0.last_accessed_at,ate1_0.revoked_flag,ate1_0.token_value,ate1_0.updated_at,ate1_0.user_id from los_auth_token ate1_0 where ate1_0.token_value=? and not(ate1_0.revoked_flag)
2026-04-12T13:57:41.890+07:00 DEBUG 8612 --- [ulos] [nio-8080-exec-5] org.hibernate.SQL                        : select ue1_0.id,ue1_0.active_flag,ue1_0.created_at,ue1_0.email,ue1_0.full_name,ue1_0.last_login_at,ue1_0.password_hash,r1_0.user_id,r1_1.id,r1_1.active_flag,r1_1.created_at,r1_1.description,r1_1.role_code,r1_1.role_name,r1_1.updated_at,ue1_0.updated_at,ue1_0.username from los_user ue1_0 left join los_user_role r1_0 on ue1_0.id=r1_0.user_id left join los_role r1_1 on r1_1.id=r1_0.role_id where ue1_0.id=?
2026-04-12T13:57:41.905+07:00 DEBUG 8612 --- [ulos] [nio-8080-exec-5] org.hibernate.SQL                        : update los_auth_token set created_at=?,expires_at=?,issued_at=?,last_accessed_at=?,revoked_flag=?,token_value=?,updated_at=?,user_id=? where id=?
2026-04-12T13:57:41.922+07:00 DEBUG 8612 --- [ulos] [nio-8080-exec-9] org.hibernate.SQL                        : select ate1_0.id,ate1_0.created_at,ate1_0.expires_at,ate1_0.issued_at,ate1_0.last_accessed_at,ate1_0.revoked_flag,ate1_0.token_value,ate1_0.updated_at,ate1_0.user_id from los_auth_token ate1_0 where ate1_0.token_value=? and not(ate1_0.revoked_flag)
2026-04-12T13:57:41.925+07:00 DEBUG 8612 --- [ulos] [nio-8080-exec-9] org.hibernate.SQL                        : select ue1_0.id,ue1_0.active_flag,ue1_0.created_at,ue1_0.email,ue1_0.full_name,ue1_0.last_login_at,ue1_0.password_hash,r1_0.user_id,r1_1.id,r1_1.active_flag,r1_1.created_at,r1_1.description,r1_1.role_code,r1_1.role_name,r1_1.updated_at,ue1_0.updated_at,ue1_0.username from los_user ue1_0 left join los_user_role r1_0 on ue1_0.id=r1_0.user_id left join los_role r1_1 on r1_1.id=r1_0.role_id where ue1_0.id=?
2026-04-12T13:57:41.928+07:00 DEBUG 8612 --- [ulos] [nio-8080-exec-9] org.hibernate.SQL                        : update los_auth_token set created_at=?,expires_at=?,issued_at=?,last_accessed_at=?,revoked_flag=?,token_value=?,updated_at=?,user_id=? where id=?
2026-04-12T13:57:41.931+07:00 DEBUG 8612 --- [ulos] [nio-8080-exec-5] o.s.web.servlet.DispatcherServlet        : GET "/api/customers", parameters={}
2026-04-12T13:57:41.931+07:00 DEBUG 8612 --- [ulos] [nio-8080-exec-5] s.w.s.m.m.a.RequestMappingHandlerMapping : Mapped to com.enterprise.ulos.los.controller.CustomerPortfolioController#list()
2026-04-12T13:57:41.934+07:00 DEBUG 8612 --- [ulos] [nio-8080-exec-5] org.hibernate.SQL                        : select ate1_0.id,ate1_0.created_at,ate1_0.expires_at,ate1_0.issued_at,ate1_0.last_accessed_at,ate1_0.revoked_flag,ate1_0.token_value,ate1_0.updated_at,ate1_0.user_id from los_auth_token ate1_0 where ate1_0.token_value=? and not(ate1_0.revoked_flag)
2026-04-12T13:57:41.935+07:00 DEBUG 8612 --- [ulos] [nio-8080-exec-5] org.hibernate.SQL                        : select ue1_0.id,ue1_0.active_flag,ue1_0.created_at,ue1_0.email,ue1_0.full_name,ue1_0.last_login_at,ue1_0.password_hash,r1_0.user_id,r1_1.id,r1_1.active_flag,r1_1.created_at,r1_1.description,r1_1.role_code,r1_1.role_name,r1_1.updated_at,ue1_0.updated_at,ue1_0.username from los_user ue1_0 left join los_user_role r1_0 on ue1_0.id=r1_0.user_id left join los_role r1_1 on r1_1.id=r1_0.role_id where ue1_0.id=?
2026-04-12T13:57:41.937+07:00 DEBUG 8612 --- [ulos] [nio-8080-exec-5] org.hibernate.SQL                        : update los_auth_token set created_at=?,expires_at=?,issued_at=?,last_accessed_at=?,revoked_flag=?,token_value=?,updated_at=?,user_id=? where id=?
2026-04-12T13:57:41.937+07:00 DEBUG 8612 --- [ulos] [nio-8080-exec-9] o.s.web.servlet.DispatcherServlet        : GET "/api/prechecks?type=SLIK&page=0&size=10", parameters={masked}
2026-04-12T13:57:41.937+07:00 DEBUG 8612 --- [ulos] [nio-8080-exec-9] s.w.s.m.m.a.RequestMappingHandlerMapping : Mapped to com.enterprise.ulos.los.controller.PrecheckController#list(String, String, String, int, int)
2026-04-12T13:57:41.937+07:00 DEBUG 8612 --- [ulos] [nio-8080-exec-9] org.hibernate.SQL                        : select ate1_0.id,ate1_0.created_at,ate1_0.expires_at,ate1_0.issued_at,ate1_0.last_accessed_at,ate1_0.revoked_flag,ate1_0.token_value,ate1_0.updated_at,ate1_0.user_id from los_auth_token ate1_0 where ate1_0.token_value=? and not(ate1_0.revoked_flag)
2026-04-12T13:57:41.937+07:00 DEBUG 8612 --- [ulos] [nio-8080-exec-9] org.hibernate.SQL                        : select ue1_0.id,ue1_0.active_flag,ue1_0.created_at,ue1_0.email,ue1_0.full_name,ue1_0.last_login_at,ue1_0.password_hash,r1_0.user_id,r1_1.id,r1_1.active_flag,r1_1.created_at,r1_1.description,r1_1.role_code,r1_1.role_name,r1_1.updated_at,ue1_0.updated_at,ue1_0.username from los_user ue1_0 left join los_user_role r1_0 on ue1_0.id=r1_0.user_id left join los_role r1_1 on r1_1.id=r1_0.role_id where ue1_0.id=?
2026-04-12T13:57:41.937+07:00 DEBUG 8612 --- [ulos] [nio-8080-exec-9] org.hibernate.SQL                        : update los_auth_token set created_at=?,expires_at=?,issued_at=?,last_accessed_at=?,revoked_flag=?,token_value=?,updated_at=?,user_id=? where id=?
2026-04-12T13:57:41.960+07:00 DEBUG 8612 --- [ulos] [nio-8080-exec-5] org.hibernate.SQL                        : select ce1_0.id,ce1_0.cif_number,ce1_0.company_name,ce1_0.company_type,ce1_0.created_at,ce1_0.legal_name,ce1_0.location,ce1_0.profile_json,ce1_0.registration_date,ce1_0.sector,ce1_0.status,ce1_0.tax_id,ce1_0.updated_at from los_customer ce1_0
2026-04-12T13:57:41.961+07:00 DEBUG 8612 --- [ulos] [nio-8080-exec-9] org.hibernate.SQL                        : select pse1_0.id,pse1_0.check_ref,pse1_0.check_type,pse1_0.completed_at,pse1_0.created_at,pse1_0.customer_id,pse1_0.linked_application_id,pse1_0.notes,pse1_0.requested_at,pse1_0.result_json,pse1_0.result_summary,pse1_0.status,pse1_0.updated_at from los_precheck_session pse1_0 join los_customer c1_0 on c1_0.id=pse1_0.customer_id where (? is null or ?='' or upper(pse1_0.check_type)=upper(?)) and (? is null or ?='' or lower(c1_0.cif_number)=lower(?)) and (? is null or ?='' or lower(pse1_0.check_ref) like lower(concat('%',?,'%')) escape '' or lower(c1_0.cif_number) like lower(concat('%',?,'%')) escape '' or lower(c1_0.company_name) like lower(concat('%',?,'%')) escape '' or lower(coalesce(pse1_0.status,'')) like lower(concat('%',?,'%')) escape '' or lower(coalesce(pse1_0.result_summary,'')) like lower(concat('%',?,'%')) escape '') order by pse1_0.updated_at desc limit ?
2026-04-12T13:57:41.966+07:00 DEBUG 8612 --- [ulos] [nio-8080-exec-5] m.m.a.RequestResponseBodyMethodProcessor : Using 'application/json', given [*/*] and supported [application/json, application/*+json]
2026-04-12T13:57:41.966+07:00 DEBUG 8612 --- [ulos] [nio-8080-exec-5] m.m.a.RequestResponseBodyMethodProcessor : Writing [[CustomerSummaryResponse[cifNumber=DEB-9920-X1, companyName=Global Logistics Systems Corp., sector=n (truncated)...]
2026-04-12T13:57:41.968+07:00 DEBUG 8612 --- [ulos] [nio-8080-exec-9] m.m.a.RequestResponseBodyMethodProcessor : Using 'application/json', given [*/*] and supported [application/json, application/*+json]
2026-04-12T13:57:41.970+07:00 DEBUG 8612 --- [ulos] [nio-8080-exec-5] o.s.web.servlet.DispatcherServlet        : Completed 200 OK
2026-04-12T13:57:41.988+07:00 DEBUG 8612 --- [ulos] [io-8080-exec-10] org.hibernate.SQL                        : select ate1_0.id,ate1_0.created_at,ate1_0.expires_at,ate1_0.issued_at,ate1_0.last_accessed_at,ate1_0.revoked_flag,ate1_0.token_value,ate1_0.updated_at,ate1_0.user_id from los_auth_token ate1_0 where ate1_0.token_value=? and not(ate1_0.revoked_flag)
2026-04-12T13:57:41.988+07:00 DEBUG 8612 --- [ulos] [io-8080-exec-10] org.hibernate.SQL                        : select ue1_0.id,ue1_0.active_flag,ue1_0.created_at,ue1_0.email,ue1_0.full_name,ue1_0.last_login_at,ue1_0.password_hash,r1_0.user_id,r1_1.id,r1_1.active_flag,r1_1.created_at,r1_1.description,r1_1.role_code,r1_1.role_name,r1_1.updated_at,ue1_0.updated_at,ue1_0.username from los_user ue1_0 left join los_user_role r1_0 on ue1_0.id=r1_0.user_id left join los_role r1_1 on r1_1.id=r1_0.role_id where ue1_0.id=?
2026-04-12T13:57:41.988+07:00 DEBUG 8612 --- [ulos] [nio-8080-exec-9] m.m.a.RequestResponseBodyMethodProcessor : Writing [PrecheckPageResponse[items=[], totalElements=0, totalPages=0, page=0, size=10]]
2026-04-12T13:57:41.988+07:00 DEBUG 8612 --- [ulos] [io-8080-exec-10] org.hibernate.SQL                        : update los_auth_token set created_at=?,expires_at=?,issued_at=?,last_accessed_at=?,revoked_flag=?,token_value=?,updated_at=?,user_id=? where id=?
2026-04-12T13:57:42.005+07:00 DEBUG 8612 --- [ulos] [nio-8080-exec-9] o.s.web.servlet.DispatcherServlet        : Completed 200 OK
2026-04-12T13:57:42.005+07:00 DEBUG 8612 --- [ulos] [io-8080-exec-10] o.s.web.servlet.DispatcherServlet        : GET "/api/customers", parameters={}
2026-04-12T13:57:42.005+07:00 DEBUG 8612 --- [ulos] [io-8080-exec-10] s.w.s.m.m.a.RequestMappingHandlerMapping : Mapped to com.enterprise.ulos.los.controller.CustomerPortfolioController#list()
2026-04-12T13:57:42.021+07:00 DEBUG 8612 --- [ulos] [io-8080-exec-10] org.hibernate.SQL                        : select ate1_0.id,ate1_0.created_at,ate1_0.expires_at,ate1_0.issued_at,ate1_0.last_accessed_at,ate1_0.revoked_flag,ate1_0.token_value,ate1_0.updated_at,ate1_0.user_id from los_auth_token ate1_0 where ate1_0.token_value=? and not(ate1_0.revoked_flag)
2026-04-12T13:57:42.022+07:00 DEBUG 8612 --- [ulos] [io-8080-exec-10] org.hibernate.SQL                        : select ue1_0.id,ue1_0.active_flag,ue1_0.created_at,ue1_0.email,ue1_0.full_name,ue1_0.last_login_at,ue1_0.password_hash,r1_0.user_id,r1_1.id,r1_1.active_flag,r1_1.created_at,r1_1.description,r1_1.role_code,r1_1.role_name,r1_1.updated_at,ue1_0.updated_at,ue1_0.username from los_user ue1_0 left join los_user_role r1_0 on ue1_0.id=r1_0.user_id left join los_role r1_1 on r1_1.id=r1_0.role_id where ue1_0.id=?
2026-04-12T13:57:42.022+07:00 DEBUG 8612 --- [ulos] [io-8080-exec-10] org.hibernate.SQL                        : update los_auth_token set created_at=?,expires_at=?,issued_at=?,last_accessed_at=?,revoked_flag=?,token_value=?,updated_at=?,user_id=? where id=?
2026-04-12T13:57:42.022+07:00 DEBUG 8612 --- [ulos] [nio-8080-exec-9] org.hibernate.SQL                        : select ate1_0.id,ate1_0.created_at,ate1_0.expires_at,ate1_0.issued_at,ate1_0.last_accessed_at,ate1_0.revoked_flag,ate1_0.token_value,ate1_0.updated_at,ate1_0.user_id from los_auth_token ate1_0 where ate1_0.token_value=? and not(ate1_0.revoked_flag)
2026-04-12T13:57:42.022+07:00 DEBUG 8612 --- [ulos] [nio-8080-exec-9] org.hibernate.SQL                        : select ue1_0.id,ue1_0.active_flag,ue1_0.created_at,ue1_0.email,ue1_0.full_name,ue1_0.last_login_at,ue1_0.password_hash,r1_0.user_id,r1_1.id,r1_1.active_flag,r1_1.created_at,r1_1.description,r1_1.role_code,r1_1.role_name,r1_1.updated_at,ue1_0.updated_at,ue1_0.username from los_user ue1_0 left join los_user_role r1_0 on ue1_0.id=r1_0.user_id left join los_role r1_1 on r1_1.id=r1_0.role_id where ue1_0.id=?
2026-04-12T13:57:42.022+07:00 DEBUG 8612 --- [ulos] [nio-8080-exec-9] org.hibernate.SQL                        : update los_auth_token set created_at=?,expires_at=?,issued_at=?,last_accessed_at=?,revoked_flag=?,token_value=?,updated_at=?,user_id=? where id=?
2026-04-12T13:57:42.022+07:00 DEBUG 8612 --- [ulos] [nio-8080-exec-9] o.s.web.servlet.DispatcherServlet        : GET "/api/prechecks?type=SLIK&page=0&size=10", parameters={masked}
2026-04-12T13:57:42.022+07:00 DEBUG 8612 --- [ulos] [nio-8080-exec-9] s.w.s.m.m.a.RequestMappingHandlerMapping : Mapped to com.enterprise.ulos.los.controller.PrecheckController#list(String, String, String, int, int)
2026-04-12T13:57:42.037+07:00 DEBUG 8612 --- [ulos] [nio-8080-exec-9] org.hibernate.SQL                        : select ate1_0.id,ate1_0.created_at,ate1_0.expires_at,ate1_0.issued_at,ate1_0.last_accessed_at,ate1_0.revoked_flag,ate1_0.token_value,ate1_0.updated_at,ate1_0.user_id from los_auth_token ate1_0 where ate1_0.token_value=? and not(ate1_0.revoked_flag)
2026-04-12T13:57:42.038+07:00 DEBUG 8612 --- [ulos] [nio-8080-exec-9] org.hibernate.SQL                        : select ue1_0.id,ue1_0.active_flag,ue1_0.created_at,ue1_0.email,ue1_0.full_name,ue1_0.last_login_at,ue1_0.password_hash,r1_0.user_id,r1_1.id,r1_1.active_flag,r1_1.created_at,r1_1.description,r1_1.role_code,r1_1.role_name,r1_1.updated_at,ue1_0.updated_at,ue1_0.username from los_user ue1_0 left join los_user_role r1_0 on ue1_0.id=r1_0.user_id left join los_role r1_1 on r1_1.id=r1_0.role_id where ue1_0.id=?
2026-04-12T13:57:42.039+07:00 DEBUG 8612 --- [ulos] [io-8080-exec-10] org.hibernate.SQL                        : select ce1_0.id,ce1_0.cif_number,ce1_0.company_name,ce1_0.company_type,ce1_0.created_at,ce1_0.legal_name,ce1_0.location,ce1_0.profile_json,ce1_0.registration_date,ce1_0.sector,ce1_0.status,ce1_0.tax_id,ce1_0.updated_at from los_customer ce1_0
2026-04-12T13:57:42.040+07:00 DEBUG 8612 --- [ulos] [nio-8080-exec-9] org.hibernate.SQL                        : update los_auth_token set created_at=?,expires_at=?,issued_at=?,last_accessed_at=?,revoked_flag=?,token_value=?,updated_at=?,user_id=? where id=?
2026-04-12T13:57:42.042+07:00 DEBUG 8612 --- [ulos] [io-8080-exec-10] m.m.a.RequestResponseBodyMethodProcessor : Using 'application/json', given [*/*] and supported [application/json, application/*+json]
2026-04-12T13:57:42.042+07:00 DEBUG 8612 --- [ulos] [io-8080-exec-10] m.m.a.RequestResponseBodyMethodProcessor : Writing [[CustomerSummaryResponse[cifNumber=DEB-9920-X1, companyName=Global Logistics Systems Corp., sector=n (truncated)...]
2026-04-12T13:57:42.043+07:00 DEBUG 8612 --- [ulos] [io-8080-exec-10] o.s.web.servlet.DispatcherServlet        : Completed 200 OK
2026-04-12T13:57:42.054+07:00 DEBUG 8612 --- [ulos] [nio-8080-exec-9] org.hibernate.SQL                        : select pse1_0.id,pse1_0.check_ref,pse1_0.check_type,pse1_0.completed_at,pse1_0.created_at,pse1_0.customer_id,pse1_0.linked_application_id,pse1_0.notes,pse1_0.requested_at,pse1_0.result_json,pse1_0.result_summary,pse1_0.status,pse1_0.updated_at from los_precheck_session pse1_0 join los_customer c1_0 on c1_0.id=pse1_0.customer_id where (? is null or ?='' or upper(pse1_0.check_type)=upper(?)) and (? is null or ?='' or lower(c1_0.cif_number)=lower(?)) and (? is null or ?='' or lower(pse1_0.check_ref) like lower(concat('%',?,'%')) escape '' or lower(c1_0.cif_number) like lower(concat('%',?,'%')) escape '' or lower(c1_0.company_name) like lower(concat('%',?,'%')) escape '' or lower(coalesce(pse1_0.status,'')) like lower(concat('%',?,'%')) escape '' or lower(coalesce(pse1_0.result_summary,'')) like lower(concat('%',?,'%')) escape '') order by pse1_0.updated_at desc limit ?
2026-04-12T13:57:42.054+07:00 DEBUG 8612 --- [ulos] [nio-8080-exec-9] m.m.a.RequestResponseBodyMethodProcessor : Using 'application/json', given [*/*] and supported [application/json, application/*+json]
2026-04-12T13:57:42.054+07:00 DEBUG 8612 --- [ulos] [nio-8080-exec-9] m.m.a.RequestResponseBodyMethodProcessor : Writing [PrecheckPageResponse[items=[], totalElements=0, totalPages=0, page=0, size=10]]
2026-04-12T13:57:42.054+07:00 DEBUG 8612 --- [ulos] [nio-8080-exec-9] o.s.web.servlet.DispatcherServlet        : Completed 200 OK
2026-04-12T13:57:47.914+07:00 DEBUG 8612 --- [ulos] [nio-8080-exec-1] org.hibernate.SQL                        : select ate1_0.id,ate1_0.created_at,ate1_0.expires_at,ate1_0.issued_at,ate1_0.last_accessed_at,ate1_0.revoked_flag,ate1_0.token_value,ate1_0.updated_at,ate1_0.user_id from los_auth_token ate1_0 where ate1_0.token_value=? and not(ate1_0.revoked_flag)
2026-04-12T13:57:47.916+07:00 DEBUG 8612 --- [ulos] [nio-8080-exec-1] org.hibernate.SQL                        : select ue1_0.id,ue1_0.active_flag,ue1_0.created_at,ue1_0.email,ue1_0.full_name,ue1_0.last_login_at,ue1_0.password_hash,r1_0.user_id,r1_1.id,r1_1.active_flag,r1_1.created_at,r1_1.description,r1_1.role_code,r1_1.role_name,r1_1.updated_at,ue1_0.updated_at,ue1_0.username from los_user ue1_0 left join los_user_role r1_0 on ue1_0.id=r1_0.user_id left join los_role r1_1 on r1_1.id=r1_0.role_id where ue1_0.id=?
2026-04-12T13:57:47.918+07:00 DEBUG 8612 --- [ulos] [nio-8080-exec-1] org.hibernate.SQL                        : update los_auth_token set created_at=?,expires_at=?,issued_at=?,last_accessed_at=?,revoked_flag=?,token_value=?,updated_at=?,user_id=? where id=?
2026-04-12T13:57:47.982+07:00 DEBUG 8612 --- [ulos] [nio-8080-exec-1] o.s.web.servlet.DispatcherServlet        : GET "/api/customers/page?page=0&size=20", parameters={masked}
2026-04-12T13:57:47.982+07:00 DEBUG 8612 --- [ulos] [nio-8080-exec-1] s.w.s.m.m.a.RequestMappingHandlerMapping : Mapped to com.enterprise.ulos.los.controller.CustomerPortfolioController#listPage(String, int, int)
2026-04-12T13:57:47.982+07:00 DEBUG 8612 --- [ulos] [nio-8080-exec-1] org.hibernate.SQL                        : select ate1_0.id,ate1_0.created_at,ate1_0.expires_at,ate1_0.issued_at,ate1_0.last_accessed_at,ate1_0.revoked_flag,ate1_0.token_value,ate1_0.updated_at,ate1_0.user_id from los_auth_token ate1_0 where ate1_0.token_value=? and not(ate1_0.revoked_flag)
2026-04-12T13:57:47.982+07:00 DEBUG 8612 --- [ulos] [nio-8080-exec-1] org.hibernate.SQL                        : select ue1_0.id,ue1_0.active_flag,ue1_0.created_at,ue1_0.email,ue1_0.full_name,ue1_0.last_login_at,ue1_0.password_hash,r1_0.user_id,r1_1.id,r1_1.active_flag,r1_1.created_at,r1_1.description,r1_1.role_code,r1_1.role_name,r1_1.updated_at,ue1_0.updated_at,ue1_0.username from los_user ue1_0 left join los_user_role r1_0 on ue1_0.id=r1_0.user_id left join los_role r1_1 on r1_1.id=r1_0.role_id where ue1_0.id=?
2026-04-12T13:57:47.982+07:00 DEBUG 8612 --- [ulos] [nio-8080-exec-1] org.hibernate.SQL                        : update los_auth_token set created_at=?,expires_at=?,issued_at=?,last_accessed_at=?,revoked_flag=?,token_value=?,updated_at=?,user_id=? where id=?
2026-04-12T13:57:48.017+07:00 DEBUG 8612 --- [ulos] [nio-8080-exec-1] org.hibernate.SQL                        : select ce1_0.id,ce1_0.cif_number,ce1_0.company_name,ce1_0.company_type,ce1_0.created_at,ce1_0.legal_name,ce1_0.location,ce1_0.profile_json,ce1_0.registration_date,ce1_0.sector,ce1_0.status,ce1_0.tax_id,ce1_0.updated_at from los_customer ce1_0 where (? is null or ?='' or lower(ce1_0.cif_number) like lower(concat('%',?,'%')) escape '' or lower(ce1_0.company_name) like lower(concat('%',?,'%')) escape '' or lower(coalesce(ce1_0.sector,'')) like lower(concat('%',?,'%')) escape '' or lower(coalesce(ce1_0.location,'')) like lower(concat('%',?,'%')) escape '' or lower(coalesce(ce1_0.status,'')) like lower(concat('%',?,'%')) escape '') order by ce1_0.updated_at desc limit ?
2026-04-12T13:57:48.023+07:00 DEBUG 8612 --- [ulos] [nio-8080-exec-1] m.m.a.RequestResponseBodyMethodProcessor : Using 'application/json', given [*/*] and supported [application/json, application/*+json]
2026-04-12T13:57:48.023+07:00 DEBUG 8612 --- [ulos] [nio-8080-exec-1] m.m.a.RequestResponseBodyMethodProcessor : Writing [CustomerSummaryPageResponse[items=[CustomerSummaryResponse[cifNumber=DEB-9920-X1, companyName=Global (truncated)...]
2026-04-12T13:57:48.023+07:00 DEBUG 8612 --- [ulos] [nio-8080-exec-1] o.s.web.servlet.DispatcherServlet        : Completed 200 OK
2026-04-12T13:57:48.037+07:00 DEBUG 8612 --- [ulos] [nio-8080-exec-4] org.hibernate.SQL                        : select ate1_0.id,ate1_0.created_at,ate1_0.expires_at,ate1_0.issued_at,ate1_0.last_accessed_at,ate1_0.revoked_flag,ate1_0.token_value,ate1_0.updated_at,ate1_0.user_id from los_auth_token ate1_0 where ate1_0.token_value=? and not(ate1_0.revoked_flag)
2026-04-12T13:57:48.037+07:00 DEBUG 8612 --- [ulos] [nio-8080-exec-4] org.hibernate.SQL                        : select ue1_0.id,ue1_0.active_flag,ue1_0.created_at,ue1_0.email,ue1_0.full_name,ue1_0.last_login_at,ue1_0.password_hash,r1_0.user_id,r1_1.id,r1_1.active_flag,r1_1.created_at,r1_1.description,r1_1.role_code,r1_1.role_name,r1_1.updated_at,ue1_0.updated_at,ue1_0.username from los_user ue1_0 left join los_user_role r1_0 on ue1_0.id=r1_0.user_id left join los_role r1_1 on r1_1.id=r1_0.role_id where ue1_0.id=?
2026-04-12T13:57:48.037+07:00 DEBUG 8612 --- [ulos] [nio-8080-exec-4] org.hibernate.SQL                        : update los_auth_token set created_at=?,expires_at=?,issued_at=?,last_accessed_at=?,revoked_flag=?,token_value=?,updated_at=?,user_id=? where id=?
2026-04-12T13:57:48.053+07:00 DEBUG 8612 --- [ulos] [nio-8080-exec-4] o.s.web.servlet.DispatcherServlet        : GET "/api/customers/page?page=0&size=20", parameters={masked}
2026-04-12T13:57:48.053+07:00 DEBUG 8612 --- [ulos] [nio-8080-exec-4] s.w.s.m.m.a.RequestMappingHandlerMapping : Mapped to com.enterprise.ulos.los.controller.CustomerPortfolioController#listPage(String, int, int)
2026-04-12T13:57:48.053+07:00 DEBUG 8612 --- [ulos] [nio-8080-exec-4] org.hibernate.SQL                        : select ate1_0.id,ate1_0.created_at,ate1_0.expires_at,ate1_0.issued_at,ate1_0.last_accessed_at,ate1_0.revoked_flag,ate1_0.token_value,ate1_0.updated_at,ate1_0.user_id from los_auth_token ate1_0 where ate1_0.token_value=? and not(ate1_0.revoked_flag)
2026-04-12T13:57:48.053+07:00 DEBUG 8612 --- [ulos] [nio-8080-exec-4] org.hibernate.SQL                        : select ue1_0.id,ue1_0.active_flag,ue1_0.created_at,ue1_0.email,ue1_0.full_name,ue1_0.last_login_at,ue1_0.password_hash,r1_0.user_id,r1_1.id,r1_1.active_flag,r1_1.created_at,r1_1.description,r1_1.role_code,r1_1.role_name,r1_1.updated_at,ue1_0.updated_at,ue1_0.username from los_user ue1_0 left join los_user_role r1_0 on ue1_0.id=r1_0.user_id left join los_role r1_1 on r1_1.id=r1_0.role_id where ue1_0.id=?
2026-04-12T13:57:48.068+07:00 DEBUG 8612 --- [ulos] [nio-8080-exec-4] org.hibernate.SQL                        : update los_auth_token set created_at=?,expires_at=?,issued_at=?,last_accessed_at=?,revoked_flag=?,token_value=?,updated_at=?,user_id=? where id=?
2026-04-12T13:57:48.084+07:00 DEBUG 8612 --- [ulos] [nio-8080-exec-4] org.hibernate.SQL                        : select ce1_0.id,ce1_0.cif_number,ce1_0.company_name,ce1_0.company_type,ce1_0.created_at,ce1_0.legal_name,ce1_0.location,ce1_0.profile_json,ce1_0.registration_date,ce1_0.sector,ce1_0.status,ce1_0.tax_id,ce1_0.updated_at from los_customer ce1_0 where (? is null or ?='' or lower(ce1_0.cif_number) like lower(concat('%',?,'%')) escape '' or lower(ce1_0.company_name) like lower(concat('%',?,'%')) escape '' or lower(coalesce(ce1_0.sector,'')) like lower(concat('%',?,'%')) escape '' or lower(coalesce(ce1_0.location,'')) like lower(concat('%',?,'%')) escape '' or lower(coalesce(ce1_0.status,'')) like lower(concat('%',?,'%')) escape '') order by ce1_0.updated_at desc limit ?
2026-04-12T13:57:48.084+07:00 DEBUG 8612 --- [ulos] [nio-8080-exec-4] m.m.a.RequestResponseBodyMethodProcessor : Using 'application/json', given [*/*] and supported [application/json, application/*+json]
2026-04-12T13:57:48.084+07:00 DEBUG 8612 --- [ulos] [nio-8080-exec-4] m.m.a.RequestResponseBodyMethodProcessor : Writing [CustomerSummaryPageResponse[items=[CustomerSummaryResponse[cifNumber=DEB-9920-X1, companyName=Global (truncated)...]
2026-04-12T13:57:48.084+07:00 DEBUG 8612 --- [ulos] [nio-8080-exec-4] o.s.web.servlet.DispatcherServlet        : Completed 200 OK
2026-04-12T13:57:49.792+07:00 DEBUG 8612 --- [ulos] [nio-8080-exec-2] org.hibernate.SQL                        : select ate1_0.id,ate1_0.created_at,ate1_0.expires_at,ate1_0.issued_at,ate1_0.last_accessed_at,ate1_0.revoked_flag,ate1_0.token_value,ate1_0.updated_at,ate1_0.user_id from los_auth_token ate1_0 where ate1_0.token_value=? and not(ate1_0.revoked_flag)
2026-04-12T13:57:49.793+07:00 DEBUG 8612 --- [ulos] [nio-8080-exec-2] org.hibernate.SQL                        : select ue1_0.id,ue1_0.active_flag,ue1_0.created_at,ue1_0.email,ue1_0.full_name,ue1_0.last_login_at,ue1_0.password_hash,r1_0.user_id,r1_1.id,r1_1.active_flag,r1_1.created_at,r1_1.description,r1_1.role_code,r1_1.role_name,r1_1.updated_at,ue1_0.updated_at,ue1_0.username from los_user ue1_0 left join los_user_role r1_0 on ue1_0.id=r1_0.user_id left join los_role r1_1 on r1_1.id=r1_0.role_id where ue1_0.id=?
2026-04-12T13:57:49.796+07:00 DEBUG 8612 --- [ulos] [nio-8080-exec-2] org.hibernate.SQL                        : update los_auth_token set created_at=?,expires_at=?,issued_at=?,last_accessed_at=?,revoked_flag=?,token_value=?,updated_at=?,user_id=? where id=?
2026-04-12T13:57:49.798+07:00 DEBUG 8612 --- [ulos] [nio-8080-exec-7] org.hibernate.SQL                        : select ate1_0.id,ate1_0.created_at,ate1_0.expires_at,ate1_0.issued_at,ate1_0.last_accessed_at,ate1_0.revoked_flag,ate1_0.token_value,ate1_0.updated_at,ate1_0.user_id from los_auth_token ate1_0 where ate1_0.token_value=? and not(ate1_0.revoked_flag)
2026-04-12T13:57:49.800+07:00 DEBUG 8612 --- [ulos] [nio-8080-exec-7] org.hibernate.SQL                        : select ue1_0.id,ue1_0.active_flag,ue1_0.created_at,ue1_0.email,ue1_0.full_name,ue1_0.last_login_at,ue1_0.password_hash,r1_0.user_id,r1_1.id,r1_1.active_flag,r1_1.created_at,r1_1.description,r1_1.role_code,r1_1.role_name,r1_1.updated_at,ue1_0.updated_at,ue1_0.username from los_user ue1_0 left join los_user_role r1_0 on ue1_0.id=r1_0.user_id left join los_role r1_1 on r1_1.id=r1_0.role_id where ue1_0.id=?
2026-04-12T13:57:49.801+07:00 DEBUG 8612 --- [ulos] [nio-8080-exec-7] org.hibernate.SQL                        : update los_auth_token set created_at=?,expires_at=?,issued_at=?,last_accessed_at=?,revoked_flag=?,token_value=?,updated_at=?,user_id=? where id=?
2026-04-12T13:57:49.802+07:00 DEBUG 8612 --- [ulos] [nio-8080-exec-3] org.hibernate.SQL                        : select ate1_0.id,ate1_0.created_at,ate1_0.expires_at,ate1_0.issued_at,ate1_0.last_accessed_at,ate1_0.revoked_flag,ate1_0.token_value,ate1_0.updated_at,ate1_0.user_id from los_auth_token ate1_0 where ate1_0.token_value=? and not(ate1_0.revoked_flag)
2026-04-12T13:57:49.804+07:00 DEBUG 8612 --- [ulos] [nio-8080-exec-3] org.hibernate.SQL                        : select ue1_0.id,ue1_0.active_flag,ue1_0.created_at,ue1_0.email,ue1_0.full_name,ue1_0.last_login_at,ue1_0.password_hash,r1_0.user_id,r1_1.id,r1_1.active_flag,r1_1.created_at,r1_1.description,r1_1.role_code,r1_1.role_name,r1_1.updated_at,ue1_0.updated_at,ue1_0.username from los_user ue1_0 left join los_user_role r1_0 on ue1_0.id=r1_0.user_id left join los_role r1_1 on r1_1.id=r1_0.role_id where ue1_0.id=?
2026-04-12T13:57:49.809+07:00 DEBUG 8612 --- [ulos] [nio-8080-exec-3] org.hibernate.SQL                        : update los_auth_token set created_at=?,expires_at=?,issued_at=?,last_accessed_at=?,revoked_flag=?,token_value=?,updated_at=?,user_id=? where id=?
2026-04-12T13:57:49.811+07:00 DEBUG 8612 --- [ulos] [nio-8080-exec-2] o.s.web.servlet.DispatcherServlet        : GET "/api/customers/DEB-9920-X1", parameters={}
2026-04-12T13:57:49.811+07:00 DEBUG 8612 --- [ulos] [nio-8080-exec-2] s.w.s.m.m.a.RequestMappingHandlerMapping : Mapped to com.enterprise.ulos.los.controller.CustomerPortfolioController#get(String)
2026-04-12T13:57:49.812+07:00 DEBUG 8612 --- [ulos] [nio-8080-exec-2] org.hibernate.SQL                        : select ate1_0.id,ate1_0.created_at,ate1_0.expires_at,ate1_0.issued_at,ate1_0.last_accessed_at,ate1_0.revoked_flag,ate1_0.token_value,ate1_0.updated_at,ate1_0.user_id from los_auth_token ate1_0 where ate1_0.token_value=? and not(ate1_0.revoked_flag)
2026-04-12T13:57:49.813+07:00 DEBUG 8612 --- [ulos] [nio-8080-exec-2] org.hibernate.SQL                        : select ue1_0.id,ue1_0.active_flag,ue1_0.created_at,ue1_0.email,ue1_0.full_name,ue1_0.last_login_at,ue1_0.password_hash,r1_0.user_id,r1_1.id,r1_1.active_flag,r1_1.created_at,r1_1.description,r1_1.role_code,r1_1.role_name,r1_1.updated_at,ue1_0.updated_at,ue1_0.username from los_user ue1_0 left join los_user_role r1_0 on ue1_0.id=r1_0.user_id left join los_role r1_1 on r1_1.id=r1_0.role_id where ue1_0.id=?
2026-04-12T13:57:49.815+07:00 DEBUG 8612 --- [ulos] [nio-8080-exec-2] org.hibernate.SQL                        : update los_auth_token set created_at=?,expires_at=?,issued_at=?,last_accessed_at=?,revoked_flag=?,token_value=?,updated_at=?,user_id=? where id=?
2026-04-12T13:57:49.820+07:00 DEBUG 8612 --- [ulos] [nio-8080-exec-7] o.s.web.servlet.DispatcherServlet        : GET "/api/prechecks?type=COLLATERAL&customerCif=DEB-9920-X1&page=0&size=5", parameters={masked}
2026-04-12T13:57:49.821+07:00 DEBUG 8612 --- [ulos] [nio-8080-exec-7] s.w.s.m.m.a.RequestMappingHandlerMapping : Mapped to com.enterprise.ulos.los.controller.PrecheckController#list(String, String, String, int, int)
2026-04-12T13:57:49.822+07:00 DEBUG 8612 --- [ulos] [nio-8080-exec-7] org.hibernate.SQL                        : select ate1_0.id,ate1_0.created_at,ate1_0.expires_at,ate1_0.issued_at,ate1_0.last_accessed_at,ate1_0.revoked_flag,ate1_0.token_value,ate1_0.updated_at,ate1_0.user_id from los_auth_token ate1_0 where ate1_0.token_value=? and not(ate1_0.revoked_flag)
2026-04-12T13:57:49.823+07:00 DEBUG 8612 --- [ulos] [nio-8080-exec-7] org.hibernate.SQL                        : select ue1_0.id,ue1_0.active_flag,ue1_0.created_at,ue1_0.email,ue1_0.full_name,ue1_0.last_login_at,ue1_0.password_hash,r1_0.user_id,r1_1.id,r1_1.active_flag,r1_1.created_at,r1_1.description,r1_1.role_code,r1_1.role_name,r1_1.updated_at,ue1_0.updated_at,ue1_0.username from los_user ue1_0 left join los_user_role r1_0 on ue1_0.id=r1_0.user_id left join los_role r1_1 on r1_1.id=r1_0.role_id where ue1_0.id=?
2026-04-12T13:57:49.825+07:00 DEBUG 8612 --- [ulos] [nio-8080-exec-7] org.hibernate.SQL                        : update los_auth_token set created_at=?,expires_at=?,issued_at=?,last_accessed_at=?,revoked_flag=?,token_value=?,updated_at=?,user_id=? where id=?
2026-04-12T13:57:49.825+07:00 DEBUG 8612 --- [ulos] [nio-8080-exec-3] o.s.web.servlet.DispatcherServlet        : GET "/api/prechecks?type=SLIK&customerCif=DEB-9920-X1&page=0&size=5", parameters={masked}
2026-04-12T13:57:49.825+07:00 DEBUG 8612 --- [ulos] [nio-8080-exec-3] s.w.s.m.m.a.RequestMappingHandlerMapping : Mapped to com.enterprise.ulos.los.controller.PrecheckController#list(String, String, String, int, int)
2026-04-12T13:57:49.832+07:00 DEBUG 8612 --- [ulos] [nio-8080-exec-3] org.hibernate.SQL                        : select ate1_0.id,ate1_0.created_at,ate1_0.expires_at,ate1_0.issued_at,ate1_0.last_accessed_at,ate1_0.revoked_flag,ate1_0.token_value,ate1_0.updated_at,ate1_0.user_id from los_auth_token ate1_0 where ate1_0.token_value=? and not(ate1_0.revoked_flag)
2026-04-12T13:57:49.833+07:00 DEBUG 8612 --- [ulos] [nio-8080-exec-3] org.hibernate.SQL                        : select ue1_0.id,ue1_0.active_flag,ue1_0.created_at,ue1_0.email,ue1_0.full_name,ue1_0.last_login_at,ue1_0.password_hash,r1_0.user_id,r1_1.id,r1_1.active_flag,r1_1.created_at,r1_1.description,r1_1.role_code,r1_1.role_name,r1_1.updated_at,ue1_0.updated_at,ue1_0.username from los_user ue1_0 left join los_user_role r1_0 on ue1_0.id=r1_0.user_id left join los_role r1_1 on r1_1.id=r1_0.role_id where ue1_0.id=?
2026-04-12T13:57:49.835+07:00 DEBUG 8612 --- [ulos] [nio-8080-exec-3] org.hibernate.SQL                        : update los_auth_token set created_at=?,expires_at=?,issued_at=?,last_accessed_at=?,revoked_flag=?,token_value=?,updated_at=?,user_id=? where id=?
2026-04-12T13:57:49.853+07:00 DEBUG 8612 --- [ulos] [nio-8080-exec-2] org.hibernate.SQL                        : select ce1_0.id,ce1_0.cif_number,ce1_0.company_name,ce1_0.company_type,ce1_0.created_at,ce1_0.legal_name,ce1_0.location,ce1_0.profile_json,ce1_0.registration_date,ce1_0.sector,ce1_0.status,ce1_0.tax_id,ce1_0.updated_at from los_customer ce1_0 where ce1_0.cif_number=?
2026-04-12T13:57:49.863+07:00 DEBUG 8612 --- [ulos] [nio-8080-exec-2] m.m.a.RequestResponseBodyMethodProcessor : Using 'application/json', given [*/*] and supported [application/json, application/*+json]
2026-04-12T13:57:49.865+07:00 DEBUG 8612 --- [ulos] [nio-8080-exec-2] m.m.a.RequestResponseBodyMethodProcessor : Writing [CustomerDetailResponse[id=1, cifNumber=DEB-9920-X1, companyName=Global Logistics Systems Corp., lega (truncated)...]
2026-04-12T13:57:49.871+07:00 DEBUG 8612 --- [ulos] [nio-8080-exec-2] o.s.web.servlet.DispatcherServlet        : Completed 200 OK
2026-04-12T13:57:49.887+07:00 DEBUG 8612 --- [ulos] [nio-8080-exec-8] org.hibernate.SQL                        : select ate1_0.id,ate1_0.created_at,ate1_0.expires_at,ate1_0.issued_at,ate1_0.last_accessed_at,ate1_0.revoked_flag,ate1_0.token_value,ate1_0.updated_at,ate1_0.user_id from los_auth_token ate1_0 where ate1_0.token_value=? and not(ate1_0.revoked_flag)
2026-04-12T13:57:49.888+07:00 DEBUG 8612 --- [ulos] [nio-8080-exec-8] org.hibernate.SQL                        : select ue1_0.id,ue1_0.active_flag,ue1_0.created_at,ue1_0.email,ue1_0.full_name,ue1_0.last_login_at,ue1_0.password_hash,r1_0.user_id,r1_1.id,r1_1.active_flag,r1_1.created_at,r1_1.description,r1_1.role_code,r1_1.role_name,r1_1.updated_at,ue1_0.updated_at,ue1_0.username from los_user ue1_0 left join los_user_role r1_0 on ue1_0.id=r1_0.user_id left join los_role r1_1 on r1_1.id=r1_0.role_id where ue1_0.id=?
2026-04-12T13:57:49.889+07:00 DEBUG 8612 --- [ulos] [nio-8080-exec-8] org.hibernate.SQL                        : update los_auth_token set created_at=?,expires_at=?,issued_at=?,last_accessed_at=?,revoked_flag=?,token_value=?,updated_at=?,user_id=? where id=?
2026-04-12T13:57:49.899+07:00 DEBUG 8612 --- [ulos] [nio-8080-exec-8] o.s.web.servlet.DispatcherServlet        : GET "/api/customers/DEB-9920-X1", parameters={}
2026-04-12T13:57:49.899+07:00 DEBUG 8612 --- [ulos] [nio-8080-exec-8] s.w.s.m.m.a.RequestMappingHandlerMapping : Mapped to com.enterprise.ulos.los.controller.CustomerPortfolioController#get(String)
2026-04-12T13:57:49.899+07:00 DEBUG 8612 --- [ulos] [nio-8080-exec-8] org.hibernate.SQL                        : select ate1_0.id,ate1_0.created_at,ate1_0.expires_at,ate1_0.issued_at,ate1_0.last_accessed_at,ate1_0.revoked_flag,ate1_0.token_value,ate1_0.updated_at,ate1_0.user_id from los_auth_token ate1_0 where ate1_0.token_value=? and not(ate1_0.revoked_flag)
2026-04-12T13:57:49.899+07:00 DEBUG 8612 --- [ulos] [nio-8080-exec-8] org.hibernate.SQL                        : select ue1_0.id,ue1_0.active_flag,ue1_0.created_at,ue1_0.email,ue1_0.full_name,ue1_0.last_login_at,ue1_0.password_hash,r1_0.user_id,r1_1.id,r1_1.active_flag,r1_1.created_at,r1_1.description,r1_1.role_code,r1_1.role_name,r1_1.updated_at,ue1_0.updated_at,ue1_0.username from los_user ue1_0 left join los_user_role r1_0 on ue1_0.id=r1_0.user_id left join los_role r1_1 on r1_1.id=r1_0.role_id where ue1_0.id=?
2026-04-12T13:57:49.899+07:00 DEBUG 8612 --- [ulos] [nio-8080-exec-8] org.hibernate.SQL                        : update los_auth_token set created_at=?,expires_at=?,issued_at=?,last_accessed_at=?,revoked_flag=?,token_value=?,updated_at=?,user_id=? where id=?
2026-04-12T13:57:49.917+07:00 DEBUG 8612 --- [ulos] [nio-8080-exec-8] org.hibernate.SQL                        : select ce1_0.id,ce1_0.cif_number,ce1_0.company_name,ce1_0.company_type,ce1_0.created_at,ce1_0.legal_name,ce1_0.location,ce1_0.profile_json,ce1_0.registration_date,ce1_0.sector,ce1_0.status,ce1_0.tax_id,ce1_0.updated_at from los_customer ce1_0 where ce1_0.cif_number=?
2026-04-12T13:57:49.917+07:00 DEBUG 8612 --- [ulos] [nio-8080-exec-8] m.m.a.RequestResponseBodyMethodProcessor : Using 'application/json', given [*/*] and supported [application/json, application/*+json]
2026-04-12T13:57:49.917+07:00 DEBUG 8612 --- [ulos] [nio-8080-exec-8] m.m.a.RequestResponseBodyMethodProcessor : Writing [CustomerDetailResponse[id=1, cifNumber=DEB-9920-X1, companyName=Global Logistics Systems Corp., lega (truncated)...]
2026-04-12T13:57:49.917+07:00 DEBUG 8612 --- [ulos] [nio-8080-exec-8] o.s.web.servlet.DispatcherServlet        : Completed 200 OK
2026-04-12T13:57:49.917+07:00 DEBUG 8612 --- [ulos] [nio-8080-exec-7] org.hibernate.SQL                        : select pse1_0.id,pse1_0.check_ref,pse1_0.check_type,pse1_0.completed_at,pse1_0.created_at,pse1_0.customer_id,pse1_0.linked_application_id,pse1_0.notes,pse1_0.requested_at,pse1_0.result_json,pse1_0.result_summary,pse1_0.status,pse1_0.updated_at from los_precheck_session pse1_0 join los_customer c1_0 on c1_0.id=pse1_0.customer_id where (? is null or ?='' or upper(pse1_0.check_type)=upper(?)) and (? is null or ?='' or lower(c1_0.cif_number)=lower(?)) and (? is null or ?='' or lower(pse1_0.check_ref) like lower(concat('%',?,'%')) escape '' or lower(c1_0.cif_number) like lower(concat('%',?,'%')) escape '' or lower(c1_0.company_name) like lower(concat('%',?,'%')) escape '' or lower(coalesce(pse1_0.status,'')) like lower(concat('%',?,'%')) escape '' or lower(coalesce(pse1_0.result_summary,'')) like lower(concat('%',?,'%')) escape '') order by pse1_0.updated_at desc limit ?
2026-04-12T13:57:49.934+07:00 DEBUG 8612 --- [ulos] [nio-8080-exec-3] org.hibernate.SQL                        : select pse1_0.id,pse1_0.check_ref,pse1_0.check_type,pse1_0.completed_at,pse1_0.created_at,pse1_0.customer_id,pse1_0.linked_application_id,pse1_0.notes,pse1_0.requested_at,pse1_0.result_json,pse1_0.result_summary,pse1_0.status,pse1_0.updated_at from los_precheck_session pse1_0 join los_customer c1_0 on c1_0.id=pse1_0.customer_id where (? is null or ?='' or upper(pse1_0.check_type)=upper(?)) and (? is null or ?='' or lower(c1_0.cif_number)=lower(?)) and (? is null or ?='' or lower(pse1_0.check_ref) like lower(concat('%',?,'%')) escape '' or lower(c1_0.cif_number) like lower(concat('%',?,'%')) escape '' or lower(c1_0.company_name) like lower(concat('%',?,'%')) escape '' or lower(coalesce(pse1_0.status,'')) like lower(concat('%',?,'%')) escape '' or lower(coalesce(pse1_0.result_summary,'')) like lower(concat('%',?,'%')) escape '') order by pse1_0.updated_at desc limit ?
2026-04-12T13:57:49.934+07:00 DEBUG 8612 --- [ulos] [nio-8080-exec-7] m.m.a.RequestResponseBodyMethodProcessor : Using 'application/json', given [*/*] and supported [application/json, application/*+json]
2026-04-12T13:57:49.934+07:00 DEBUG 8612 --- [ulos] [nio-8080-exec-7] m.m.a.RequestResponseBodyMethodProcessor : Writing [PrecheckPageResponse[items=[], totalElements=0, totalPages=0, page=0, size=5]]
2026-04-12T13:57:49.934+07:00 DEBUG 8612 --- [ulos] [nio-8080-exec-7] o.s.web.servlet.DispatcherServlet        : Completed 200 OK
2026-04-12T13:57:49.939+07:00 DEBUG 8612 --- [ulos] [nio-8080-exec-3] m.m.a.RequestResponseBodyMethodProcessor : Using 'application/json', given [*/*] and supported [application/json, application/*+json]
2026-04-12T13:57:49.939+07:00 DEBUG 8612 --- [ulos] [nio-8080-exec-3] m.m.a.RequestResponseBodyMethodProcessor : Writing [PrecheckPageResponse[items=[], totalElements=0, totalPages=0, page=0, size=5]]
2026-04-12T13:57:49.940+07:00 DEBUG 8612 --- [ulos] [nio-8080-exec-3] o.s.web.servlet.DispatcherServlet        : Completed 200 OK
2026-04-12T13:57:49.942+07:00 DEBUG 8612 --- [ulos] [nio-8080-exec-6] org.hibernate.SQL                        : select ate1_0.id,ate1_0.created_at,ate1_0.expires_at,ate1_0.issued_at,ate1_0.last_accessed_at,ate1_0.revoked_flag,ate1_0.token_value,ate1_0.updated_at,ate1_0.user_id from los_auth_token ate1_0 where ate1_0.token_value=? and not(ate1_0.revoked_flag)
2026-04-12T13:57:49.949+07:00 DEBUG 8612 --- [ulos] [nio-8080-exec-5] org.hibernate.SQL                        : select ate1_0.id,ate1_0.created_at,ate1_0.expires_at,ate1_0.issued_at,ate1_0.last_accessed_at,ate1_0.revoked_flag,ate1_0.token_value,ate1_0.updated_at,ate1_0.user_id from los_auth_token ate1_0 where ate1_0.token_value=? and not(ate1_0.revoked_flag)
2026-04-12T13:57:49.949+07:00 DEBUG 8612 --- [ulos] [nio-8080-exec-6] org.hibernate.SQL                        : select ue1_0.id,ue1_0.active_flag,ue1_0.created_at,ue1_0.email,ue1_0.full_name,ue1_0.last_login_at,ue1_0.password_hash,r1_0.user_id,r1_1.id,r1_1.active_flag,r1_1.created_at,r1_1.description,r1_1.role_code,r1_1.role_name,r1_1.updated_at,ue1_0.updated_at,ue1_0.username from los_user ue1_0 left join los_user_role r1_0 on ue1_0.id=r1_0.user_id left join los_role r1_1 on r1_1.id=r1_0.role_id where ue1_0.id=?
2026-04-12T13:57:49.949+07:00 DEBUG 8612 --- [ulos] [nio-8080-exec-5] org.hibernate.SQL                        : select ue1_0.id,ue1_0.active_flag,ue1_0.created_at,ue1_0.email,ue1_0.full_name,ue1_0.last_login_at,ue1_0.password_hash,r1_0.user_id,r1_1.id,r1_1.active_flag,r1_1.created_at,r1_1.description,r1_1.role_code,r1_1.role_name,r1_1.updated_at,ue1_0.updated_at,ue1_0.username from los_user ue1_0 left join los_user_role r1_0 on ue1_0.id=r1_0.user_id left join los_role r1_1 on r1_1.id=r1_0.role_id where ue1_0.id=?
2026-04-12T13:57:49.949+07:00 DEBUG 8612 --- [ulos] [nio-8080-exec-6] org.hibernate.SQL                        : update los_auth_token set created_at=?,expires_at=?,issued_at=?,last_accessed_at=?,revoked_flag=?,token_value=?,updated_at=?,user_id=? where id=?
2026-04-12T13:57:49.949+07:00 DEBUG 8612 --- [ulos] [nio-8080-exec-5] org.hibernate.SQL                        : update los_auth_token set created_at=?,expires_at=?,issued_at=?,last_accessed_at=?,revoked_flag=?,token_value=?,updated_at=?,user_id=? where id=?
2026-04-12T13:57:49.949+07:00 DEBUG 8612 --- [ulos] [nio-8080-exec-6] o.s.web.servlet.DispatcherServlet        : GET "/api/prechecks?type=COLLATERAL&customerCif=DEB-9920-X1&page=0&size=5", parameters={masked}
2026-04-12T13:57:49.949+07:00 DEBUG 8612 --- [ulos] [nio-8080-exec-5] o.s.web.servlet.DispatcherServlet        : GET "/api/prechecks?type=SLIK&customerCif=DEB-9920-X1&page=0&size=5", parameters={masked}
2026-04-12T13:57:49.949+07:00 DEBUG 8612 --- [ulos] [nio-8080-exec-6] s.w.s.m.m.a.RequestMappingHandlerMapping : Mapped to com.enterprise.ulos.los.controller.PrecheckController#list(String, String, String, int, int)
2026-04-12T13:57:49.949+07:00 DEBUG 8612 --- [ulos] [nio-8080-exec-5] s.w.s.m.m.a.RequestMappingHandlerMapping : Mapped to com.enterprise.ulos.los.controller.PrecheckController#list(String, String, String, int, int)
2026-04-12T13:57:49.949+07:00 DEBUG 8612 --- [ulos] [nio-8080-exec-6] org.hibernate.SQL                        : select ate1_0.id,ate1_0.created_at,ate1_0.expires_at,ate1_0.issued_at,ate1_0.last_accessed_at,ate1_0.revoked_flag,ate1_0.token_value,ate1_0.updated_at,ate1_0.user_id from los_auth_token ate1_0 where ate1_0.token_value=? and not(ate1_0.revoked_flag)
2026-04-12T13:57:49.949+07:00 DEBUG 8612 --- [ulos] [nio-8080-exec-5] org.hibernate.SQL                        : select ate1_0.id,ate1_0.created_at,ate1_0.expires_at,ate1_0.issued_at,ate1_0.last_accessed_at,ate1_0.revoked_flag,ate1_0.token_value,ate1_0.updated_at,ate1_0.user_id from los_auth_token ate1_0 where ate1_0.token_value=? and not(ate1_0.revoked_flag)
2026-04-12T13:57:49.965+07:00 DEBUG 8612 --- [ulos] [nio-8080-exec-6] org.hibernate.SQL                        : select ue1_0.id,ue1_0.active_flag,ue1_0.created_at,ue1_0.email,ue1_0.full_name,ue1_0.last_login_at,ue1_0.password_hash,r1_0.user_id,r1_1.id,r1_1.active_flag,r1_1.created_at,r1_1.description,r1_1.role_code,r1_1.role_name,r1_1.updated_at,ue1_0.updated_at,ue1_0.username from los_user ue1_0 left join los_user_role r1_0 on ue1_0.id=r1_0.user_id left join los_role r1_1 on r1_1.id=r1_0.role_id where ue1_0.id=?
2026-04-12T13:57:49.965+07:00 DEBUG 8612 --- [ulos] [nio-8080-exec-5] org.hibernate.SQL                        : select ue1_0.id,ue1_0.active_flag,ue1_0.created_at,ue1_0.email,ue1_0.full_name,ue1_0.last_login_at,ue1_0.password_hash,r1_0.user_id,r1_1.id,r1_1.active_flag,r1_1.created_at,r1_1.description,r1_1.role_code,r1_1.role_name,r1_1.updated_at,ue1_0.updated_at,ue1_0.username from los_user ue1_0 left join los_user_role r1_0 on ue1_0.id=r1_0.user_id left join los_role r1_1 on r1_1.id=r1_0.role_id where ue1_0.id=?
2026-04-12T13:57:49.966+07:00 DEBUG 8612 --- [ulos] [nio-8080-exec-6] org.hibernate.SQL                        : update los_auth_token set created_at=?,expires_at=?,issued_at=?,last_accessed_at=?,revoked_flag=?,token_value=?,updated_at=?,user_id=? where id=?
2026-04-12T13:57:49.966+07:00 DEBUG 8612 --- [ulos] [nio-8080-exec-5] org.hibernate.SQL                        : update los_auth_token set created_at=?,expires_at=?,issued_at=?,last_accessed_at=?,revoked_flag=?,token_value=?,updated_at=?,user_id=? where id=?
2026-04-12T13:57:49.973+07:00 DEBUG 8612 --- [ulos] [nio-8080-exec-6] org.hibernate.SQL                        : select pse1_0.id,pse1_0.check_ref,pse1_0.check_type,pse1_0.completed_at,pse1_0.created_at,pse1_0.customer_id,pse1_0.linked_application_id,pse1_0.notes,pse1_0.requested_at,pse1_0.result_json,pse1_0.result_summary,pse1_0.status,pse1_0.updated_at from los_precheck_session pse1_0 join los_customer c1_0 on c1_0.id=pse1_0.customer_id where (? is null or ?='' or upper(pse1_0.check_type)=upper(?)) and (? is null or ?='' or lower(c1_0.cif_number)=lower(?)) and (? is null or ?='' or lower(pse1_0.check_ref) like lower(concat('%',?,'%')) escape '' or lower(c1_0.cif_number) like lower(concat('%',?,'%')) escape '' or lower(c1_0.company_name) like lower(concat('%',?,'%')) escape '' or lower(coalesce(pse1_0.status,'')) like lower(concat('%',?,'%')) escape '' or lower(coalesce(pse1_0.result_summary,'')) like lower(concat('%',?,'%')) escape '') order by pse1_0.updated_at desc limit ?
2026-04-12T13:57:49.973+07:00 DEBUG 8612 --- [ulos] [nio-8080-exec-5] org.hibernate.SQL                        : select pse1_0.id,pse1_0.check_ref,pse1_0.check_type,pse1_0.completed_at,pse1_0.created_at,pse1_0.customer_id,pse1_0.linked_application_id,pse1_0.notes,pse1_0.requested_at,pse1_0.result_json,pse1_0.result_summary,pse1_0.status,pse1_0.updated_at from los_precheck_session pse1_0 join los_customer c1_0 on c1_0.id=pse1_0.customer_id where (? is null or ?='' or upper(pse1_0.check_type)=upper(?)) and (? is null or ?='' or lower(c1_0.cif_number)=lower(?)) and (? is null or ?='' or lower(pse1_0.check_ref) like lower(concat('%',?,'%')) escape '' or lower(c1_0.cif_number) like lower(concat('%',?,'%')) escape '' or lower(c1_0.company_name) like lower(concat('%',?,'%')) escape '' or lower(coalesce(pse1_0.status,'')) like lower(concat('%',?,'%')) escape '' or lower(coalesce(pse1_0.result_summary,'')) like lower(concat('%',?,'%')) escape '') order by pse1_0.updated_at desc limit ?
2026-04-12T13:57:49.973+07:00 DEBUG 8612 --- [ulos] [nio-8080-exec-6] m.m.a.RequestResponseBodyMethodProcessor : Using 'application/json', given [*/*] and supported [application/json, application/*+json]
2026-04-12T13:57:49.984+07:00 DEBUG 8612 --- [ulos] [nio-8080-exec-6] m.m.a.RequestResponseBodyMethodProcessor : Writing [PrecheckPageResponse[items=[], totalElements=0, totalPages=0, page=0, size=5]]
2026-04-12T13:57:49.984+07:00 DEBUG 8612 --- [ulos] [nio-8080-exec-6] o.s.web.servlet.DispatcherServlet        : Completed 200 OK
2026-04-12T13:57:49.984+07:00 DEBUG 8612 --- [ulos] [nio-8080-exec-5] m.m.a.RequestResponseBodyMethodProcessor : Using 'application/json', given [*/*] and supported [application/json, application/*+json]
2026-04-12T13:57:49.984+07:00 DEBUG 8612 --- [ulos] [nio-8080-exec-5] m.m.a.RequestResponseBodyMethodProcessor : Writing [PrecheckPageResponse[items=[], totalElements=0, totalPages=0, page=0, size=5]]
2026-04-12T13:57:49.984+07:00 DEBUG 8612 --- [ulos] [nio-8080-exec-5] o.s.web.servlet.DispatcherServlet        : Completed 200 OK
2026-04-12T13:58:50.406+07:00 DEBUG 8612 --- [ulos] [nio-8080-exec-4] org.hibernate.SQL                        : select ate1_0.id,ate1_0.created_at,ate1_0.expires_at,ate1_0.issued_at,ate1_0.last_accessed_at,ate1_0.revoked_flag,ate1_0.token_value,ate1_0.updated_at,ate1_0.user_id from los_auth_token ate1_0 where ate1_0.token_value=? and not(ate1_0.revoked_flag)
2026-04-12T13:58:50.406+07:00 DEBUG 8612 --- [ulos] [nio-8080-exec-4] org.hibernate.SQL                        : select ue1_0.id,ue1_0.active_flag,ue1_0.created_at,ue1_0.email,ue1_0.full_name,ue1_0.last_login_at,ue1_0.password_hash,r1_0.user_id,r1_1.id,r1_1.active_flag,r1_1.created_at,r1_1.description,r1_1.role_code,r1_1.role_name,r1_1.updated_at,ue1_0.updated_at,ue1_0.username from los_user ue1_0 left join los_user_role r1_0 on ue1_0.id=r1_0.user_id left join los_role r1_1 on r1_1.id=r1_0.role_id where ue1_0.id=?
2026-04-12T13:58:50.410+07:00 DEBUG 8612 --- [ulos] [nio-8080-exec-4] org.hibernate.SQL                        : update los_auth_token set created_at=?,expires_at=?,issued_at=?,last_accessed_at=?,revoked_flag=?,token_value=?,updated_at=?,user_id=? where id=?
2026-04-12T13:58:50.416+07:00 DEBUG 8612 --- [ulos] [nio-8080-exec-4] o.s.web.servlet.DispatcherServlet        : GET "/api/auth/me", parameters={}
2026-04-12T13:58:50.416+07:00 DEBUG 8612 --- [ulos] [nio-8080-exec-4] s.w.s.m.m.a.RequestMappingHandlerMapping : Mapped to com.enterprise.ulos.los.controller.AuthController#me(String, String)
2026-04-12T13:58:50.421+07:00 DEBUG 8612 --- [ulos] [nio-8080-exec-4] org.hibernate.SQL                        : select ate1_0.id,ate1_0.created_at,ate1_0.expires_at,ate1_0.issued_at,ate1_0.last_accessed_at,ate1_0.revoked_flag,ate1_0.token_value,ate1_0.updated_at,ate1_0.user_id from los_auth_token ate1_0 where ate1_0.token_value=? and not(ate1_0.revoked_flag)
2026-04-12T13:58:50.421+07:00 DEBUG 8612 --- [ulos] [nio-8080-exec-4] org.hibernate.SQL                        : select ue1_0.id,ue1_0.active_flag,ue1_0.created_at,ue1_0.email,ue1_0.full_name,ue1_0.last_login_at,ue1_0.password_hash,r1_0.user_id,r1_1.id,r1_1.active_flag,r1_1.created_at,r1_1.description,r1_1.role_code,r1_1.role_name,r1_1.updated_at,ue1_0.updated_at,ue1_0.username from los_user ue1_0 left join los_user_role r1_0 on ue1_0.id=r1_0.user_id left join los_role r1_1 on r1_1.id=r1_0.role_id where ue1_0.id=?
2026-04-12T13:58:50.421+07:00 DEBUG 8612 --- [ulos] [nio-8080-exec-4] org.hibernate.SQL                        : update los_auth_token set created_at=?,expires_at=?,issued_at=?,last_accessed_at=?,revoked_flag=?,token_value=?,updated_at=?,user_id=? where id=?
2026-04-12T13:58:50.436+07:00 DEBUG 8612 --- [ulos] [nio-8080-exec-4] org.hibernate.SQL                        : select ate1_0.id,ate1_0.created_at,ate1_0.expires_at,ate1_0.issued_at,ate1_0.last_accessed_at,ate1_0.revoked_flag,ate1_0.token_value,ate1_0.updated_at,ate1_0.user_id from los_auth_token ate1_0 where ate1_0.token_value=? and not(ate1_0.revoked_flag)
2026-04-12T13:58:50.441+07:00 DEBUG 8612 --- [ulos] [nio-8080-exec-4] org.hibernate.SQL                        : select ue1_0.id,ue1_0.active_flag,ue1_0.created_at,ue1_0.email,ue1_0.full_name,ue1_0.last_login_at,ue1_0.password_hash,r1_0.user_id,r1_1.id,r1_1.active_flag,r1_1.created_at,r1_1.description,r1_1.role_code,r1_1.role_name,r1_1.updated_at,ue1_0.updated_at,ue1_0.username from los_user ue1_0 left join los_user_role r1_0 on ue1_0.id=r1_0.user_id left join los_role r1_1 on r1_1.id=r1_0.role_id where ue1_0.id=?
2026-04-12T13:58:50.443+07:00 DEBUG 8612 --- [ulos] [nio-8080-exec-4] m.m.a.RequestResponseBodyMethodProcessor : Using 'application/json', given [*/*] and supported [application/json, application/*+json]
2026-04-12T13:58:50.444+07:00 DEBUG 8612 --- [ulos] [nio-8080-exec-4] m.m.a.RequestResponseBodyMethodProcessor : Writing [UserProfileResponse[userId=1, username=admin, fullName=System Administrator, email=admin@ulos.local, (truncated)...]
2026-04-12T13:58:50.444+07:00 DEBUG 8612 --- [ulos] [nio-8080-exec-4] o.s.web.servlet.DispatcherServlet        : Completed 200 OK
2026-04-12T13:58:50.544+07:00 DEBUG 8612 --- [ulos] [nio-8080-exec-2] org.hibernate.SQL                        : select ate1_0.id,ate1_0.created_at,ate1_0.expires_at,ate1_0.issued_at,ate1_0.last_accessed_at,ate1_0.revoked_flag,ate1_0.token_value,ate1_0.updated_at,ate1_0.user_id from los_auth_token ate1_0 where ate1_0.token_value=? and not(ate1_0.revoked_flag)
2026-04-12T13:58:50.546+07:00 DEBUG 8612 --- [ulos] [nio-8080-exec-2] org.hibernate.SQL                        : select ue1_0.id,ue1_0.active_flag,ue1_0.created_at,ue1_0.email,ue1_0.full_name,ue1_0.last_login_at,ue1_0.password_hash,r1_0.user_id,r1_1.id,r1_1.active_flag,r1_1.created_at,r1_1.description,r1_1.role_code,r1_1.role_name,r1_1.updated_at,ue1_0.updated_at,ue1_0.username from los_user ue1_0 left join los_user_role r1_0 on ue1_0.id=r1_0.user_id left join los_role r1_1 on r1_1.id=r1_0.role_id where ue1_0.id=?
2026-04-12T13:58:50.547+07:00 DEBUG 8612 --- [ulos] [nio-8080-exec-2] org.hibernate.SQL                        : update los_auth_token set created_at=?,expires_at=?,issued_at=?,last_accessed_at=?,revoked_flag=?,token_value=?,updated_at=?,user_id=? where id=?
2026-04-12T13:58:50.558+07:00 DEBUG 8612 --- [ulos] [nio-8080-exec-2] o.s.web.servlet.DispatcherServlet        : GET "/api/auth/me", parameters={}
2026-04-12T13:58:50.558+07:00 DEBUG 8612 --- [ulos] [nio-8080-exec-2] s.w.s.m.m.a.RequestMappingHandlerMapping : Mapped to com.enterprise.ulos.los.controller.AuthController#me(String, String)
2026-04-12T13:58:50.560+07:00 DEBUG 8612 --- [ulos] [nio-8080-exec-2] org.hibernate.SQL                        : select ate1_0.id,ate1_0.created_at,ate1_0.expires_at,ate1_0.issued_at,ate1_0.last_accessed_at,ate1_0.revoked_flag,ate1_0.token_value,ate1_0.updated_at,ate1_0.user_id from los_auth_token ate1_0 where ate1_0.token_value=? and not(ate1_0.revoked_flag)
2026-04-12T13:58:50.560+07:00 DEBUG 8612 --- [ulos] [nio-8080-exec-2] org.hibernate.SQL                        : select ue1_0.id,ue1_0.active_flag,ue1_0.created_at,ue1_0.email,ue1_0.full_name,ue1_0.last_login_at,ue1_0.password_hash,r1_0.user_id,r1_1.id,r1_1.active_flag,r1_1.created_at,r1_1.description,r1_1.role_code,r1_1.role_name,r1_1.updated_at,ue1_0.updated_at,ue1_0.username from los_user ue1_0 left join los_user_role r1_0 on ue1_0.id=r1_0.user_id left join los_role r1_1 on r1_1.id=r1_0.role_id where ue1_0.id=?
2026-04-12T13:58:50.560+07:00 DEBUG 8612 --- [ulos] [nio-8080-exec-2] org.hibernate.SQL                        : update los_auth_token set created_at=?,expires_at=?,issued_at=?,last_accessed_at=?,revoked_flag=?,token_value=?,updated_at=?,user_id=? where id=?
2026-04-12T13:58:50.571+07:00 DEBUG 8612 --- [ulos] [nio-8080-exec-2] org.hibernate.SQL                        : select ate1_0.id,ate1_0.created_at,ate1_0.expires_at,ate1_0.issued_at,ate1_0.last_accessed_at,ate1_0.revoked_flag,ate1_0.token_value,ate1_0.updated_at,ate1_0.user_id from los_auth_token ate1_0 where ate1_0.token_value=? and not(ate1_0.revoked_flag)
2026-04-12T13:58:50.576+07:00 DEBUG 8612 --- [ulos] [nio-8080-exec-2] org.hibernate.SQL                        : select ue1_0.id,ue1_0.active_flag,ue1_0.created_at,ue1_0.email,ue1_0.full_name,ue1_0.last_login_at,ue1_0.password_hash,r1_0.user_id,r1_1.id,r1_1.active_flag,r1_1.created_at,r1_1.description,r1_1.role_code,r1_1.role_name,r1_1.updated_at,ue1_0.updated_at,ue1_0.username from los_user ue1_0 left join los_user_role r1_0 on ue1_0.id=r1_0.user_id left join los_role r1_1 on r1_1.id=r1_0.role_id where ue1_0.id=?
2026-04-12T13:58:50.576+07:00 DEBUG 8612 --- [ulos] [nio-8080-exec-2] m.m.a.RequestResponseBodyMethodProcessor : Using 'application/json', given [*/*] and supported [application/json, application/*+json]
2026-04-12T13:58:50.576+07:00 DEBUG 8612 --- [ulos] [nio-8080-exec-2] m.m.a.RequestResponseBodyMethodProcessor : Writing [UserProfileResponse[userId=1, username=admin, fullName=System Administrator, email=admin@ulos.local, (truncated)...]
2026-04-12T13:58:50.576+07:00 DEBUG 8612 --- [ulos] [nio-8080-exec-2] o.s.web.servlet.DispatcherServlet        : Completed 200 OK
2026-04-12T13:58:50.740+07:00 DEBUG 8612 --- [ulos] [nio-8080-exec-8] org.hibernate.SQL                        : select ate1_0.id,ate1_0.created_at,ate1_0.expires_at,ate1_0.issued_at,ate1_0.last_accessed_at,ate1_0.revoked_flag,ate1_0.token_value,ate1_0.updated_at,ate1_0.user_id from los_auth_token ate1_0 where ate1_0.token_value=? and not(ate1_0.revoked_flag)
2026-04-12T13:58:50.741+07:00 DEBUG 8612 --- [ulos] [nio-8080-exec-8] org.hibernate.SQL                        : select ue1_0.id,ue1_0.active_flag,ue1_0.created_at,ue1_0.email,ue1_0.full_name,ue1_0.last_login_at,ue1_0.password_hash,r1_0.user_id,r1_1.id,r1_1.active_flag,r1_1.created_at,r1_1.description,r1_1.role_code,r1_1.role_name,r1_1.updated_at,ue1_0.updated_at,ue1_0.username from los_user ue1_0 left join los_user_role r1_0 on ue1_0.id=r1_0.user_id left join los_role r1_1 on r1_1.id=r1_0.role_id where ue1_0.id=?
2026-04-12T13:58:50.743+07:00 DEBUG 8612 --- [ulos] [nio-8080-exec-8] org.hibernate.SQL                        : update los_auth_token set created_at=?,expires_at=?,issued_at=?,last_accessed_at=?,revoked_flag=?,token_value=?,updated_at=?,user_id=? where id=?
2026-04-12T13:58:50.751+07:00 DEBUG 8612 --- [ulos] [nio-8080-exec-7] org.hibernate.SQL                        : select ate1_0.id,ate1_0.created_at,ate1_0.expires_at,ate1_0.issued_at,ate1_0.last_accessed_at,ate1_0.revoked_flag,ate1_0.token_value,ate1_0.updated_at,ate1_0.user_id from los_auth_token ate1_0 where ate1_0.token_value=? and not(ate1_0.revoked_flag)
2026-04-12T13:58:50.752+07:00 DEBUG 8612 --- [ulos] [nio-8080-exec-3] org.hibernate.SQL                        : select ate1_0.id,ate1_0.created_at,ate1_0.expires_at,ate1_0.issued_at,ate1_0.last_accessed_at,ate1_0.revoked_flag,ate1_0.token_value,ate1_0.updated_at,ate1_0.user_id from los_auth_token ate1_0 where ate1_0.token_value=? and not(ate1_0.revoked_flag)
2026-04-12T13:58:50.752+07:00 DEBUG 8612 --- [ulos] [nio-8080-exec-7] org.hibernate.SQL                        : select ue1_0.id,ue1_0.active_flag,ue1_0.created_at,ue1_0.email,ue1_0.full_name,ue1_0.last_login_at,ue1_0.password_hash,r1_0.user_id,r1_1.id,r1_1.active_flag,r1_1.created_at,r1_1.description,r1_1.role_code,r1_1.role_name,r1_1.updated_at,ue1_0.updated_at,ue1_0.username from los_user ue1_0 left join los_user_role r1_0 on ue1_0.id=r1_0.user_id left join los_role r1_1 on r1_1.id=r1_0.role_id where ue1_0.id=?
2026-04-12T13:58:50.753+07:00 DEBUG 8612 --- [ulos] [nio-8080-exec-3] org.hibernate.SQL                        : select ue1_0.id,ue1_0.active_flag,ue1_0.created_at,ue1_0.email,ue1_0.full_name,ue1_0.last_login_at,ue1_0.password_hash,r1_0.user_id,r1_1.id,r1_1.active_flag,r1_1.created_at,r1_1.description,r1_1.role_code,r1_1.role_name,r1_1.updated_at,ue1_0.updated_at,ue1_0.username from los_user ue1_0 left join los_user_role r1_0 on ue1_0.id=r1_0.user_id left join los_role r1_1 on r1_1.id=r1_0.role_id where ue1_0.id=?
2026-04-12T13:58:50.753+07:00 DEBUG 8612 --- [ulos] [nio-8080-exec-7] org.hibernate.SQL                        : update los_auth_token set created_at=?,expires_at=?,issued_at=?,last_accessed_at=?,revoked_flag=?,token_value=?,updated_at=?,user_id=? where id=?
2026-04-12T13:58:50.755+07:00 DEBUG 8612 --- [ulos] [nio-8080-exec-3] org.hibernate.SQL                        : update los_auth_token set created_at=?,expires_at=?,issued_at=?,last_accessed_at=?,revoked_flag=?,token_value=?,updated_at=?,user_id=? where id=?
2026-04-12T13:58:50.758+07:00 DEBUG 8612 --- [ulos] [nio-8080-exec-8] o.s.web.servlet.DispatcherServlet        : GET "/api/customers/DEB-9920-X1", parameters={}
2026-04-12T13:58:50.758+07:00 DEBUG 8612 --- [ulos] [nio-8080-exec-8] s.w.s.m.m.a.RequestMappingHandlerMapping : Mapped to com.enterprise.ulos.los.controller.CustomerPortfolioController#get(String)
2026-04-12T13:58:50.760+07:00 DEBUG 8612 --- [ulos] [nio-8080-exec-8] org.hibernate.SQL                        : select ate1_0.id,ate1_0.created_at,ate1_0.expires_at,ate1_0.issued_at,ate1_0.last_accessed_at,ate1_0.revoked_flag,ate1_0.token_value,ate1_0.updated_at,ate1_0.user_id from los_auth_token ate1_0 where ate1_0.token_value=? and not(ate1_0.revoked_flag)
2026-04-12T13:58:50.761+07:00 DEBUG 8612 --- [ulos] [nio-8080-exec-8] org.hibernate.SQL                        : select ue1_0.id,ue1_0.active_flag,ue1_0.created_at,ue1_0.email,ue1_0.full_name,ue1_0.last_login_at,ue1_0.password_hash,r1_0.user_id,r1_1.id,r1_1.active_flag,r1_1.created_at,r1_1.description,r1_1.role_code,r1_1.role_name,r1_1.updated_at,ue1_0.updated_at,ue1_0.username from los_user ue1_0 left join los_user_role r1_0 on ue1_0.id=r1_0.user_id left join los_role r1_1 on r1_1.id=r1_0.role_id where ue1_0.id=?
2026-04-12T13:58:50.763+07:00 DEBUG 8612 --- [ulos] [nio-8080-exec-8] org.hibernate.SQL                        : update los_auth_token set created_at=?,expires_at=?,issued_at=?,last_accessed_at=?,revoked_flag=?,token_value=?,updated_at=?,user_id=? where id=?
2026-04-12T13:58:50.765+07:00 DEBUG 8612 --- [ulos] [nio-8080-exec-7] o.s.web.servlet.DispatcherServlet        : GET "/api/prechecks?type=SLIK&customerCif=DEB-9920-X1&page=0&size=5", parameters={masked}
2026-04-12T13:58:50.765+07:00 DEBUG 8612 --- [ulos] [nio-8080-exec-7] s.w.s.m.m.a.RequestMappingHandlerMapping : Mapped to com.enterprise.ulos.los.controller.PrecheckController#list(String, String, String, int, int)
2026-04-12T13:58:50.766+07:00 DEBUG 8612 --- [ulos] [nio-8080-exec-7] org.hibernate.SQL                        : select ate1_0.id,ate1_0.created_at,ate1_0.expires_at,ate1_0.issued_at,ate1_0.last_accessed_at,ate1_0.revoked_flag,ate1_0.token_value,ate1_0.updated_at,ate1_0.user_id from los_auth_token ate1_0 where ate1_0.token_value=? and not(ate1_0.revoked_flag)
2026-04-12T13:58:50.770+07:00 DEBUG 8612 --- [ulos] [nio-8080-exec-7] org.hibernate.SQL                        : select ue1_0.id,ue1_0.active_flag,ue1_0.created_at,ue1_0.email,ue1_0.full_name,ue1_0.last_login_at,ue1_0.password_hash,r1_0.user_id,r1_1.id,r1_1.active_flag,r1_1.created_at,r1_1.description,r1_1.role_code,r1_1.role_name,r1_1.updated_at,ue1_0.updated_at,ue1_0.username from los_user ue1_0 left join los_user_role r1_0 on ue1_0.id=r1_0.user_id left join los_role r1_1 on r1_1.id=r1_0.role_id where ue1_0.id=?
2026-04-12T13:58:50.772+07:00 DEBUG 8612 --- [ulos] [nio-8080-exec-7] org.hibernate.SQL                        : update los_auth_token set created_at=?,expires_at=?,issued_at=?,last_accessed_at=?,revoked_flag=?,token_value=?,updated_at=?,user_id=? where id=?
2026-04-12T13:58:50.773+07:00 DEBUG 8612 --- [ulos] [nio-8080-exec-3] o.s.web.servlet.DispatcherServlet        : GET "/api/prechecks?type=COLLATERAL&customerCif=DEB-9920-X1&page=0&size=5", parameters={masked}
2026-04-12T13:58:50.773+07:00 DEBUG 8612 --- [ulos] [nio-8080-exec-3] s.w.s.m.m.a.RequestMappingHandlerMapping : Mapped to com.enterprise.ulos.los.controller.PrecheckController#list(String, String, String, int, int)
2026-04-12T13:58:50.775+07:00 DEBUG 8612 --- [ulos] [nio-8080-exec-3] org.hibernate.SQL                        : select ate1_0.id,ate1_0.created_at,ate1_0.expires_at,ate1_0.issued_at,ate1_0.last_accessed_at,ate1_0.revoked_flag,ate1_0.token_value,ate1_0.updated_at,ate1_0.user_id from los_auth_token ate1_0 where ate1_0.token_value=? and not(ate1_0.revoked_flag)
2026-04-12T13:58:50.776+07:00 DEBUG 8612 --- [ulos] [nio-8080-exec-3] org.hibernate.SQL                        : select ue1_0.id,ue1_0.active_flag,ue1_0.created_at,ue1_0.email,ue1_0.full_name,ue1_0.last_login_at,ue1_0.password_hash,r1_0.user_id,r1_1.id,r1_1.active_flag,r1_1.created_at,r1_1.description,r1_1.role_code,r1_1.role_name,r1_1.updated_at,ue1_0.updated_at,ue1_0.username from los_user ue1_0 left join los_user_role r1_0 on ue1_0.id=r1_0.user_id left join los_role r1_1 on r1_1.id=r1_0.role_id where ue1_0.id=?
2026-04-12T13:58:50.778+07:00 DEBUG 8612 --- [ulos] [nio-8080-exec-3] org.hibernate.SQL                        : update los_auth_token set created_at=?,expires_at=?,issued_at=?,last_accessed_at=?,revoked_flag=?,token_value=?,updated_at=?,user_id=? where id=?
2026-04-12T13:58:50.782+07:00 DEBUG 8612 --- [ulos] [nio-8080-exec-8] org.hibernate.SQL                        : select ce1_0.id,ce1_0.cif_number,ce1_0.company_name,ce1_0.company_type,ce1_0.created_at,ce1_0.legal_name,ce1_0.location,ce1_0.profile_json,ce1_0.registration_date,ce1_0.sector,ce1_0.status,ce1_0.tax_id,ce1_0.updated_at from los_customer ce1_0 where ce1_0.cif_number=?
2026-04-12T13:58:50.784+07:00 DEBUG 8612 --- [ulos] [nio-8080-exec-8] m.m.a.RequestResponseBodyMethodProcessor : Using 'application/json', given [*/*] and supported [application/json, application/*+json]
2026-04-12T13:58:50.785+07:00 DEBUG 8612 --- [ulos] [nio-8080-exec-8] m.m.a.RequestResponseBodyMethodProcessor : Writing [CustomerDetailResponse[id=1, cifNumber=DEB-9920-X1, companyName=Global Logistics Systems Corp., lega (truncated)...]
2026-04-12T13:58:50.785+07:00 DEBUG 8612 --- [ulos] [nio-8080-exec-8] o.s.web.servlet.DispatcherServlet        : Completed 200 OK
2026-04-12T13:58:50.792+07:00 DEBUG 8612 --- [ulos] [nio-8080-exec-7] org.hibernate.SQL                        : select pse1_0.id,pse1_0.check_ref,pse1_0.check_type,pse1_0.completed_at,pse1_0.created_at,pse1_0.customer_id,pse1_0.linked_application_id,pse1_0.notes,pse1_0.requested_at,pse1_0.result_json,pse1_0.result_summary,pse1_0.status,pse1_0.updated_at from los_precheck_session pse1_0 join los_customer c1_0 on c1_0.id=pse1_0.customer_id where (? is null or ?='' or upper(pse1_0.check_type)=upper(?)) and (? is null or ?='' or lower(c1_0.cif_number)=lower(?)) and (? is null or ?='' or lower(pse1_0.check_ref) like lower(concat('%',?,'%')) escape '' or lower(c1_0.cif_number) like lower(concat('%',?,'%')) escape '' or lower(c1_0.company_name) like lower(concat('%',?,'%')) escape '' or lower(coalesce(pse1_0.status,'')) like lower(concat('%',?,'%')) escape '' or lower(coalesce(pse1_0.result_summary,'')) like lower(concat('%',?,'%')) escape '') order by pse1_0.updated_at desc limit ?
2026-04-12T13:58:50.796+07:00 DEBUG 8612 --- [ulos] [nio-8080-exec-6] org.hibernate.SQL                        : select ate1_0.id,ate1_0.created_at,ate1_0.expires_at,ate1_0.issued_at,ate1_0.last_accessed_at,ate1_0.revoked_flag,ate1_0.token_value,ate1_0.updated_at,ate1_0.user_id from los_auth_token ate1_0 where ate1_0.token_value=? and not(ate1_0.revoked_flag)
2026-04-12T13:58:50.797+07:00 DEBUG 8612 --- [ulos] [nio-8080-exec-7] m.m.a.RequestResponseBodyMethodProcessor : Using 'application/json', given [*/*] and supported [application/json, application/*+json]
2026-04-12T13:58:50.797+07:00 DEBUG 8612 --- [ulos] [nio-8080-exec-7] m.m.a.RequestResponseBodyMethodProcessor : Writing [PrecheckPageResponse[items=[], totalElements=0, totalPages=0, page=0, size=5]]
2026-04-12T13:58:50.798+07:00 DEBUG 8612 --- [ulos] [nio-8080-exec-7] o.s.web.servlet.DispatcherServlet        : Completed 200 OK
2026-04-12T13:58:50.798+07:00 DEBUG 8612 --- [ulos] [nio-8080-exec-6] org.hibernate.SQL                        : select ue1_0.id,ue1_0.active_flag,ue1_0.created_at,ue1_0.email,ue1_0.full_name,ue1_0.last_login_at,ue1_0.password_hash,r1_0.user_id,r1_1.id,r1_1.active_flag,r1_1.created_at,r1_1.description,r1_1.role_code,r1_1.role_name,r1_1.updated_at,ue1_0.updated_at,ue1_0.username from los_user ue1_0 left join los_user_role r1_0 on ue1_0.id=r1_0.user_id left join los_role r1_1 on r1_1.id=r1_0.role_id where ue1_0.id=?
2026-04-12T13:58:50.800+07:00 DEBUG 8612 --- [ulos] [nio-8080-exec-6] org.hibernate.SQL                        : update los_auth_token set created_at=?,expires_at=?,issued_at=?,last_accessed_at=?,revoked_flag=?,token_value=?,updated_at=?,user_id=? where id=?
2026-04-12T13:58:50.802+07:00 DEBUG 8612 --- [ulos] [nio-8080-exec-3] org.hibernate.SQL                        : select pse1_0.id,pse1_0.check_ref,pse1_0.check_type,pse1_0.completed_at,pse1_0.created_at,pse1_0.customer_id,pse1_0.linked_application_id,pse1_0.notes,pse1_0.requested_at,pse1_0.result_json,pse1_0.result_summary,pse1_0.status,pse1_0.updated_at from los_precheck_session pse1_0 join los_customer c1_0 on c1_0.id=pse1_0.customer_id where (? is null or ?='' or upper(pse1_0.check_type)=upper(?)) and (? is null or ?='' or lower(c1_0.cif_number)=lower(?)) and (? is null or ?='' or lower(pse1_0.check_ref) like lower(concat('%',?,'%')) escape '' or lower(c1_0.cif_number) like lower(concat('%',?,'%')) escape '' or lower(c1_0.company_name) like lower(concat('%',?,'%')) escape '' or lower(coalesce(pse1_0.status,'')) like lower(concat('%',?,'%')) escape '' or lower(coalesce(pse1_0.result_summary,'')) like lower(concat('%',?,'%')) escape '') order by pse1_0.updated_at desc limit ?
2026-04-12T13:58:50.805+07:00 DEBUG 8612 --- [ulos] [nio-8080-exec-3] m.m.a.RequestResponseBodyMethodProcessor : Using 'application/json', given [*/*] and supported [application/json, application/*+json]
2026-04-12T13:58:50.805+07:00 DEBUG 8612 --- [ulos] [nio-8080-exec-3] m.m.a.RequestResponseBodyMethodProcessor : Writing [PrecheckPageResponse[items=[], totalElements=0, totalPages=0, page=0, size=5]]
2026-04-12T13:58:50.806+07:00 DEBUG 8612 --- [ulos] [nio-8080-exec-3] o.s.web.servlet.DispatcherServlet        : Completed 200 OK
2026-04-12T13:58:50.808+07:00 DEBUG 8612 --- [ulos] [nio-8080-exec-3] org.hibernate.SQL                        : select ate1_0.id,ate1_0.created_at,ate1_0.expires_at,ate1_0.issued_at,ate1_0.last_accessed_at,ate1_0.revoked_flag,ate1_0.token_value,ate1_0.updated_at,ate1_0.user_id from los_auth_token ate1_0 where ate1_0.token_value=? and not(ate1_0.revoked_flag)
2026-04-12T13:58:50.810+07:00 DEBUG 8612 --- [ulos] [nio-8080-exec-3] org.hibernate.SQL                        : select ue1_0.id,ue1_0.active_flag,ue1_0.created_at,ue1_0.email,ue1_0.full_name,ue1_0.last_login_at,ue1_0.password_hash,r1_0.user_id,r1_1.id,r1_1.active_flag,r1_1.created_at,r1_1.description,r1_1.role_code,r1_1.role_name,r1_1.updated_at,ue1_0.updated_at,ue1_0.username from los_user ue1_0 left join los_user_role r1_0 on ue1_0.id=r1_0.user_id left join los_role r1_1 on r1_1.id=r1_0.role_id where ue1_0.id=?
2026-04-12T13:58:50.812+07:00 DEBUG 8612 --- [ulos] [nio-8080-exec-3] org.hibernate.SQL                        : update los_auth_token set created_at=?,expires_at=?,issued_at=?,last_accessed_at=?,revoked_flag=?,token_value=?,updated_at=?,user_id=? where id=?
2026-04-12T13:58:50.812+07:00 DEBUG 8612 --- [ulos] [nio-8080-exec-6] o.s.web.servlet.DispatcherServlet        : GET "/api/customers/DEB-9920-X1", parameters={}
2026-04-12T13:58:50.813+07:00 DEBUG 8612 --- [ulos] [nio-8080-exec-6] s.w.s.m.m.a.RequestMappingHandlerMapping : Mapped to com.enterprise.ulos.los.controller.CustomerPortfolioController#get(String)
2026-04-12T13:58:50.815+07:00 DEBUG 8612 --- [ulos] [nio-8080-exec-6] org.hibernate.SQL                        : select ate1_0.id,ate1_0.created_at,ate1_0.expires_at,ate1_0.issued_at,ate1_0.last_accessed_at,ate1_0.revoked_flag,ate1_0.token_value,ate1_0.updated_at,ate1_0.user_id from los_auth_token ate1_0 where ate1_0.token_value=? and not(ate1_0.revoked_flag)
2026-04-12T13:58:50.816+07:00 DEBUG 8612 --- [ulos] [nio-8080-exec-6] org.hibernate.SQL                        : select ue1_0.id,ue1_0.active_flag,ue1_0.created_at,ue1_0.email,ue1_0.full_name,ue1_0.last_login_at,ue1_0.password_hash,r1_0.user_id,r1_1.id,r1_1.active_flag,r1_1.created_at,r1_1.description,r1_1.role_code,r1_1.role_name,r1_1.updated_at,ue1_0.updated_at,ue1_0.username from los_user ue1_0 left join los_user_role r1_0 on ue1_0.id=r1_0.user_id left join los_role r1_1 on r1_1.id=r1_0.role_id where ue1_0.id=?
2026-04-12T13:58:50.819+07:00 DEBUG 8612 --- [ulos] [nio-8080-exec-6] org.hibernate.SQL                        : update los_auth_token set created_at=?,expires_at=?,issued_at=?,last_accessed_at=?,revoked_flag=?,token_value=?,updated_at=?,user_id=? where id=?
2026-04-12T13:58:50.821+07:00 DEBUG 8612 --- [ulos] [nio-8080-exec-1] org.hibernate.SQL                        : select ate1_0.id,ate1_0.created_at,ate1_0.expires_at,ate1_0.issued_at,ate1_0.last_accessed_at,ate1_0.revoked_flag,ate1_0.token_value,ate1_0.updated_at,ate1_0.user_id from los_auth_token ate1_0 where ate1_0.token_value=? and not(ate1_0.revoked_flag)
2026-04-12T13:58:50.822+07:00 DEBUG 8612 --- [ulos] [nio-8080-exec-1] org.hibernate.SQL                        : select ue1_0.id,ue1_0.active_flag,ue1_0.created_at,ue1_0.email,ue1_0.full_name,ue1_0.last_login_at,ue1_0.password_hash,r1_0.user_id,r1_1.id,r1_1.active_flag,r1_1.created_at,r1_1.description,r1_1.role_code,r1_1.role_name,r1_1.updated_at,ue1_0.updated_at,ue1_0.username from los_user ue1_0 left join los_user_role r1_0 on ue1_0.id=r1_0.user_id left join los_role r1_1 on r1_1.id=r1_0.role_id where ue1_0.id=?
2026-04-12T13:58:50.824+07:00 DEBUG 8612 --- [ulos] [nio-8080-exec-1] org.hibernate.SQL                        : update los_auth_token set created_at=?,expires_at=?,issued_at=?,last_accessed_at=?,revoked_flag=?,token_value=?,updated_at=?,user_id=? where id=?
2026-04-12T13:58:50.828+07:00 DEBUG 8612 --- [ulos] [nio-8080-exec-3] o.s.web.servlet.DispatcherServlet        : GET "/api/prechecks?type=SLIK&customerCif=DEB-9920-X1&page=0&size=5", parameters={masked}
2026-04-12T13:58:50.828+07:00 DEBUG 8612 --- [ulos] [nio-8080-exec-3] s.w.s.m.m.a.RequestMappingHandlerMapping : Mapped to com.enterprise.ulos.los.controller.PrecheckController#list(String, String, String, int, int)
2026-04-12T13:58:50.828+07:00 DEBUG 8612 --- [ulos] [nio-8080-exec-3] org.hibernate.SQL                        : select ate1_0.id,ate1_0.created_at,ate1_0.expires_at,ate1_0.issued_at,ate1_0.last_accessed_at,ate1_0.revoked_flag,ate1_0.token_value,ate1_0.updated_at,ate1_0.user_id from los_auth_token ate1_0 where ate1_0.token_value=? and not(ate1_0.revoked_flag)
2026-04-12T13:58:50.828+07:00 DEBUG 8612 --- [ulos] [nio-8080-exec-3] org.hibernate.SQL                        : select ue1_0.id,ue1_0.active_flag,ue1_0.created_at,ue1_0.email,ue1_0.full_name,ue1_0.last_login_at,ue1_0.password_hash,r1_0.user_id,r1_1.id,r1_1.active_flag,r1_1.created_at,r1_1.description,r1_1.role_code,r1_1.role_name,r1_1.updated_at,ue1_0.updated_at,ue1_0.username from los_user ue1_0 left join los_user_role r1_0 on ue1_0.id=r1_0.user_id left join los_role r1_1 on r1_1.id=r1_0.role_id where ue1_0.id=?
2026-04-12T13:58:50.828+07:00 DEBUG 8612 --- [ulos] [nio-8080-exec-3] org.hibernate.SQL                        : update los_auth_token set created_at=?,expires_at=?,issued_at=?,last_accessed_at=?,revoked_flag=?,token_value=?,updated_at=?,user_id=? where id=?
2026-04-12T13:58:50.841+07:00 DEBUG 8612 --- [ulos] [nio-8080-exec-6] org.hibernate.SQL                        : select ce1_0.id,ce1_0.cif_number,ce1_0.company_name,ce1_0.company_type,ce1_0.created_at,ce1_0.legal_name,ce1_0.location,ce1_0.profile_json,ce1_0.registration_date,ce1_0.sector,ce1_0.status,ce1_0.tax_id,ce1_0.updated_at from los_customer ce1_0 where ce1_0.cif_number=?
2026-04-12T13:58:50.846+07:00 DEBUG 8612 --- [ulos] [nio-8080-exec-6] m.m.a.RequestResponseBodyMethodProcessor : Using 'application/json', given [*/*] and supported [application/json, application/*+json]
2026-04-12T13:58:50.852+07:00 DEBUG 8612 --- [ulos] [nio-8080-exec-1] o.s.web.servlet.DispatcherServlet        : GET "/api/prechecks?type=COLLATERAL&customerCif=DEB-9920-X1&page=0&size=5", parameters={masked}
2026-04-12T13:58:50.853+07:00 DEBUG 8612 --- [ulos] [nio-8080-exec-1] s.w.s.m.m.a.RequestMappingHandlerMapping : Mapped to com.enterprise.ulos.los.controller.PrecheckController#list(String, String, String, int, int)
2026-04-12T13:58:50.853+07:00 DEBUG 8612 --- [ulos] [nio-8080-exec-6] m.m.a.RequestResponseBodyMethodProcessor : Writing [CustomerDetailResponse[id=1, cifNumber=DEB-9920-X1, companyName=Global Logistics Systems Corp., lega (truncated)...]
2026-04-12T13:58:50.854+07:00 DEBUG 8612 --- [ulos] [nio-8080-exec-6] o.s.web.servlet.DispatcherServlet        : Completed 200 OK
2026-04-12T13:58:50.855+07:00 DEBUG 8612 --- [ulos] [nio-8080-exec-1] org.hibernate.SQL                        : select ate1_0.id,ate1_0.created_at,ate1_0.expires_at,ate1_0.issued_at,ate1_0.last_accessed_at,ate1_0.revoked_flag,ate1_0.token_value,ate1_0.updated_at,ate1_0.user_id from los_auth_token ate1_0 where ate1_0.token_value=? and not(ate1_0.revoked_flag)
2026-04-12T13:58:50.856+07:00 DEBUG 8612 --- [ulos] [nio-8080-exec-1] org.hibernate.SQL                        : select ue1_0.id,ue1_0.active_flag,ue1_0.created_at,ue1_0.email,ue1_0.full_name,ue1_0.last_login_at,ue1_0.password_hash,r1_0.user_id,r1_1.id,r1_1.active_flag,r1_1.created_at,r1_1.description,r1_1.role_code,r1_1.role_name,r1_1.updated_at,ue1_0.updated_at,ue1_0.username from los_user ue1_0 left join los_user_role r1_0 on ue1_0.id=r1_0.user_id left join los_role r1_1 on r1_1.id=r1_0.role_id where ue1_0.id=?
2026-04-12T13:58:50.858+07:00 DEBUG 8612 --- [ulos] [nio-8080-exec-1] org.hibernate.SQL                        : update los_auth_token set created_at=?,expires_at=?,issued_at=?,last_accessed_at=?,revoked_flag=?,token_value=?,updated_at=?,user_id=? where id=?
2026-04-12T13:58:50.869+07:00 DEBUG 8612 --- [ulos] [nio-8080-exec-3] org.hibernate.SQL                        : select pse1_0.id,pse1_0.check_ref,pse1_0.check_type,pse1_0.completed_at,pse1_0.created_at,pse1_0.customer_id,pse1_0.linked_application_id,pse1_0.notes,pse1_0.requested_at,pse1_0.result_json,pse1_0.result_summary,pse1_0.status,pse1_0.updated_at from los_precheck_session pse1_0 join los_customer c1_0 on c1_0.id=pse1_0.customer_id where (? is null or ?='' or upper(pse1_0.check_type)=upper(?)) and (? is null or ?='' or lower(c1_0.cif_number)=lower(?)) and (? is null or ?='' or lower(pse1_0.check_ref) like lower(concat('%',?,'%')) escape '' or lower(c1_0.cif_number) like lower(concat('%',?,'%')) escape '' or lower(c1_0.company_name) like lower(concat('%',?,'%')) escape '' or lower(coalesce(pse1_0.status,'')) like lower(concat('%',?,'%')) escape '' or lower(coalesce(pse1_0.result_summary,'')) like lower(concat('%',?,'%')) escape '') order by pse1_0.updated_at desc limit ?
2026-04-12T13:58:50.871+07:00 DEBUG 8612 --- [ulos] [nio-8080-exec-3] m.m.a.RequestResponseBodyMethodProcessor : Using 'application/json', given [*/*] and supported [application/json, application/*+json]
2026-04-12T13:58:50.871+07:00 DEBUG 8612 --- [ulos] [nio-8080-exec-3] m.m.a.RequestResponseBodyMethodProcessor : Writing [PrecheckPageResponse[items=[], totalElements=0, totalPages=0, page=0, size=5]]
2026-04-12T13:58:50.872+07:00 DEBUG 8612 --- [ulos] [nio-8080-exec-3] o.s.web.servlet.DispatcherServlet        : Completed 200 OK
2026-04-12T13:58:51.027+07:00 DEBUG 8612 --- [ulos] [nio-8080-exec-1] org.hibernate.SQL                        : select pse1_0.id,pse1_0.check_ref,pse1_0.check_type,pse1_0.completed_at,pse1_0.created_at,pse1_0.customer_id,pse1_0.linked_application_id,pse1_0.notes,pse1_0.requested_at,pse1_0.result_json,pse1_0.result_summary,pse1_0.status,pse1_0.updated_at from los_precheck_session pse1_0 join los_customer c1_0 on c1_0.id=pse1_0.customer_id where (? is null or ?='' or upper(pse1_0.check_type)=upper(?)) and (? is null or ?='' or lower(c1_0.cif_number)=lower(?)) and (? is null or ?='' or lower(pse1_0.check_ref) like lower(concat('%',?,'%')) escape '' or lower(c1_0.cif_number) like lower(concat('%',?,'%')) escape '' or lower(c1_0.company_name) like lower(concat('%',?,'%')) escape '' or lower(coalesce(pse1_0.status,'')) like lower(concat('%',?,'%')) escape '' or lower(coalesce(pse1_0.result_summary,'')) like lower(concat('%',?,'%')) escape '') order by pse1_0.updated_at desc limit ?
2026-04-12T13:58:51.028+07:00 DEBUG 8612 --- [ulos] [nio-8080-exec-1] m.m.a.RequestResponseBodyMethodProcessor : Using 'application/json', given [*/*] and supported [application/json, application/*+json]
2026-04-12T13:58:51.028+07:00 DEBUG 8612 --- [ulos] [nio-8080-exec-1] m.m.a.RequestResponseBodyMethodProcessor : Writing [PrecheckPageResponse[items=[], totalElements=0, totalPages=0, page=0, size=5]]
2026-04-12T13:58:51.028+07:00 DEBUG 8612 --- [ulos] [nio-8080-exec-1] o.s.web.servlet.DispatcherServlet        : Completed 200 OK
[INFO] ------------------------------------------------------------------------
[INFO] BUILD FAILURE
[INFO] ------------------------------------------------------------------------
[INFO] Total time:  03:55 h
[INFO] Finished at: 2026-04-12T13:59:26+07:00
[INFO] ------------------------------------------------------------------------
[ERROR] Failed to execute goal org.springframework.boot:spring-boot-maven-plugin:3.3.5:run (default-cli) on project ulos: Process terminated with exit code: 1 -> [Help 1]
[ERROR] 
[ERROR] To see the full stack trace of the errors, re-run Maven with the -e switch.
[ERROR] Re-run Maven using the -X switch to enable full debug logging.
[ERROR] 
[ERROR] For more information about the errors and possible solutions, please read the following articles:
[ERROR] [Help 1] http://cwiki.apache.org/confluence/display/MAVEN/MojoExecutionException
