[INFO] Scanning for projects...
[INFO] 
[INFO] ------------------------< com.enterprise:ulos >-------------------------
[INFO] Building  0.0.1-SNAPSHOT
[INFO]   from pom.xml
[INFO] --------------------------------[ jar ]---------------------------------
[INFO] 
[INFO] >>> spring-boot:3.3.5:run (default-cli) > test-compile @ ulos >>>
[INFO] 
[INFO] --- resources:3.3.1:resources (default-resources) @ ulos ---
[INFO] Copying 1 resource from src\main\resources to target\classes
[INFO] Copying 5 resources from src\main\resources to target\classes
[INFO] 
[INFO] --- compiler:3.13.0:compile (default-compile) @ ulos ---
[INFO] Nothing to compile - all classes are up to date.
[INFO] 
[INFO] --- resources:3.3.1:testResources (default-testResources) @ ulos ---
[INFO] skip non existing resourceDirectory C:\Users\Jursnamo\Documents\Java\ulos\src\test\resources
[INFO] 
[INFO] --- compiler:3.13.0:testCompile (default-testCompile) @ ulos ---
[INFO] No sources to compile
[INFO] 
[INFO] <<< spring-boot:3.3.5:run (default-cli) < test-compile @ ulos <<<
[INFO] 
[INFO] 
[INFO] --- spring-boot:3.3.5:run (default-cli) @ ulos ---
[INFO] Attaching agents: []

  .   ____          _            __ _ _
 /\\ / ___'_ __ _ _(_)_ __  __ _ \ \ \ \
( ( )\___ | '_ | '_| | '_ \/ _` | \ \ \ \
 \\/  ___)| |_)| | | | | || (_| |  ) ) ) )
  '  |____| .__|_| |_|_| |_\__, | / / / /
 =========|_|==============|___/=/_/_/_/

 :: Spring Boot ::                (v3.3.5)

2026-04-10T16:13:06.061+07:00  INFO 16436 --- [ulos] [           main] com.enterprise.ulos.UlosApplication      : Starting UlosApplication using Java 17.0.18 with PID 16436 (C:\Users\Jursnamo\Documents\Java\ulos\target\classes started by Jursnamo in C:\Users\Jursnamo\Documents\Java\ulos)
2026-04-10T16:13:06.078+07:00  INFO 16436 --- [ulos] [           main] com.enterprise.ulos.UlosApplication      : No active profile set, falling back to 1 default profile: "default"
2026-04-10T16:13:06.078+07:00 DEBUG 16436 --- [ulos] [           main] o.s.boot.SpringApplication               : Loading source class com.enterprise.ulos.UlosApplication
2026-04-10T16:13:06.186+07:00 DEBUG 16436 --- [ulos] [           main] ConfigServletWebServerApplicationContext : Refreshing org.springframework.boot.web.servlet.context.AnnotationConfigServletWebServerApplicationContext@a8ef162
2026-04-10T16:13:09.114+07:00  INFO 16436 --- [ulos] [           main] .s.d.r.c.RepositoryConfigurationDelegate : Bootstrapping Spring Data JPA repositories in DEFAULT mode.
2026-04-10T16:13:09.160+07:00 DEBUG 16436 --- [ulos] [           main] o.s.b.a.AutoConfigurationPackages        : @EnableAutoConfiguration was declared on a class in the package 'com.enterprise.ulos'. Automatic @Repository and @Entity scanning is enabled.
2026-04-10T16:13:09.366+07:00  INFO 16436 --- [ulos] [           main] .s.d.r.c.RepositoryConfigurationDelegate : Finished Spring Data repository scanning in 232 ms. Found 7 JPA repository interfaces.
2026-04-10T16:13:12.134+07:00 DEBUG 16436 --- [ulos] [           main] .s.b.w.e.t.TomcatServletWebServerFactory : Code archive: C:\Users\Jursnamo\.m2\repository\org\springframework\boot\spring-boot\3.3.5\spring-boot-3.3.5.jar
2026-04-10T16:13:12.134+07:00 DEBUG 16436 --- [ulos] [           main] .s.b.w.e.t.TomcatServletWebServerFactory : Code archive: C:\Users\Jursnamo\.m2\repository\org\springframework\boot\spring-boot\3.3.5\spring-boot-3.3.5.jar
2026-04-10T16:13:12.134+07:00 DEBUG 16436 --- [ulos] [           main] .s.b.w.e.t.TomcatServletWebServerFactory : None of the document roots [src/main/webapp, public, static] point to a directory and will be ignored.
2026-04-10T16:13:12.181+07:00  INFO 16436 --- [ulos] [           main] o.s.b.w.embedded.tomcat.TomcatWebServer  : Tomcat initialized with port 8081 (http)
2026-04-10T16:13:12.243+07:00  INFO 16436 --- [ulos] [           main] o.apache.catalina.core.StandardService   : Starting service [Tomcat]
2026-04-10T16:13:12.243+07:00  INFO 16436 --- [ulos] [           main] o.apache.catalina.core.StandardEngine    : Starting Servlet engine: [Apache Tomcat/10.1.31]
2026-04-10T16:13:12.422+07:00  INFO 16436 --- [ulos] [           main] o.a.c.c.C.[Tomcat].[localhost].[/]       : Initializing Spring embedded WebApplicationContext
2026-04-10T16:13:12.422+07:00 DEBUG 16436 --- [ulos] [           main] w.s.c.ServletWebServerApplicationContext : Published root WebApplicationContext as ServletContext attribute with name [org.springframework.web.context.WebApplicationContext.ROOT]
2026-04-10T16:13:12.422+07:00  INFO 16436 --- [ulos] [           main] w.s.c.ServletWebServerApplicationContext : Root WebApplicationContext: initialization completed in 6236 ms
2026-04-10T16:13:13.149+07:00  INFO 16436 --- [ulos] [           main] com.zaxxer.hikari.HikariDataSource       : HikariPool-1 - Starting...
2026-04-10T16:13:13.680+07:00  INFO 16436 --- [ulos] [           main] com.zaxxer.hikari.pool.HikariPool        : HikariPool-1 - Added connection com.mysql.cj.jdbc.ConnectionImpl@1b7554d4
2026-04-10T16:13:13.680+07:00  INFO 16436 --- [ulos] [           main] com.zaxxer.hikari.HikariDataSource       : HikariPool-1 - Start completed.
2026-04-10T16:13:13.808+07:00  INFO 16436 --- [ulos] [           main] org.flywaydb.core.FlywayExecutor         : Database: jdbc:mysql://localhost:3306/ulos_enterprise (MySQL 8.0)
2026-04-10T16:13:13.943+07:00  INFO 16436 --- [ulos] [           main] o.f.core.internal.command.DbValidate     : Successfully validated 3 migrations (execution time 00:00.070s)
2026-04-10T16:13:13.982+07:00  INFO 16436 --- [ulos] [           main] o.f.core.internal.command.DbMigrate      : Current version of schema `ulos_enterprise`: 3
2026-04-10T16:13:13.998+07:00  INFO 16436 --- [ulos] [           main] o.f.core.internal.command.DbMigrate      : Schema `ulos_enterprise` is up to date. No migration necessary.
2026-04-10T16:13:14.196+07:00  INFO 16436 --- [ulos] [           main] o.hibernate.jpa.internal.util.LogHelper  : HHH000204: Processing PersistenceUnitInfo [name: default]
2026-04-10T16:13:14.387+07:00  INFO 16436 --- [ulos] [           main] org.hibernate.Version                    : HHH000412: Hibernate ORM core version 6.5.3.Final
2026-04-10T16:13:14.513+07:00  INFO 16436 --- [ulos] [           main] o.h.c.internal.RegionFactoryInitiator    : HHH000026: Second-level cache disabled
2026-04-10T16:13:15.307+07:00  INFO 16436 --- [ulos] [           main] o.s.o.j.p.SpringPersistenceUnitInfo      : No LoadTimeWeaver setup: ignoring JPA class transformer
2026-04-10T16:13:15.492+07:00  WARN 16436 --- [ulos] [           main] org.hibernate.orm.deprecation            : HHH90000025: MySQLDialect does not need to be specified explicitly using 'hibernate.dialect' (remove the property setting and it will be selected by default)
2026-04-10T16:13:19.774+07:00  INFO 16436 --- [ulos] [           main] o.h.e.t.j.p.i.JtaPlatformInitiator       : HHH000489: No JTA platform available (set 'hibernate.transaction.jta.platform' to enable JTA platform integration)
2026-04-10T16:13:19.978+07:00  INFO 16436 --- [ulos] [           main] j.LocalContainerEntityManagerFactoryBean : Initialized JPA EntityManagerFactory for persistence unit 'default'
2026-04-10T16:13:21.147+07:00 DEBUG 16436 --- [ulos] [           main] o.s.b.w.s.ServletContextInitializerBeans : Mapping filters: springSecurityFilterChain urls=[/*] order=-100, characterEncodingFilter urls=[/*] order=-2147483648, formContentFilter urls=[/*] order=-9900, requestContextFilter urls=[/*] order=-105, jwtAuthenticationFilter urls=[/*] order=2147483647
2026-04-10T16:13:21.163+07:00 DEBUG 16436 --- [ulos] [           main] o.s.b.w.s.ServletContextInitializerBeans : Mapping servlets: dispatcherServlet urls=[/]
2026-04-10T16:13:21.226+07:00 DEBUG 16436 --- [ulos] [           main] o.s.b.w.s.f.OrderedRequestContextFilter  : Filter 'requestContextFilter' configured for use
2026-04-10T16:13:21.241+07:00 DEBUG 16436 --- [ulos] [           main] s.b.w.s.f.OrderedCharacterEncodingFilter : Filter 'characterEncodingFilter' configured for use
2026-04-10T16:13:21.241+07:00 DEBUG 16436 --- [ulos] [           main] .DelegatingFilterProxyRegistrationBean$1 : Filter 'springSecurityFilterChain' configured for use
2026-04-10T16:13:21.241+07:00 DEBUG 16436 --- [ulos] [           main] o.s.b.w.s.f.OrderedFormContentFilter     : Filter 'formContentFilter' configured for use
2026-04-10T16:13:21.479+07:00  INFO 16436 --- [ulos] [           main] o.f.s.b.e.EventRegistryAutoConfiguration : No deployment resources were found for autodeployment
2026-04-10T16:13:22.526+07:00  INFO 16436 --- [ulos] [           main] o.f.s.SpringProcessEngineConfiguration   : Found 2 Engine Configurators in total:
2026-04-10T16:13:22.527+07:00  INFO 16436 --- [ulos] [           main] o.f.s.SpringProcessEngineConfiguration   : class org.flowable.eventregistry.spring.configurator.SpringEventRegistryConfigurator (priority:100000)
2026-04-10T16:13:22.528+07:00  INFO 16436 --- [ulos] [           main] o.f.s.SpringProcessEngineConfiguration   : class org.flowable.idm.engine.configurator.IdmEngineConfigurator (priority:150000)
2026-04-10T16:13:22.528+07:00  INFO 16436 --- [ulos] [           main] o.f.s.SpringProcessEngineConfiguration   : Executing beforeInit() of class org.flowable.eventregistry.spring.configurator.SpringEventRegistryConfigurator (priority:100000)
2026-04-10T16:13:22.673+07:00  INFO 16436 --- [ulos] [           main] o.f.s.SpringProcessEngineConfiguration   : Executing beforeInit() of class org.flowable.idm.engine.configurator.IdmEngineConfigurator (priority:150000)
2026-04-10T16:13:25.649+07:00  INFO 16436 --- [ulos] [           main] o.f.s.SpringProcessEngineConfiguration   : Executing configure() of class org.flowable.eventregistry.spring.configurator.SpringEventRegistryConfigurator (priority:100000)
2026-04-10T16:13:25.822+07:00  INFO 16436 --- [ulos] [           main] o.f.c.e.impl.db.CommonDbSchemaManager    : performing create on common with resource org/flowable/common/db/create/flowable.mysql.create.common.sql
2026-04-10T16:13:25.822+07:00  INFO 16436 --- [ulos] [           main] o.f.c.e.impl.db.CommonDbSchemaManager    : Found MySQL: majorVersion=8 minorVersion=0
2026-04-10T16:13:27.115+07:00  INFO 16436 --- [ulos] [           main] liquibase.changelog                      : Creating database history table with name: ulos_enterprise.flw_ev_databasechangelog
2026-04-10T16:13:27.481+07:00  INFO 16436 --- [ulos] [           main] liquibase.changelog                      : Reading from ulos_enterprise.flw_ev_databasechangelog
2026-04-10T16:13:27.784+07:00  INFO 16436 --- [ulos] [           main] liquibase.lockservice                    : Successfully acquired change log lock
2026-04-10T16:13:27.784+07:00  INFO 16436 --- [ulos] [           main] liquibase.command                        : Using deploymentId: 5812407784
2026-04-10T16:13:27.800+07:00  INFO 16436 --- [ulos] [           main] liquibase.changelog                      : Reading from ulos_enterprise.flw_ev_databasechangelog
Running Changeset: org/flowable/eventregistry/db/liquibase/flowable-eventregistry-db-changelog.xml::1::flowable
2026-04-10T16:13:28.087+07:00  INFO 16436 --- [ulos] [           main] liquibase.changelog                      : Table FLW_EVENT_DEPLOYMENT created
2026-04-10T16:13:28.148+07:00  INFO 16436 --- [ulos] [           main] liquibase.changelog                      : Table FLW_EVENT_RESOURCE created
2026-04-10T16:13:28.229+07:00  INFO 16436 --- [ulos] [           main] liquibase.changelog                      : Table FLW_EVENT_DEFINITION created
2026-04-10T16:13:28.307+07:00  INFO 16436 --- [ulos] [           main] liquibase.changelog                      : Index ACT_IDX_EVENT_DEF_UNIQ created
2026-04-10T16:13:28.385+07:00  INFO 16436 --- [ulos] [           main] liquibase.changelog                      : Table FLW_CHANNEL_DEFINITION created
2026-04-10T16:13:28.519+07:00  INFO 16436 --- [ulos] [           main] liquibase.changelog                      : Index ACT_IDX_CHANNEL_DEF_UNIQ created
2026-04-10T16:13:28.519+07:00  INFO 16436 --- [ulos] [           main] liquibase.changelog                      : ChangeSet org/flowable/eventregistry/db/liquibase/flowable-eventregistry-db-changelog.xml::1::flowable ran successfully in 586ms
Running Changeset: org/flowable/eventregistry/db/liquibase/flowable-eventregistry-db-changelog.xml::2::flowable
2026-04-10T16:13:28.790+07:00  INFO 16436 --- [ulos] [           main] liquibase.changelog                      : Columns TYPE_(varchar(255)) added to FLW_CHANNEL_DEFINITION
2026-04-10T16:13:28.925+07:00  INFO 16436 --- [ulos] [           main] liquibase.changelog                      : Columns IMPLEMENTATION_(varchar(255)) added to FLW_CHANNEL_DEFINITION
2026-04-10T16:13:28.927+07:00  INFO 16436 --- [ulos] [           main] liquibase.changelog                      : ChangeSet org/flowable/eventregistry/db/liquibase/flowable-eventregistry-db-changelog.xml::2::flowable ran successfully in 355ms
Running Changeset: org/flowable/eventregistry/db/liquibase/flowable-eventregistry-db-changelog.xml::3::flowable
2026-04-10T16:13:29.039+07:00  INFO 16436 --- [ulos] [           main] liquibase.changelog                      : Set Channel Definition type and implementation columns
2026-04-10T16:13:29.040+07:00  INFO 16436 --- [ulos] [           main] liquibase.changelog                      : ChangeSet org/flowable/eventregistry/db/liquibase/flowable-eventregistry-db-changelog.xml::3::flowable ran successfully in 97ms

UPDATE SUMMARY
Run:                          3
Previously run:               0
Filtered out:                 0
-------------------------------
Total change sets:            3

2026-04-10T16:13:29.065+07:00  INFO 16436 --- [ulos] [           main] liquibase.util                           : UPDATE SUMMARY
2026-04-10T16:13:29.066+07:00  INFO 16436 --- [ulos] [           main] liquibase.util                           : Run:                          3
2026-04-10T16:13:29.066+07:00  INFO 16436 --- [ulos] [           main] liquibase.util                           : Previously run:               0
2026-04-10T16:13:29.067+07:00  INFO 16436 --- [ulos] [           main] liquibase.util                           : Filtered out:                 0
2026-04-10T16:13:29.068+07:00  INFO 16436 --- [ulos] [           main] liquibase.util                           : -------------------------------
2026-04-10T16:13:29.068+07:00  INFO 16436 --- [ulos] [           main] liquibase.util                           : Total change sets:            3
2026-04-10T16:13:29.071+07:00  INFO 16436 --- [ulos] [           main] liquibase.util                           : Update summary generated
2026-04-10T16:13:29.077+07:00  INFO 16436 --- [ulos] [           main] liquibase.command                        : Update command completed successfully.
Liquibase: Update has been successful. Rows affected: 3
2026-04-10T16:13:29.090+07:00  INFO 16436 --- [ulos] [           main] liquibase.lockservice                    : Successfully released change log lock
2026-04-10T16:13:29.092+07:00  INFO 16436 --- [ulos] [           main] liquibase.command                        : Command execution complete
2026-04-10T16:13:29.112+07:00  INFO 16436 --- [ulos] [           main] o.f.e.impl.EventRegistryEngineImpl       : EventRegistryEngine default created
2026-04-10T16:13:29.115+07:00  INFO 16436 --- [ulos] [           main] o.f.s.SpringProcessEngineConfiguration   : Executing configure() of class org.flowable.idm.engine.configurator.IdmEngineConfigurator (priority:150000)
2026-04-10T16:13:29.175+07:00  INFO 16436 --- [ulos] [           main] o.f.i.engine.impl.db.IdmDbSchemaManager  : performing create on identity with resource org/flowable/idm/db/create/flowable.mysql.create.identity.sql
2026-04-10T16:13:29.176+07:00  INFO 16436 --- [ulos] [           main] o.f.i.engine.impl.db.IdmDbSchemaManager  : Found MySQL: majorVersion=8 minorVersion=0
2026-04-10T16:13:30.276+07:00  INFO 16436 --- [ulos] [           main] o.f.idm.engine.impl.IdmEngineImpl        : IdmEngine default created
2026-04-10T16:13:30.320+07:00  INFO 16436 --- [ulos] [           main] o.f.i.s.i.d.IdentityLinkDbSchemaManager  : performing create on identitylink with resource org/flowable/identitylink/service/db/create/flowable.mysql.create.identitylink.sql
2026-04-10T16:13:30.321+07:00  INFO 16436 --- [ulos] [           main] o.f.i.s.i.d.IdentityLinkDbSchemaManager  : Found MySQL: majorVersion=8 minorVersion=0
2026-04-10T16:13:30.570+07:00  INFO 16436 --- [ulos] [           main] o.f.i.s.i.d.IdentityLinkDbSchemaManager  : performing create on identitylink.history with resource org/flowable/identitylink/service/db/create/flowable.mysql.create.identitylink.history.sql
2026-04-10T16:13:30.570+07:00  INFO 16436 --- [ulos] [           main] o.f.i.s.i.d.IdentityLinkDbSchemaManager  : Found MySQL: majorVersion=8 minorVersion=0
2026-04-10T16:13:30.805+07:00  INFO 16436 --- [ulos] [           main] o.f.e.s.i.db.EntityLinkDbSchemaManager   : performing create on entitylink with resource org/flowable/entitylink/service/db/create/flowable.mysql.create.entitylink.sql
2026-04-10T16:13:30.805+07:00  INFO 16436 --- [ulos] [           main] o.f.e.s.i.db.EntityLinkDbSchemaManager   : Found MySQL: majorVersion=8 minorVersion=0
2026-04-10T16:13:31.088+07:00  INFO 16436 --- [ulos] [           main] o.f.e.s.i.db.EntityLinkDbSchemaManager   : performing create on entitylink.history with resource org/flowable/entitylink/service/db/create/flowable.mysql.create.entitylink.history.sql
2026-04-10T16:13:31.088+07:00  INFO 16436 --- [ulos] [           main] o.f.e.s.i.db.EntityLinkDbSchemaManager   : Found MySQL: majorVersion=8 minorVersion=0
2026-04-10T16:13:31.339+07:00  INFO 16436 --- [ulos] [           main] e.s.i.d.EventSubscriptionDbSchemaManager : performing create on eventsubscription with resource org/flowable/eventsubscription/service/db/create/flowable.mysql.create.eventsubscription.sql
2026-04-10T16:13:31.339+07:00  INFO 16436 --- [ulos] [           main] e.s.i.d.EventSubscriptionDbSchemaManager : Found MySQL: majorVersion=8 minorVersion=0
2026-04-10T16:13:31.512+07:00  INFO 16436 --- [ulos] [           main] o.f.t.s.impl.db.TaskDbSchemaManager      : performing create on task with resource org/flowable/task/service/db/create/flowable.mysql.create.task.sql
2026-04-10T16:13:31.512+07:00  INFO 16436 --- [ulos] [           main] o.f.t.s.impl.db.TaskDbSchemaManager      : Found MySQL: majorVersion=8 minorVersion=0
2026-04-10T16:13:31.868+07:00  INFO 16436 --- [ulos] [           main] o.f.t.s.impl.db.TaskDbSchemaManager      : performing create on task.history with resource org/flowable/task/service/db/create/flowable.mysql.create.task.history.sql
2026-04-10T16:13:31.868+07:00  INFO 16436 --- [ulos] [           main] o.f.t.s.impl.db.TaskDbSchemaManager      : Found MySQL: majorVersion=8 minorVersion=0
2026-04-10T16:13:32.129+07:00  INFO 16436 --- [ulos] [           main] o.f.v.s.impl.db.VariableDbSchemaManager  : performing create on variable with resource org/flowable/variable/service/db/create/flowable.mysql.create.variable.sql
2026-04-10T16:13:32.129+07:00  INFO 16436 --- [ulos] [           main] o.f.v.s.impl.db.VariableDbSchemaManager  : Found MySQL: majorVersion=8 minorVersion=0
2026-04-10T16:13:32.533+07:00  INFO 16436 --- [ulos] [           main] o.f.v.s.impl.db.VariableDbSchemaManager  : performing create on variable.history with resource org/flowable/variable/service/db/create/flowable.mysql.create.variable.history.sql
2026-04-10T16:13:32.533+07:00  INFO 16436 --- [ulos] [           main] o.f.v.s.impl.db.VariableDbSchemaManager  : Found MySQL: majorVersion=8 minorVersion=0
2026-04-10T16:13:32.747+07:00  INFO 16436 --- [ulos] [           main] o.f.j.s.impl.db.JobDbSchemaManager       : performing create on job with resource org/flowable/job/service/db/create/flowable.mysql.create.job.sql
2026-04-10T16:13:32.747+07:00  INFO 16436 --- [ulos] [           main] o.f.j.s.impl.db.JobDbSchemaManager       : Found MySQL: majorVersion=8 minorVersion=0
2026-04-10T16:13:37.455+07:00  INFO 16436 --- [ulos] [           main] o.f.b.s.impl.db.BatchDbSchemaManager     : performing create on batch with resource org/flowable/batch/service/db/create/flowable.mysql.create.batch.sql
2026-04-10T16:13:37.458+07:00  INFO 16436 --- [ulos] [           main] o.f.b.s.impl.db.BatchDbSchemaManager     : Found MySQL: majorVersion=8 minorVersion=0
2026-04-10T16:13:37.814+07:00  INFO 16436 --- [ulos] [           main] o.f.e.impl.db.ProcessDbSchemaManager     : performing create on engine with resource org/flowable/db/create/flowable.mysql.create.engine.sql
2026-04-10T16:13:37.815+07:00  INFO 16436 --- [ulos] [           main] o.f.e.impl.db.ProcessDbSchemaManager     : Found MySQL: majorVersion=8 minorVersion=0
2026-04-10T16:13:49.499+07:00  INFO 16436 --- [ulos] [           main] o.f.e.impl.db.ProcessDbSchemaManager     : performing create on history with resource org/flowable/db/create/flowable.mysql.create.history.sql
2026-04-10T16:13:49.639+07:00  INFO 16436 --- [ulos] [           main] o.f.e.impl.db.ProcessDbSchemaManager     : Found MySQL: majorVersion=8 minorVersion=0
2026-04-10T16:13:52.058+07:00  INFO 16436 --- [ulos] [           main] o.f.engine.impl.ProcessEngineImpl        : ProcessEngine default created
2026-04-10T16:13:52.087+07:00  INFO 16436 --- [ulos] [           main] o.f.e.impl.cmd.ValidateV5EntitiesCmd     : Total of v5 deployments found: 0
2026-04-10T16:13:53.861+07:00  INFO 16436 --- [ulos] [           main] eAuthenticationProviderManagerConfigurer : Global AuthenticationManager configured with AuthenticationProvider bean with name authenticationProvider
2026-04-10T16:13:53.866+07:00  WARN 16436 --- [ulos] [           main] r$InitializeUserDetailsManagerConfigurer : Global AuthenticationManager configured with an AuthenticationProvider bean. UserDetailsService beans will not be used for username/password login. Consider removing the AuthenticationProvider bean. Alternatively, consider using the UserDetailsService in a manually instantiated DaoAuthenticationProvider.
2026-04-10T16:13:54.646+07:00 DEBUG 16436 --- [ulos] [           main] s.w.s.m.m.a.RequestMappingHandlerMapping : 29 mappings in 'requestMappingHandlerMapping'
2026-04-10T16:13:54.997+07:00 DEBUG 16436 --- [ulos] [           main] o.s.w.s.handler.SimpleUrlHandlerMapping  : Patterns [/webjars/**, /**] in 'resourceHandlerMapping'
2026-04-10T16:13:55.497+07:00 DEBUG 16436 --- [ulos] [           main] s.w.s.m.m.a.RequestMappingHandlerAdapter : ControllerAdvice beans: 0 @ModelAttribute, 0 @InitBinder, 1 RequestBodyAdvice, 1 ResponseBodyAdvice
2026-04-10T16:13:55.626+07:00 DEBUG 16436 --- [ulos] [           main] .m.m.a.ExceptionHandlerExceptionResolver : ControllerAdvice beans: 0 @ExceptionHandler, 1 ResponseBodyAdvice
2026-04-10T16:13:56.210+07:00  INFO 16436 --- [ulos] [           main] o.f.j.s.i.a.AbstractAsyncExecutor        : Starting up the async job executor [org.flowable.spring.job.service.SpringAsyncExecutor] for engine bpmn
2026-04-10T16:13:56.241+07:00  INFO 16436 --- [ulos] [           main] o.f.s.c.DefaultAutoDeploymentStrategy    : Deploying resources [file [C:\Users\Jursnamo\Documents\Java\ulos\target\classes\processes\corporate-credit-approval.bpmn20.xml], file [C:\Users\Jursnamo\Documents\Java\ulos\target\classes\processes\loan-approval.bpmn20.xml]] for engine org.flowable.engine.impl.ProcessEngineImpl@59ba219d deployment name hint SpringBootAutoDeployment
2026-04-10T16:13:56.252+07:00  INFO 16436 --- [ulos] [       Thread-3] o.f.j.s.i.a.ResetExpiredJobsRunnable     : starting to reset expired jobs for engine bpmn
2026-04-10T16:13:56.258+07:00  INFO 16436 --- [ulos] [       Thread-2] o.f.j.s.i.a.AcquireTimerJobsRunnable     : starting to acquire async jobs due for engine bpmn
2026-04-10T16:13:56.272+07:00  INFO 16436 --- [ulos] [       Thread-1] o.f.j.s.i.a.AcquireAsyncJobsDueRunnable  : starting to acquire async jobs due for engine bpmn
2026-04-10T16:13:56.778+07:00  WARN 16436 --- [ulos] [           main] o.f.engine.impl.bpmn.parser.BpmnParse    : Following warnings encountered during process validation: [Validation set: 'flowable-executable-process' | Problem: 'flowable-exclusive-gateway-seq-flow-without-conditions'] : Exclusive gateway has at least one outgoing sequence flow without a condition (which isn't the default one) - [Extra info : processDefinitionId = corporateCreditApproval | processDefinitionName = Corporate Credit Approval |  | id = hardStopGateway |  | activityName = Hard Stop? | ] ( line: 10, column: 67)
[Validation set: 'flowable-executable-process' | Problem: 'flowable-exclusive-gateway-seq-flow-without-conditions'] : Exclusive gateway has at least one outgoing sequence flow without a condition (which isn't the default one) - [Extra info : processDefinitionId = corporateCreditApproval | processDefinitionName = Corporate Credit Approval |  | id = analystDecisionGateway |  | activityName = Analyst Decision | ] ( line: 14, column: 80)
[Validation set: 'flowable-executable-process' | Problem: 'flowable-exclusive-gateway-seq-flow-without-conditions'] : Exclusive gateway has at least one outgoing sequence flow without a condition (which isn't the default one) - [Extra info : processDefinitionId = corporateCreditApproval | processDefinitionName = Corporate Credit Approval |  | id = branchDecisionGateway |  | activityName = Branch Decision | ] ( line: 17, column: 78)
[Validation set: 'flowable-executable-process' | Problem: 'flowable-exclusive-gateway-seq-flow-without-conditions'] : Exclusive gateway has at least one outgoing sequence flow without a condition (which isn't the default one) - [Extra info : processDefinitionId = corporateCreditApproval | processDefinitionName = Corporate Credit Approval |  | id = regionalDecisionGateway |  | activityName = Regional Decision | ] ( line: 20, column: 82)
[Validation set: 'flowable-executable-process' | Problem: 'flowable-exclusive-gateway-seq-flow-without-conditions'] : Exclusive gateway has at least one outgoing sequence flow without a condition (which isn't the default one) - [Extra info : processDefinitionId = corporateCreditApproval | processDefinitionName = Corporate Credit Approval |  | id = committeeDecisionGateway |  | activityName = Committee Decision | ] ( line: 23, column: 84)
[Validation set: 'flowable-executable-process' | Problem: 'flowable-exclusive-gateway-seq-flow-without-conditions'] : Exclusive gateway has at least one outgoing sequence flow without a condition (which isn't the default one) - [Extra info : processDefinitionId = corporateCreditApproval | processDefinitionName = Corporate Credit Approval |  | id = boardDecisionGateway |  | activityName = Board Decision | ] ( line: 26, column: 76)

2026-04-10T16:13:57.884+07:00  INFO 16436 --- [ulos] [           main] o.s.b.w.embedded.tomcat.TomcatWebServer  : Tomcat started on port 8081 (http) with context path '/'
2026-04-10T16:13:57.919+07:00 DEBUG 16436 --- [ulos] [           main] .s.b.a.l.ConditionEvaluationReportLogger : 


============================
CONDITIONS EVALUATION REPORT
============================


Positive matches:
-----------------

   AopAutoConfiguration matched:
      - @ConditionalOnProperty (spring.aop.auto=true) matched (OnPropertyCondition)

   AopAutoConfiguration.AspectJAutoProxyingConfiguration matched:
      - @ConditionalOnClass found required class 'org.aspectj.weaver.Advice' (OnClassCondition)

   AopAutoConfiguration.AspectJAutoProxyingConfiguration.CglibAutoProxyConfiguration matched:
      - @ConditionalOnProperty (spring.aop.proxy-target-class=true) matched (OnPropertyCondition)

   ApplicationAvailabilityAutoConfiguration#applicationAvailability matched:
      - @ConditionalOnMissingBean (types: org.springframework.boot.availability.ApplicationAvailability; SearchStrategy: all) did not find any beans (OnBeanCondition)

   DataSourceAutoConfiguration matched:
      - @ConditionalOnClass found required classes 'javax.sql.DataSource', 'org.springframework.jdbc.datasource.embedded.EmbeddedDatabaseType' (OnClassCondition)
      - @ConditionalOnMissingBean (types: io.r2dbc.spi.ConnectionFactory; SearchStrategy: all) did not find any beans (OnBeanCondition)

   DataSourceAutoConfiguration.PooledDataSourceConfiguration matched:
      - AnyNestedCondition 1 matched 1 did not; NestedCondition on DataSourceAutoConfiguration.PooledDataSourceCondition.PooledDataSourceAvailable PooledDataSource found supported DataSource; NestedCondition on DataSourceAutoConfiguration.PooledDataSourceCondition.ExplicitType @ConditionalOnProperty (spring.datasource.type) did not find property 'type' (DataSourceAutoConfiguration.PooledDataSourceCondition)
      - @ConditionalOnMissingBean (types: javax.sql.DataSource,javax.sql.XADataSource; SearchStrategy: all) did not find any beans (OnBeanCondition)

   DataSourceAutoConfiguration.PooledDataSourceConfiguration#jdbcConnectionDetails matched:
      - @ConditionalOnMissingBean (types: org.springframework.boot.autoconfigure.jdbc.JdbcConnectionDetails; SearchStrategy: all) did not find any beans (OnBeanCondition)

   DataSourceConfiguration.Hikari matched:
      - @ConditionalOnClass found required class 'com.zaxxer.hikari.HikariDataSource' (OnClassCondition)
      - @ConditionalOnProperty (spring.datasource.type=com.zaxxer.hikari.HikariDataSource) matched (OnPropertyCondition)
      - @ConditionalOnMissingBean (types: javax.sql.DataSource; SearchStrategy: all) did not find any beans (OnBeanCondition)

   DataSourceInitializationConfiguration matched:
      - @ConditionalOnClass found required class 'org.springframework.jdbc.datasource.init.DatabasePopulator' (OnClassCondition)
      - @ConditionalOnSingleCandidate (types: javax.sql.DataSource; SearchStrategy: all) found a single bean 'dataSource'; @ConditionalOnMissingBean (types: org.springframework.boot.autoconfigure.sql.init.SqlDataSourceScriptDatabaseInitializer,org.springframework.boot.autoconfigure.sql.init.SqlR2dbcScriptDatabaseInitializer; SearchStrategy: all) did not find any beans (OnBeanCondition)

   DataSourceJmxConfiguration matched:
      - @ConditionalOnProperty (spring.jmx.enabled=true) matched (OnPropertyCondition)

   DataSourceJmxConfiguration.Hikari matched:
      - @ConditionalOnClass found required class 'com.zaxxer.hikari.HikariDataSource' (OnClassCondition)
      - @ConditionalOnSingleCandidate (types: javax.sql.DataSource; SearchStrategy: all) found a single bean 'dataSource' (OnBeanCondition)

   DataSourcePoolMetadataProvidersConfiguration.HikariPoolDataSourceMetadataProviderConfiguration matched:
      - @ConditionalOnClass found required class 'com.zaxxer.hikari.HikariDataSource' (OnClassCondition)

   DataSourceTransactionManagerAutoConfiguration matched:
      - @ConditionalOnClass found required classes 'javax.sql.DataSource', 'org.springframework.jdbc.core.JdbcTemplate', 'org.springframework.transaction.TransactionManager' (OnClassCondition)

   DataSourceTransactionManagerAutoConfiguration.JdbcTransactionManagerConfiguration matched:
      - @ConditionalOnSingleCandidate (types: javax.sql.DataSource; SearchStrategy: all) found a single bean 'dataSource' (OnBeanCondition)

   DispatcherServletAutoConfiguration matched:
      - @ConditionalOnClass found required class 'org.springframework.web.servlet.DispatcherServlet' (OnClassCondition)
      - found 'session' scope (OnWebApplicationCondition)

   DispatcherServletAutoConfiguration.DispatcherServletConfiguration matched:
      - @ConditionalOnClass found required class 'jakarta.servlet.ServletRegistration' (OnClassCondition)
      - Default DispatcherServlet did not find dispatcher servlet beans (DispatcherServletAutoConfiguration.DefaultDispatcherServletCondition)

   DispatcherServletAutoConfiguration.DispatcherServletRegistrationConfiguration matched:
      - @ConditionalOnClass found required class 'jakarta.servlet.ServletRegistration' (OnClassCondition)
      - DispatcherServlet Registration did not find servlet registration bean (DispatcherServletAutoConfiguration.DispatcherServletRegistrationCondition)

   DispatcherServletAutoConfiguration.DispatcherServletRegistrationConfiguration#dispatcherServletRegistration matched:
      - @ConditionalOnBean (names: dispatcherServlet types: org.springframework.web.servlet.DispatcherServlet; SearchStrategy: all) found bean 'dispatcherServlet' (OnBeanCondition)

   EmbeddedWebServerFactoryCustomizerAutoConfiguration matched:
      - @ConditionalOnWebApplication (required) found 'session' scope (OnWebApplicationCondition)
      - @ConditionalOnWarDeployment the application is not deployed as a WAR file. (OnWarDeploymentCondition)

   EmbeddedWebServerFactoryCustomizerAutoConfiguration.TomcatWebServerFactoryCustomizerConfiguration matched:
      - @ConditionalOnClass found required classes 'org.apache.catalina.startup.Tomcat', 'org.apache.coyote.UpgradeProtocol' (OnClassCondition)

   ErrorMvcAutoConfiguration matched:
      - @ConditionalOnClass found required classes 'jakarta.servlet.Servlet', 'org.springframework.web.servlet.DispatcherServlet' (OnClassCondition)
      - found 'session' scope (OnWebApplicationCondition)

   ErrorMvcAutoConfiguration#basicErrorController matched:
      - @ConditionalOnMissingBean (types: org.springframework.boot.web.servlet.error.ErrorController; SearchStrategy: current) did not find any beans (OnBeanCondition)

   ErrorMvcAutoConfiguration#errorAttributes matched:
      - @ConditionalOnMissingBean (types: org.springframework.boot.web.servlet.error.ErrorAttributes; SearchStrategy: current) did not find any beans (OnBeanCondition)

   ErrorMvcAutoConfiguration.DefaultErrorViewResolverConfiguration#conventionErrorViewResolver matched:
      - @ConditionalOnBean (types: org.springframework.web.servlet.DispatcherServlet; SearchStrategy: all) found bean 'dispatcherServlet'; @ConditionalOnMissingBean (types: org.springframework.boot.autoconfigure.web.servlet.error.ErrorViewResolver; SearchStrategy: all) did not find any beans (OnBeanCondition)

   ErrorMvcAutoConfiguration.WhitelabelErrorViewConfiguration matched:
      - @ConditionalOnProperty (server.error.whitelabel.enabled) matched (OnPropertyCondition)
      - ErrorTemplate Missing did not find error template view (ErrorMvcAutoConfiguration.ErrorTemplateMissingCondition)

   ErrorMvcAutoConfiguration.WhitelabelErrorViewConfiguration#beanNameViewResolver matched:
      - @ConditionalOnMissingBean (types: org.springframework.web.servlet.view.BeanNameViewResolver; SearchStrategy: all) did not find any beans (OnBeanCondition)

   ErrorMvcAutoConfiguration.WhitelabelErrorViewConfiguration#defaultErrorView matched:
      - @ConditionalOnMissingBean (names: error; SearchStrategy: all) did not find any beans (OnBeanCondition)

   EventRegistryAutoConfiguration matched:
      - @ConditionalOnClass found required classes 'org.flowable.eventregistry.impl.EventRegistryEngine', 'org.flowable.eventregistry.spring.SpringEventRegistryEngineConfiguration' (OnClassCondition)
      - @ConditionalOnProperty (flowable.eventregistry.enabled=true) matched (OnPropertyCondition)

   EventRegistryAutoConfiguration#eventEngineConfiguration matched:
      - @ConditionalOnMissingBean (types: org.flowable.eventregistry.spring.SpringEventRegistryEngineConfiguration; SearchStrategy: all) did not find any beans (OnBeanCondition)

   EventRegistryAutoConfiguration.EventRegistryProcessConfiguration matched:
      - @ConditionalOnBean (types: org.flowable.spring.SpringProcessEngineConfiguration; SearchStrategy: all) found bean 'springProcessEngineConfiguration'; @ConditionalOnMissingBean (types: org.flowable.app.spring.SpringAppEngineConfiguration; SearchStrategy: all) did not find any beans (OnBeanCondition)

   EventRegistryAutoConfiguration.EventRegistryProcessConfiguration#eventEngineConfigurator matched:
      - @ConditionalOnMissingBean (types: org.flowable.eventregistry.impl.configurator.EventRegistryEngineConfigurator; SearchStrategy: all) did not find any beans (OnBeanCondition)

   EventRegistryAutoConfiguration.EventRegistryProcessConfiguration#eventProcessEngineConfigurationConfigurer matched:
      - @ConditionalOnMissingBean (names: eventProcessEngineConfigurationConfigurer; SearchStrategy: all) did not find any beans (OnBeanCondition)

   EventRegistryServicesAutoConfiguration matched:
      - @ConditionalOnClass found required classes 'org.flowable.eventregistry.impl.EventRegistryEngine', 'org.flowable.eventregistry.spring.SpringEventRegistryEngineConfiguration' (OnClassCondition)
      - @ConditionalOnProperty (flowable.eventregistry.enabled=true) matched (OnPropertyCondition)

   EventRegistryServicesAutoConfiguration.AlreadyInitializedEventRegistryConfiguration matched:
      - @ConditionalOnBean (types: org.flowable.engine.ProcessEngine; SearchStrategy: all) found bean 'processEngine'; @ConditionalOnMissingBean (types: org.flowable.eventregistry.impl.EventRegistryEngine,org.flowable.app.engine.AppEngine; SearchStrategy: all) did not find any beans (OnBeanCondition)

   FlowableJobConfiguration#flowableAsyncTaskInvokerTaskExecutor matched:
      - @ConditionalOnMissingBean (names: flowableAsyncTaskInvokerTaskExecutor; SearchStrategy: all) did not find any beans (OnBeanCondition)

   FlowableJpaAutoConfiguration matched:
      - @ConditionalOnClass found required class 'org.flowable.spring.SpringProcessEngineConfiguration' (OnClassCondition)
      - @ConditionalOnBean (types: jakarta.persistence.EntityManagerFactory; SearchStrategy: all) found bean 'entityManagerFactory' (OnBeanCondition)

   FlowableJpaAutoConfiguration#jpaProcessEngineConfigurer matched:
      - @ConditionalOnMissingBean (names: jpaProcessEngineConfigurer; SearchStrategy: all) did not find any beans (OnBeanCondition)

   FlywayAutoConfiguration matched:
      - @ConditionalOnClass found required class 'org.flywaydb.core.Flyway' (OnClassCondition)
      - @ConditionalOnProperty (spring.flyway.enabled) matched (OnPropertyCondition)
      - AnyNestedCondition 2 matched 1 did not; NestedCondition on FlywayAutoConfiguration.FlywayDataSourceCondition.FlywayUrlCondition @ConditionalOnProperty (spring.flyway.url) did not find property 'url'; NestedCondition on FlywayAutoConfiguration.FlywayDataSourceCondition.JdbcConnectionDetailsCondition @ConditionalOnBean (types: org.springframework.boot.autoconfigure.jdbc.JdbcConnectionDetails; SearchStrategy: all) found bean 'jdbcConnectionDetails'; NestedCondition on FlywayAutoConfiguration.FlywayDataSourceCondition.DataSourceBeanCondition @ConditionalOnBean (types: javax.sql.DataSource; SearchStrategy: all) found bean 'dataSource' (FlywayAutoConfiguration.FlywayDataSourceCondition)

   FlywayAutoConfiguration.FlywayConfiguration matched:
      - @ConditionalOnClass found required class 'org.springframework.jdbc.support.JdbcUtils' (OnClassCondition)
      - @ConditionalOnMissingBean (types: org.flywaydb.core.Flyway; SearchStrategy: all) did not find any beans (OnBeanCondition)

   FlywayAutoConfiguration.FlywayConfiguration#flywayConnectionDetails matched:
      - @ConditionalOnMissingBean (types: org.springframework.boot.autoconfigure.flyway.FlywayConnectionDetails; SearchStrategy: all) did not find any beans (OnBeanCondition)

   FlywayAutoConfiguration.FlywayConfiguration#flywayInitializer matched:
      - @ConditionalOnMissingBean (types: org.springframework.boot.autoconfigure.flyway.FlywayMigrationInitializer; SearchStrategy: all) did not find any beans (OnBeanCondition)

   GenericCacheConfiguration matched:
      - Cache org.springframework.boot.autoconfigure.cache.GenericCacheConfiguration automatic cache type (CacheCondition)

   GsonAutoConfiguration matched:
      - @ConditionalOnClass found required class 'com.google.gson.Gson' (OnClassCondition)

   GsonAutoConfiguration#gson matched:
      - @ConditionalOnMissingBean (types: com.google.gson.Gson; SearchStrategy: all) did not find any beans (OnBeanCondition)

   GsonAutoConfiguration#gsonBuilder matched:
      - @ConditionalOnMissingBean (types: com.google.gson.GsonBuilder; SearchStrategy: all) did not find any beans (OnBeanCondition)

   GsonHttpMessageConvertersConfiguration matched:
      - @ConditionalOnClass found required class 'com.google.gson.Gson' (OnClassCondition)

   HibernateJpaAutoConfiguration matched:
      - @ConditionalOnClass found required classes 'org.springframework.orm.jpa.LocalContainerEntityManagerFactoryBean', 'jakarta.persistence.EntityManager', 'org.hibernate.engine.spi.SessionImplementor' (OnClassCondition)

   HibernateJpaConfiguration matched:
      - @ConditionalOnSingleCandidate (types: javax.sql.DataSource; SearchStrategy: all) found a single bean 'dataSource' (OnBeanCondition)

   HttpEncodingAutoConfiguration matched:
      - @ConditionalOnClass found required class 'org.springframework.web.filter.CharacterEncodingFilter' (OnClassCondition)
      - found 'session' scope (OnWebApplicationCondition)
      - @ConditionalOnProperty (server.servlet.encoding.enabled) matched (OnPropertyCondition)

   HttpEncodingAutoConfiguration#characterEncodingFilter matched:
      - @ConditionalOnMissingBean (types: org.springframework.web.filter.CharacterEncodingFilter; SearchStrategy: all) did not find any beans (OnBeanCondition)

   HttpMessageConvertersAutoConfiguration matched:
      - @ConditionalOnClass found required class 'org.springframework.http.converter.HttpMessageConverter' (OnClassCondition)
      - NoneNestedConditions 0 matched 1 did not; NestedCondition on HttpMessageConvertersAutoConfiguration.NotReactiveWebApplicationCondition.ReactiveWebApplication did not find reactive web application classes (HttpMessageConvertersAutoConfiguration.NotReactiveWebApplicationCondition)

   HttpMessageConvertersAutoConfiguration#messageConverters matched:
      - @ConditionalOnMissingBean (types: org.springframework.boot.autoconfigure.http.HttpMessageConverters; SearchStrategy: all) did not find any beans (OnBeanCondition)

   HttpMessageConvertersAutoConfiguration.StringHttpMessageConverterConfiguration matched:
      - @ConditionalOnClass found required class 'org.springframework.http.converter.StringHttpMessageConverter' (OnClassCondition)

   HttpMessageConvertersAutoConfiguration.StringHttpMessageConverterConfiguration#stringHttpMessageConverter matched:
      - @ConditionalOnMissingBean (types: org.springframework.http.converter.StringHttpMessageConverter; SearchStrategy: all) did not find any beans (OnBeanCondition)

   JacksonAutoConfiguration matched:
      - @ConditionalOnClass found required class 'com.fasterxml.jackson.databind.ObjectMapper' (OnClassCondition)

   JacksonAutoConfiguration.Jackson2ObjectMapperBuilderCustomizerConfiguration matched:
      - @ConditionalOnClass found required class 'org.springframework.http.converter.json.Jackson2ObjectMapperBuilder' (OnClassCondition)

   JacksonAutoConfiguration.JacksonObjectMapperBuilderConfiguration matched:
      - @ConditionalOnClass found required class 'org.springframework.http.converter.json.Jackson2ObjectMapperBuilder' (OnClassCondition)

   JacksonAutoConfiguration.JacksonObjectMapperBuilderConfiguration#jacksonObjectMapperBuilder matched:
      - @ConditionalOnMissingBean (types: org.springframework.http.converter.json.Jackson2ObjectMapperBuilder; SearchStrategy: all) did not find any beans (OnBeanCondition)

   JacksonAutoConfiguration.JacksonObjectMapperConfiguration matched:
      - @ConditionalOnClass found required class 'org.springframework.http.converter.json.Jackson2ObjectMapperBuilder' (OnClassCondition)

   JacksonAutoConfiguration.JacksonObjectMapperConfiguration#jacksonObjectMapper matched:
      - @ConditionalOnMissingBean (types: com.fasterxml.jackson.databind.ObjectMapper; SearchStrategy: all) did not find any beans (OnBeanCondition)

   JacksonAutoConfiguration.ParameterNamesModuleConfiguration matched:
      - @ConditionalOnClass found required class 'com.fasterxml.jackson.module.paramnames.ParameterNamesModule' (OnClassCondition)

   JacksonAutoConfiguration.ParameterNamesModuleConfiguration#parameterNamesModule matched:
      - @ConditionalOnMissingBean (types: com.fasterxml.jackson.module.paramnames.ParameterNamesModule; SearchStrategy: all) did not find any beans (OnBeanCondition)

   JacksonHttpMessageConvertersConfiguration.MappingJackson2HttpMessageConverterConfiguration matched:
      - @ConditionalOnClass found required class 'com.fasterxml.jackson.databind.ObjectMapper' (OnClassCondition)
      - @ConditionalOnProperty (spring.mvc.converters.preferred-json-mapper=jackson) matched (OnPropertyCondition)
      - @ConditionalOnBean (types: com.fasterxml.jackson.databind.ObjectMapper; SearchStrategy: all) found bean 'jacksonObjectMapper' (OnBeanCondition)

   JacksonHttpMessageConvertersConfiguration.MappingJackson2HttpMessageConverterConfiguration#mappingJackson2HttpMessageConverter matched:
      - @ConditionalOnMissingBean (types: org.springframework.http.converter.json.MappingJackson2HttpMessageConverter ignored: org.springframework.hateoas.server.mvc.TypeConstrainedMappingJackson2HttpMessageConverter,org.springframework.data.rest.webmvc.alps.AlpsJsonHttpMessageConverter; SearchStrategy: all) did not find any beans (OnBeanCondition)

   JdbcClientAutoConfiguration matched:
      - @ConditionalOnSingleCandidate (types: org.springframework.jdbc.core.namedparam.NamedParameterJdbcTemplate; SearchStrategy: all) found a single bean 'namedParameterJdbcTemplate'; @ConditionalOnMissingBean (types: org.springframework.jdbc.core.simple.JdbcClient; SearchStrategy: all) did not find any beans (OnBeanCondition)

   JdbcTemplateAutoConfiguration matched:
      - @ConditionalOnClass found required classes 'javax.sql.DataSource', 'org.springframework.jdbc.core.JdbcTemplate' (OnClassCondition)
      - @ConditionalOnSingleCandidate (types: javax.sql.DataSource; SearchStrategy: all) found a single bean 'dataSource' (OnBeanCondition)

   JdbcTemplateConfiguration matched:
      - @ConditionalOnMissingBean (types: org.springframework.jdbc.core.JdbcOperations; SearchStrategy: all) did not find any beans (OnBeanCondition)

   JpaBaseConfiguration#entityManagerFactory matched:
      - @ConditionalOnMissingBean (types: org.springframework.orm.jpa.LocalContainerEntityManagerFactoryBean,jakarta.persistence.EntityManagerFactory; SearchStrategy: all) did not find any beans (OnBeanCondition)

   JpaBaseConfiguration#entityManagerFactoryBuilder matched:
      - @ConditionalOnMissingBean (types: org.springframework.boot.orm.jpa.EntityManagerFactoryBuilder; SearchStrategy: all) did not find any beans (OnBeanCondition)

   JpaBaseConfiguration#jpaVendorAdapter matched:
      - @ConditionalOnMissingBean (types: org.springframework.orm.jpa.JpaVendorAdapter; SearchStrategy: all) did not find any beans (OnBeanCondition)

   JpaBaseConfiguration#transactionManager matched:
      - @ConditionalOnMissingBean (types: org.springframework.transaction.TransactionManager; SearchStrategy: all) did not find any beans (OnBeanCondition)

   JpaBaseConfiguration.PersistenceManagedTypesConfiguration matched:
      - @ConditionalOnMissingBean (types: org.springframework.orm.jpa.LocalContainerEntityManagerFactoryBean,jakarta.persistence.EntityManagerFactory; SearchStrategy: all) did not find any beans (OnBeanCondition)

   JpaBaseConfiguration.PersistenceManagedTypesConfiguration#persistenceManagedTypes matched:
      - @ConditionalOnMissingBean (types: org.springframework.orm.jpa.persistenceunit.PersistenceManagedTypes; SearchStrategy: all) did not find any beans (OnBeanCondition)

   JpaRepositoriesAutoConfiguration matched:
      - @ConditionalOnClass found required class 'org.springframework.data.jpa.repository.JpaRepository' (OnClassCondition)
      - @ConditionalOnProperty (spring.data.jpa.repositories.enabled=true) matched (OnPropertyCondition)
      - @ConditionalOnBean (types: javax.sql.DataSource; SearchStrategy: all) found bean 'dataSource'; @ConditionalOnMissingBean (types: org.springframework.data.jpa.repository.support.JpaRepositoryFactoryBean,org.springframework.data.jpa.repository.config.JpaRepositoryConfigExtension; SearchStrategy: all) did not find any beans (OnBeanCondition)

   JtaAutoConfiguration matched:
      - @ConditionalOnClass found required class 'jakarta.transaction.Transaction' (OnClassCondition)
      - @ConditionalOnProperty (spring.jta.enabled) matched (OnPropertyCondition)

   LifecycleAutoConfiguration#defaultLifecycleProcessor matched:
      - @ConditionalOnMissingBean (names: lifecycleProcessor; SearchStrategy: current) did not find any beans (OnBeanCondition)

   MultipartAutoConfiguration matched:
      - @ConditionalOnClass found required classes 'jakarta.servlet.Servlet', 'org.springframework.web.multipart.support.StandardServletMultipartResolver', 'jakarta.servlet.MultipartConfigElement' (OnClassCondition)
      - found 'session' scope (OnWebApplicationCondition)
      - @ConditionalOnProperty (spring.servlet.multipart.enabled) matched (OnPropertyCondition)

   MultipartAutoConfiguration#multipartConfigElement matched:
      - @ConditionalOnMissingBean (types: jakarta.servlet.MultipartConfigElement; SearchStrategy: all) did not find any beans (OnBeanCondition)

   MultipartAutoConfiguration#multipartResolver matched:
      - @ConditionalOnMissingBean (types: org.springframework.web.multipart.MultipartResolver; SearchStrategy: all) did not find any beans (OnBeanCondition)

   NamedParameterJdbcTemplateConfiguration matched:
      - @ConditionalOnSingleCandidate (types: org.springframework.jdbc.core.JdbcTemplate; SearchStrategy: all) found a single bean 'jdbcTemplate'; @ConditionalOnMissingBean (types: org.springframework.jdbc.core.namedparam.NamedParameterJdbcOperations; SearchStrategy: all) did not find any beans (OnBeanCondition)

   NoOpCacheConfiguration matched:
      - Cache org.springframework.boot.autoconfigure.cache.NoOpCacheConfiguration automatic cache type (CacheCondition)

   PersistenceExceptionTranslationAutoConfiguration matched:
      - @ConditionalOnClass found required class 'org.springframework.dao.annotation.PersistenceExceptionTranslationPostProcessor' (OnClassCondition)

   PersistenceExceptionTranslationAutoConfiguration#persistenceExceptionTranslationPostProcessor matched:
      - @ConditionalOnProperty (spring.dao.exceptiontranslation.enabled) matched (OnPropertyCondition)
      - @ConditionalOnMissingBean (types: org.springframework.dao.annotation.PersistenceExceptionTranslationPostProcessor; SearchStrategy: all) did not find any beans (OnBeanCondition)

   ProcessEngineAutoConfiguration matched:
      - @ConditionalOnClass found required classes 'org.flowable.engine.ProcessEngine', 'org.flowable.spring.SpringProcessEngineConfiguration' (OnClassCondition)
      - @ConditionalOnProperty (flowable.process.enabled=true) matched (OnPropertyCondition)

   ProcessEngineAutoConfiguration#processAsyncExecutor matched:
      - @ConditionalOnMissingBean (names: processAsyncExecutor; SearchStrategy: all) did not find any beans (OnBeanCondition)

   ProcessEngineAutoConfiguration#springProcessEngineConfiguration matched:
      - @ConditionalOnMissingBean (types: org.flowable.spring.SpringProcessEngineConfiguration; SearchStrategy: all) did not find any beans (OnBeanCondition)

   ProcessEngineServicesAutoConfiguration matched:
      - @ConditionalOnClass found required classes 'org.flowable.engine.ProcessEngine', 'org.flowable.spring.SpringProcessEngineConfiguration' (OnClassCondition)
      - @ConditionalOnProperty (flowable.process.enabled=true) matched (OnPropertyCondition)

   ProcessEngineServicesAutoConfiguration#dynamicBpmnServiceBean matched:
      - @ConditionalOnMissingBean (types: org.flowable.engine.DynamicBpmnService; SearchStrategy: all) did not find any beans (OnBeanCondition)

   ProcessEngineServicesAutoConfiguration#formServiceBean matched:
      - @ConditionalOnMissingBean (types: org.flowable.engine.FormService; SearchStrategy: all) did not find any beans (OnBeanCondition)

   ProcessEngineServicesAutoConfiguration#historyServiceBean matched:
      - @ConditionalOnMissingBean (types: org.flowable.engine.HistoryService; SearchStrategy: all) did not find any beans (OnBeanCondition)

   ProcessEngineServicesAutoConfiguration#identityServiceBean matched:
      - @ConditionalOnMissingBean (types: org.flowable.engine.IdentityService; SearchStrategy: all) did not find any beans (OnBeanCondition)

   ProcessEngineServicesAutoConfiguration#managementServiceBean matched:
      - @ConditionalOnMissingBean (types: org.flowable.engine.ManagementService; SearchStrategy: all) did not find any beans (OnBeanCondition)

   ProcessEngineServicesAutoConfiguration#processInstanceMigrationService matched:
      - @ConditionalOnMissingBean (types: org.flowable.engine.ProcessMigrationService; SearchStrategy: all) did not find any beans (OnBeanCondition)

   ProcessEngineServicesAutoConfiguration#repositoryServiceBean matched:
      - @ConditionalOnMissingBean (types: org.flowable.engine.RepositoryService; SearchStrategy: all) did not find any beans (OnBeanCondition)

   ProcessEngineServicesAutoConfiguration#runtimeServiceBean matched:
      - @ConditionalOnMissingBean (types: org.flowable.engine.RuntimeService; SearchStrategy: all) did not find any beans (OnBeanCondition)

   ProcessEngineServicesAutoConfiguration#taskServiceBean matched:
      - @ConditionalOnMissingBean (types: org.flowable.engine.TaskService; SearchStrategy: all) did not find any beans (OnBeanCondition)

   ProcessEngineServicesAutoConfiguration.StandaloneEngineConfiguration matched:
      - @ConditionalOnMissingBean (types: org.flowable.engine.ProcessEngine,org.flowable.app.engine.AppEngine; SearchStrategy: all) did not find any beans (OnBeanCondition)

   PropertyPlaceholderAutoConfiguration#propertySourcesPlaceholderConfigurer matched:
      - @ConditionalOnMissingBean (types: org.springframework.context.support.PropertySourcesPlaceholderConfigurer; SearchStrategy: current) did not find any beans (OnBeanCondition)

   RestClientAutoConfiguration matched:
      - @ConditionalOnClass found required class 'org.springframework.web.client.RestClient' (OnClassCondition)
      - NoneNestedConditions 0 matched 1 did not; NestedCondition on NotReactiveWebApplicationCondition.ReactiveWebApplication did not find reactive web application classes (NotReactiveWebApplicationCondition)

   RestClientAutoConfiguration#httpMessageConvertersRestClientCustomizer matched:
      - @ConditionalOnMissingBean (types: org.springframework.boot.autoconfigure.web.client.HttpMessageConvertersRestClientCustomizer; SearchStrategy: all) did not find any beans (OnBeanCondition)

   RestClientAutoConfiguration#restClientBuilder matched:
      - @ConditionalOnMissingBean (types: org.springframework.web.client.RestClient$Builder; SearchStrategy: all) did not find any beans (OnBeanCondition)

   RestClientAutoConfiguration#restClientBuilderConfigurer matched:
      - @ConditionalOnMissingBean (types: org.springframework.boot.autoconfigure.web.client.RestClientBuilderConfigurer; SearchStrategy: all) did not find any beans (OnBeanCondition)

   RestClientAutoConfiguration#restClientSsl matched:
      - @ConditionalOnBean (types: org.springframework.boot.ssl.SslBundles; SearchStrategy: all) found bean 'sslBundleRegistry'; @ConditionalOnMissingBean (types: org.springframework.boot.autoconfigure.web.client.RestClientSsl; SearchStrategy: all) did not find any beans (OnBeanCondition)

   RestTemplateAutoConfiguration matched:
      - @ConditionalOnClass found required class 'org.springframework.web.client.RestTemplate' (OnClassCondition)
      - NoneNestedConditions 0 matched 1 did not; NestedCondition on NotReactiveWebApplicationCondition.ReactiveWebApplication did not find reactive web application classes (NotReactiveWebApplicationCondition)

   RestTemplateAutoConfiguration#restTemplateBuilder matched:
      - @ConditionalOnMissingBean (types: org.springframework.boot.web.client.RestTemplateBuilder; SearchStrategy: all) did not find any beans (OnBeanCondition)

   SecurityAutoConfiguration matched:
      - @ConditionalOnClass found required class 'org.springframework.security.authentication.DefaultAuthenticationEventPublisher' (OnClassCondition)

   SecurityAutoConfiguration#authenticationEventPublisher matched:
      - @ConditionalOnMissingBean (types: org.springframework.security.authentication.AuthenticationEventPublisher; SearchStrategy: all) did not find any beans (OnBeanCondition)

   SecurityFilterAutoConfiguration matched:
      - @ConditionalOnClass found required classes 'org.springframework.security.web.context.AbstractSecurityWebApplicationInitializer', 'org.springframework.security.config.http.SessionCreationPolicy' (OnClassCondition)
      - found 'session' scope (OnWebApplicationCondition)

   SecurityFilterAutoConfiguration#securityFilterChainRegistration matched:
      - @ConditionalOnBean (names: springSecurityFilterChain; SearchStrategy: all) found bean 'springSecurityFilterChain' (OnBeanCondition)

   ServletWebServerFactoryAutoConfiguration matched:
      - @ConditionalOnClass found required class 'jakarta.servlet.ServletRequest' (OnClassCondition)
      - found 'session' scope (OnWebApplicationCondition)

   ServletWebServerFactoryAutoConfiguration#tomcatServletWebServerFactoryCustomizer matched:
      - @ConditionalOnClass found required class 'org.apache.catalina.startup.Tomcat' (OnClassCondition)

   ServletWebServerFactoryConfiguration.EmbeddedTomcat matched:
      - @ConditionalOnClass found required classes 'jakarta.servlet.Servlet', 'org.apache.catalina.startup.Tomcat', 'org.apache.coyote.UpgradeProtocol' (OnClassCondition)
      - @ConditionalOnMissingBean (types: org.springframework.boot.web.servlet.server.ServletWebServerFactory; SearchStrategy: current) did not find any beans (OnBeanCondition)

   SimpleCacheConfiguration matched:
      - Cache org.springframework.boot.autoconfigure.cache.SimpleCacheConfiguration automatic cache type (CacheCondition)

   SpringBootWebSecurityConfiguration matched:
      - found 'session' scope (OnWebApplicationCondition)

   SpringDataWebAutoConfiguration matched:
      - @ConditionalOnClass found required classes 'org.springframework.data.web.PageableHandlerMethodArgumentResolver', 'org.springframework.web.servlet.config.annotation.WebMvcConfigurer' (OnClassCondition)
      - found 'session' scope (OnWebApplicationCondition)
      - @ConditionalOnMissingBean (types: org.springframework.data.web.PageableHandlerMethodArgumentResolver; SearchStrategy: all) did not find any beans (OnBeanCondition)

   SpringDataWebAutoConfiguration#pageableCustomizer matched:
      - @ConditionalOnMissingBean (types: org.springframework.data.web.config.PageableHandlerMethodArgumentResolverCustomizer; SearchStrategy: all) did not find any beans (OnBeanCondition)

   SpringDataWebAutoConfiguration#sortCustomizer matched:
      - @ConditionalOnMissingBean (types: org.springframework.data.web.config.SortHandlerMethodArgumentResolverCustomizer; SearchStrategy: all) did not find any beans (OnBeanCondition)

   SqlInitializationAutoConfiguration matched:
      - @ConditionalOnProperty (spring.sql.init.enabled) matched (OnPropertyCondition)
      - NoneNestedConditions 0 matched 1 did not; NestedCondition on SqlInitializationAutoConfiguration.SqlInitializationModeCondition.ModeIsNever @ConditionalOnProperty (spring.sql.init.mode=never) did not find property 'mode' (SqlInitializationAutoConfiguration.SqlInitializationModeCondition)

   SslAutoConfiguration#sslBundleRegistry matched:
      - @ConditionalOnMissingBean (types: org.springframework.boot.ssl.SslBundleRegistry,org.springframework.boot.ssl.SslBundles; SearchStrategy: all) did not find any beans (OnBeanCondition)

   TaskExecutionAutoConfiguration matched:
      - @ConditionalOnClass found required class 'org.springframework.scheduling.concurrent.ThreadPoolTaskExecutor' (OnClassCondition)

   TaskExecutorConfigurations.SimpleAsyncTaskExecutorBuilderConfiguration#simpleAsyncTaskExecutorBuilder matched:
      - @ConditionalOnMissingBean (types: org.springframework.boot.task.SimpleAsyncTaskExecutorBuilder; SearchStrategy: all) did not find any beans (OnBeanCondition)
      - @ConditionalOnThreading found PLATFORM (OnThreadingCondition)

   TaskExecutorConfigurations.TaskExecutorBuilderConfiguration#taskExecutorBuilder matched:
      - @ConditionalOnMissingBean (types: org.springframework.boot.task.TaskExecutorBuilder; SearchStrategy: all) did not find any beans (OnBeanCondition)

   TaskExecutorConfigurations.TaskExecutorConfiguration matched:
      - @ConditionalOnMissingBean (types: java.util.concurrent.Executor; SearchStrategy: all) did not find any beans (OnBeanCondition)

   TaskExecutorConfigurations.TaskExecutorConfiguration#applicationTaskExecutor matched:
      - @ConditionalOnThreading found PLATFORM (OnThreadingCondition)

   TaskExecutorConfigurations.ThreadPoolTaskExecutorBuilderConfiguration#threadPoolTaskExecutorBuilder matched:
      - @ConditionalOnMissingBean (types: org.springframework.boot.task.TaskExecutorBuilder,org.springframework.boot.task.ThreadPoolTaskExecutorBuilder; SearchStrategy: all) did not find any beans (OnBeanCondition)

   TaskSchedulingAutoConfiguration matched:
      - @ConditionalOnClass found required class 'org.springframework.scheduling.concurrent.ThreadPoolTaskScheduler' (OnClassCondition)

   TaskSchedulingConfigurations.SimpleAsyncTaskSchedulerBuilderConfiguration#simpleAsyncTaskSchedulerBuilder matched:
      - @ConditionalOnMissingBean (types: org.springframework.boot.task.SimpleAsyncTaskSchedulerBuilder; SearchStrategy: all) did not find any beans (OnBeanCondition)
      - @ConditionalOnThreading found PLATFORM (OnThreadingCondition)

   TaskSchedulingConfigurations.TaskSchedulerBuilderConfiguration#taskSchedulerBuilder matched:
      - @ConditionalOnMissingBean (types: org.springframework.boot.task.TaskSchedulerBuilder; SearchStrategy: all) did not find any beans (OnBeanCondition)

   TaskSchedulingConfigurations.ThreadPoolTaskSchedulerBuilderConfiguration#threadPoolTaskSchedulerBuilder matched:
      - @ConditionalOnMissingBean (types: org.springframework.boot.task.TaskSchedulerBuilder,org.springframework.boot.task.ThreadPoolTaskSchedulerBuilder; SearchStrategy: all) did not find any beans (OnBeanCondition)

   TransactionAutoConfiguration matched:
      - @ConditionalOnClass found required class 'org.springframework.transaction.PlatformTransactionManager' (OnClassCondition)

   TransactionAutoConfiguration.EnableTransactionManagementConfiguration matched:
      - @ConditionalOnBean (types: org.springframework.transaction.TransactionManager; SearchStrategy: all) found bean 'transactionManager'; @ConditionalOnMissingBean (types: org.springframework.transaction.annotation.AbstractTransactionManagementConfiguration; SearchStrategy: all) did not find any beans (OnBeanCondition)

   TransactionAutoConfiguration.EnableTransactionManagementConfiguration.CglibAutoProxyConfiguration matched:
      - @ConditionalOnProperty (spring.aop.proxy-target-class=true) matched (OnPropertyCondition)

   TransactionAutoConfiguration.TransactionTemplateConfiguration matched:
      - @ConditionalOnSingleCandidate (types: org.springframework.transaction.PlatformTransactionManager; SearchStrategy: all) found a single bean 'transactionManager' (OnBeanCondition)

   TransactionAutoConfiguration.TransactionTemplateConfiguration#transactionTemplate matched:
      - @ConditionalOnMissingBean (types: org.springframework.transaction.support.TransactionOperations; SearchStrategy: all) did not find any beans (OnBeanCondition)

   TransactionManagerCustomizationAutoConfiguration matched:
      - @ConditionalOnClass found required class 'org.springframework.transaction.PlatformTransactionManager' (OnClassCondition)

   TransactionManagerCustomizationAutoConfiguration#platformTransactionManagerCustomizers matched:
      - @ConditionalOnMissingBean (types: org.springframework.boot.autoconfigure.transaction.TransactionManagerCustomizers; SearchStrategy: all) did not find any beans (OnBeanCondition)

   ValidationAutoConfiguration matched:
      - @ConditionalOnClass found required class 'jakarta.validation.executable.ExecutableValidator' (OnClassCondition)
      - @ConditionalOnResource found location classpath:META-INF/services/jakarta.validation.spi.ValidationProvider (OnResourceCondition)

   ValidationAutoConfiguration#defaultValidator matched:
      - @ConditionalOnMissingBean (types: jakarta.validation.Validator; SearchStrategy: all) did not find any beans (OnBeanCondition)

   ValidationAutoConfiguration#methodValidationPostProcessor matched:
      - @ConditionalOnMissingBean (types: org.springframework.validation.beanvalidation.MethodValidationPostProcessor; SearchStrategy: current) did not find any beans (OnBeanCondition)

   WebMvcAutoConfiguration matched:
      - @ConditionalOnClass found required classes 'jakarta.servlet.Servlet', 'org.springframework.web.servlet.DispatcherServlet', 'org.springframework.web.servlet.config.annotation.WebMvcConfigurer' (OnClassCondition)
      - found 'session' scope (OnWebApplicationCondition)
      - @ConditionalOnMissingBean (types: org.springframework.web.servlet.config.annotation.WebMvcConfigurationSupport; SearchStrategy: all) did not find any beans (OnBeanCondition)

   WebMvcAutoConfiguration#formContentFilter matched:
      - @ConditionalOnProperty (spring.mvc.formcontent.filter.enabled) matched (OnPropertyCondition)
      - @ConditionalOnMissingBean (types: org.springframework.web.filter.FormContentFilter; SearchStrategy: all) did not find any beans (OnBeanCondition)

   WebMvcAutoConfiguration.EnableWebMvcConfiguration#flashMapManager matched:
      - @ConditionalOnMissingBean (names: flashMapManager; SearchStrategy: all) did not find any beans (OnBeanCondition)

   WebMvcAutoConfiguration.EnableWebMvcConfiguration#localeResolver matched:
      - @ConditionalOnMissingBean (names: localeResolver; SearchStrategy: all) did not find any beans (OnBeanCondition)

   WebMvcAutoConfiguration.EnableWebMvcConfiguration#themeResolver matched:
      - @ConditionalOnMissingBean (names: themeResolver; SearchStrategy: all) did not find any beans (OnBeanCondition)

   WebMvcAutoConfiguration.WebMvcAutoConfigurationAdapter#defaultViewResolver matched:
      - @ConditionalOnMissingBean (types: org.springframework.web.servlet.view.InternalResourceViewResolver; SearchStrategy: all) did not find any beans (OnBeanCondition)

   WebMvcAutoConfiguration.WebMvcAutoConfigurationAdapter#requestContextFilter matched:
      - @ConditionalOnMissingBean (types: org.springframework.web.context.request.RequestContextListener,org.springframework.web.filter.RequestContextFilter; SearchStrategy: all) did not find any beans (OnBeanCondition)

   WebMvcAutoConfiguration.WebMvcAutoConfigurationAdapter#viewResolver matched:
      - @ConditionalOnBean (types: org.springframework.web.servlet.ViewResolver; SearchStrategy: all) found beans 'defaultViewResolver', 'beanNameViewResolver', 'mvcViewResolver'; @ConditionalOnMissingBean (names: viewResolver types: org.springframework.web.servlet.view.ContentNegotiatingViewResolver; SearchStrategy: all) did not find any beans (OnBeanCondition)

   WebSocketServletAutoConfiguration matched:
      - @ConditionalOnClass found required classes 'jakarta.servlet.Servlet', 'jakarta.websocket.server.ServerContainer' (OnClassCondition)
      - found 'session' scope (OnWebApplicationCondition)

   WebSocketServletAutoConfiguration.TomcatWebSocketConfiguration matched:
      - @ConditionalOnClass found required classes 'org.apache.catalina.startup.Tomcat', 'org.apache.tomcat.websocket.server.WsSci' (OnClassCondition)

   WebSocketServletAutoConfiguration.TomcatWebSocketConfiguration#websocketServletWebServerCustomizer matched:
      - @ConditionalOnMissingBean (names: websocketServletWebServerCustomizer; SearchStrategy: all) did not find any beans (OnBeanCondition)


Negative matches:
-----------------

   ActiveMQAutoConfiguration:
      Did not match:
         - @ConditionalOnClass did not find required class 'jakarta.jms.ConnectionFactory' (OnClassCondition)

   AopAutoConfiguration.AspectJAutoProxyingConfiguration.JdkDynamicAutoProxyConfiguration:
      Did not match:
         - @ConditionalOnProperty (spring.aop.proxy-target-class=false) did not find property 'proxy-target-class' (OnPropertyCondition)

   AopAutoConfiguration.ClassProxyingConfiguration:
      Did not match:
         - @ConditionalOnMissingClass found unwanted class 'org.aspectj.weaver.Advice' (OnClassCondition)

   AppEngineAutoConfiguration:
      Did not match:
         - @ConditionalOnClass did not find required classes 'org.flowable.app.engine.AppEngine', 'org.flowable.app.spring.SpringAppEngineConfiguration' (OnClassCondition)

   AppEngineServicesAutoConfiguration:
      Did not match:
         - @ConditionalOnClass did not find required classes 'org.flowable.app.engine.AppEngine', 'org.flowable.app.spring.SpringAppEngineConfiguration' (OnClassCondition)

   ArtemisAutoConfiguration:
      Did not match:
         - @ConditionalOnClass did not find required class 'jakarta.jms.ConnectionFactory' (OnClassCondition)

   BatchAutoConfiguration:
      Did not match:
         - @ConditionalOnClass did not find required class 'org.springframework.batch.core.launch.JobLauncher' (OnClassCondition)

   Cache2kCacheConfiguration:
      Did not match:
         - @ConditionalOnClass did not find required class 'org.cache2k.Cache2kBuilder' (OnClassCondition)

   CacheAutoConfiguration:
      Did not match:
         - @ConditionalOnBean (types: org.springframework.cache.interceptor.CacheAspectSupport; SearchStrategy: all) did not find any beans of type org.springframework.cache.interceptor.CacheAspectSupport (OnBeanCondition)
      Matched:
         - @ConditionalOnClass found required class 'org.springframework.cache.CacheManager' (OnClassCondition)

   CacheAutoConfiguration.CacheManagerEntityManagerFactoryDependsOnPostProcessor:
      Did not match:
         - Ancestor org.springframework.boot.autoconfigure.cache.CacheAutoConfiguration did not match (ConditionEvaluationReport.AncestorsMatchedCondition)
      Matched:
         - @ConditionalOnClass found required class 'org.springframework.orm.jpa.LocalContainerEntityManagerFactoryBean' (OnClassCondition)

   CaffeineCacheConfiguration:
      Did not match:
         - @ConditionalOnClass did not find required class 'com.github.benmanes.caffeine.cache.Caffeine' (OnClassCondition)

   CassandraAutoConfiguration:
      Did not match:
         - @ConditionalOnClass did not find required class 'com.datastax.oss.driver.api.core.CqlSession' (OnClassCondition)

   CassandraDataAutoConfiguration:
      Did not match:
         - @ConditionalOnClass did not find required class 'com.datastax.oss.driver.api.core.CqlSession' (OnClassCondition)

   CassandraReactiveDataAutoConfiguration:
      Did not match:
         - @ConditionalOnClass did not find required class 'com.datastax.oss.driver.api.core.CqlSession' (OnClassCondition)

   CassandraReactiveRepositoriesAutoConfiguration:
      Did not match:
         - @ConditionalOnClass did not find required class 'org.springframework.data.cassandra.ReactiveSession' (OnClassCondition)

   CassandraRepositoriesAutoConfiguration:
      Did not match:
         - @ConditionalOnClass did not find required class 'com.datastax.oss.driver.api.core.CqlSession' (OnClassCondition)

   ClientHttpConnectorAutoConfiguration:
      Did not match:
         - @ConditionalOnClass did not find required class 'org.springframework.web.reactive.function.client.WebClient' (OnClassCondition)

   CmmnEngineAutoConfiguration:
      Did not match:
         - @ConditionalOnClass did not find required classes 'org.flowable.cmmn.engine.CmmnEngine', 'org.flowable.cmmn.spring.SpringCmmnEngineConfiguration' (OnClassCondition)

   CmmnEngineServicesAutoConfiguration:
      Did not match:
         - @ConditionalOnClass did not find required classes 'org.flowable.cmmn.engine.CmmnEngine', 'org.flowable.cmmn.spring.SpringCmmnEngineConfiguration' (OnClassCondition)

   CodecsAutoConfiguration:
      Did not match:
         - @ConditionalOnClass did not find required class 'org.springframework.web.reactive.function.client.WebClient' (OnClassCondition)

   CouchbaseAutoConfiguration:
      Did not match:
         - @ConditionalOnClass did not find required class 'com.couchbase.client.java.Cluster' (OnClassCondition)

   CouchbaseCacheConfiguration:
      Did not match:
         - @ConditionalOnClass did not find required class 'com.couchbase.client.java.Cluster' (OnClassCondition)

   CouchbaseDataAutoConfiguration:
      Did not match:
         - @ConditionalOnClass did not find required class 'com.couchbase.client.java.Bucket' (OnClassCondition)

   CouchbaseReactiveDataAutoConfiguration:
      Did not match:
         - @ConditionalOnClass did not find required class 'com.couchbase.client.java.Cluster' (OnClassCondition)

   CouchbaseReactiveRepositoriesAutoConfiguration:
      Did not match:
         - @ConditionalOnClass did not find required class 'com.couchbase.client.java.Cluster' (OnClassCondition)

   CouchbaseRepositoriesAutoConfiguration:
      Did not match:
         - @ConditionalOnClass did not find required class 'com.couchbase.client.java.Bucket' (OnClassCondition)

   DataSourceAutoConfiguration.EmbeddedDatabaseConfiguration:
      Did not match:
         - EmbeddedDataSource spring.datasource.url is set (DataSourceAutoConfiguration.EmbeddedDatabaseCondition)

   DataSourceCheckpointRestoreConfiguration:
      Did not match:
         - @ConditionalOnClass did not find required class 'org.crac.Resource' (OnClassCondition)

   DataSourceConfiguration.Dbcp2:
      Did not match:
         - @ConditionalOnClass did not find required class 'org.apache.commons.dbcp2.BasicDataSource' (OnClassCondition)

   DataSourceConfiguration.Generic:
      Did not match:
         - @ConditionalOnProperty (spring.datasource.type) did not find property 'spring.datasource.type' (OnPropertyCondition)

   DataSourceConfiguration.OracleUcp:
      Did not match:
         - @ConditionalOnClass did not find required classes 'oracle.ucp.jdbc.PoolDataSourceImpl', 'oracle.jdbc.OracleConnection' (OnClassCondition)

   DataSourceConfiguration.Tomcat:
      Did not match:
         - @ConditionalOnClass did not find required class 'org.apache.tomcat.jdbc.pool.DataSource' (OnClassCondition)

   DataSourceJmxConfiguration.TomcatDataSourceJmxConfiguration:
      Did not match:
         - @ConditionalOnClass did not find required class 'org.apache.tomcat.jdbc.pool.DataSourceProxy' (OnClassCondition)

   DataSourcePoolMetadataProvidersConfiguration.CommonsDbcp2PoolDataSourceMetadataProviderConfiguration:
      Did not match:
         - @ConditionalOnClass did not find required class 'org.apache.commons.dbcp2.BasicDataSource' (OnClassCondition)

   DataSourcePoolMetadataProvidersConfiguration.OracleUcpPoolDataSourceMetadataProviderConfiguration:
      Did not match:
         - @ConditionalOnClass did not find required classes 'oracle.ucp.jdbc.PoolDataSource', 'oracle.jdbc.OracleConnection' (OnClassCondition)

   DataSourcePoolMetadataProvidersConfiguration.TomcatDataSourcePoolMetadataProviderConfiguration:
      Did not match:
         - @ConditionalOnClass did not find required class 'org.apache.tomcat.jdbc.pool.DataSource' (OnClassCondition)

   DataSourceTransactionManagerAutoConfiguration.JdbcTransactionManagerConfiguration#transactionManager:
      Did not match:
         - @ConditionalOnMissingBean (types: org.springframework.transaction.TransactionManager; SearchStrategy: all) found beans of type 'org.springframework.transaction.TransactionManager' transactionManager (OnBeanCondition)

   DispatcherServletAutoConfiguration.DispatcherServletConfiguration#multipartResolver:
      Did not match:
         - @ConditionalOnBean (types: org.springframework.web.multipart.MultipartResolver; SearchStrategy: all) did not find any beans of type org.springframework.web.multipart.MultipartResolver (OnBeanCondition)

   DmnEngineAutoConfiguration:
      Did not match:
         - @ConditionalOnClass did not find required classes 'org.flowable.dmn.engine.DmnEngine', 'org.flowable.dmn.spring.SpringDmnEngineConfiguration' (OnClassCondition)

   DmnEngineServicesAutoConfiguration:
      Did not match:
         - @ConditionalOnClass did not find required classes 'org.flowable.dmn.engine.DmnEngine', 'org.flowable.dmn.spring.SpringDmnEngineConfiguration' (OnClassCondition)

   ElasticsearchClientAutoConfiguration:
      Did not match:
         - @ConditionalOnClass did not find required class 'co.elastic.clients.elasticsearch.ElasticsearchClient' (OnClassCondition)

   ElasticsearchDataAutoConfiguration:
      Did not match:
         - @ConditionalOnClass did not find required class 'org.springframework.data.elasticsearch.client.elc.ElasticsearchTemplate' (OnClassCondition)

   ElasticsearchRepositoriesAutoConfiguration:
      Did not match:
         - @ConditionalOnClass did not find required class 'org.springframework.data.elasticsearch.repository.ElasticsearchRepository' (OnClassCondition)

   ElasticsearchRestClientAutoConfiguration:
      Did not match:
         - @ConditionalOnClass did not find required class 'org.elasticsearch.client.RestClientBuilder' (OnClassCondition)

   EmbeddedLdapAutoConfiguration:
      Did not match:
         - @ConditionalOnClass did not find required class 'com.unboundid.ldap.listener.InMemoryDirectoryServer' (OnClassCondition)

   EmbeddedWebServerFactoryCustomizerAutoConfiguration.JettyWebServerFactoryCustomizerConfiguration:
      Did not match:
         - @ConditionalOnClass did not find required classes 'org.eclipse.jetty.server.Server', 'org.eclipse.jetty.util.Loader', 'org.eclipse.jetty.ee10.webapp.WebAppContext' (OnClassCondition)

   EmbeddedWebServerFactoryCustomizerAutoConfiguration.NettyWebServerFactoryCustomizerConfiguration:
      Did not match:
         - @ConditionalOnClass did not find required class 'reactor.netty.http.server.HttpServer' (OnClassCondition)

   EmbeddedWebServerFactoryCustomizerAutoConfiguration.TomcatWebServerFactoryCustomizerConfiguration#tomcatVirtualThreadsProtocolHandlerCustomizer:
      Did not match:
         - @ConditionalOnThreading did not find VIRTUAL (OnThreadingCondition)

   EmbeddedWebServerFactoryCustomizerAutoConfiguration.UndertowWebServerFactoryCustomizerConfiguration:
      Did not match:
         - @ConditionalOnClass did not find required classes 'io.undertow.Undertow', 'org.xnio.SslClientAuthMode' (OnClassCondition)

   EndpointAutoConfiguration:
      Did not match:
         - @ConditionalOnClass did not find required class 'org.springframework.boot.actuate.endpoint.annotation.Endpoint' (OnClassCondition)

   ErrorWebFluxAutoConfiguration:
      Did not match:
         - @ConditionalOnClass did not find required class 'org.springframework.web.reactive.config.WebFluxConfigurer' (OnClassCondition)

   EventRegistryAutoConfiguration#eventRegistryChangeDetectionExecutor:
      Did not match:
         - @ConditionalOnProperty (flowable.eventregistry.enable-change-detection) did not find property 'enable-change-detection' (OnPropertyCondition)

   EventRegistryAutoConfiguration.EventRegistryAppEngineConfiguration:
      Did not match:
         - @ConditionalOnBean (types: org.flowable.app.spring.SpringAppEngineConfiguration; SearchStrategy: all) did not find any beans of type org.flowable.app.spring.SpringAppEngineConfiguration (OnBeanCondition)

   EventRegistryAutoConfiguration.EventRegistryJmsConfiguration:
      Did not match:
         - @ConditionalOnBean (types: org.springframework.jms.core.JmsOperations; SearchStrategy: all) did not find any beans of type org.springframework.jms.core.JmsOperations (OnBeanCondition)

   EventRegistryAutoConfiguration.EventRegistryKafkaConfiguration:
      Did not match:
         - @ConditionalOnBean (types: org.springframework.kafka.core.KafkaOperations; SearchStrategy: all) did not find any beans of type org.springframework.kafka.core.KafkaOperations (OnBeanCondition)

   EventRegistryAutoConfiguration.EventRegistryRabbitConfiguration:
      Did not match:
         - @ConditionalOnBean (types: org.springframework.amqp.rabbit.core.RabbitOperations; SearchStrategy: all) did not find any beans of type org.springframework.amqp.rabbit.core.RabbitOperations (OnBeanCondition)

   EventRegistryServicesAutoConfiguration.AlreadyInitializedAppEngineConfiguration:
      Did not match:
         - @ConditionalOnBean (types: org.flowable.app.engine.AppEngine; SearchStrategy: all) did not find any beans of type org.flowable.app.engine.AppEngine (OnBeanCondition)

   EventRegistryServicesAutoConfiguration.StandaloneEventRegistryConfiguration:
      Did not match:
         - @ConditionalOnMissingBean (types: org.flowable.eventregistry.impl.EventRegistryEngine,org.flowable.engine.ProcessEngine,org.flowable.app.engine.AppEngine; SearchStrategy: all) found beans of type 'org.flowable.engine.ProcessEngine' processEngine (OnBeanCondition)

   FlowableInfoAutoConfiguration:
      Did not match:
         - @ConditionalOnClass did not find required classes 'org.springframework.boot.actuate.info.InfoContributor', 'org.springframework.boot.actuate.autoconfigure.info.ConditionalOnEnabledInfoContributor' (OnClassCondition)

   FlowableJobConfiguration#taskExecutor:
      Did not match:
         - @ConditionalOnMissingBean (types: org.springframework.core.task.AsyncTaskExecutor; SearchStrategy: all) found beans of type 'org.springframework.core.task.AsyncTaskExecutor' applicationTaskExecutor (OnBeanCondition)

   FlowableLdapAutoConfiguration:
      Did not match:
         - @ConditionalOnClass did not find required classes 'org.flowable.ldap.LDAPConfiguration', 'org.flowable.idm.spring.SpringIdmEngineConfiguration' (OnClassCondition)

   FlowableSecurityAutoConfiguration:
      Did not match:
         - @ConditionalOnBean (types: org.flowable.idm.api.IdmIdentityService; SearchStrategy: all) did not find any beans of type org.flowable.idm.api.IdmIdentityService (OnBeanCondition)
      Matched:
         - @ConditionalOnClass found required classes 'org.springframework.security.authentication.AuthenticationManager', 'org.flowable.idm.api.IdmIdentityService', 'org.flowable.spring.security.FlowableUserDetailsService', 'org.springframework.security.config.annotation.authentication.configuration.GlobalAuthenticationConfigurerAdapter' (OnClassCondition)

   FlowableSecurityAutoConfiguration.SpringSecurityAuthenticationContextConfiguration:
      Did not match:
         - Ancestor org.flowable.spring.boot.FlowableSecurityAutoConfiguration did not match (ConditionEvaluationReport.AncestorsMatchedCondition)
      Matched:
         - @ConditionalOnClass found required class 'org.flowable.common.engine.api.identity.AuthenticationContext' (OnClassCondition)

   FlywayAutoConfiguration.FlywayConfiguration#oracleFlywayConfigurationCustomizer:
      Did not match:
         - @ConditionalOnClass did not find required class 'org.flywaydb.database.oracle.OracleConfigurationExtension' (OnClassCondition)

   FlywayAutoConfiguration.FlywayConfiguration#postgresqlFlywayConfigurationCustomizer:
      Did not match:
         - @ConditionalOnClass did not find required class 'org.flywaydb.database.postgresql.PostgreSQLConfigurationExtension' (OnClassCondition)

   FlywayAutoConfiguration.FlywayConfiguration#sqlServerFlywayConfigurationCustomizer:
      Did not match:
         - @ConditionalOnClass did not find required class 'org.flywaydb.database.sqlserver.SQLServerConfigurationExtension' (OnClassCondition)

   FreeMarkerAutoConfiguration:
      Did not match:
         - @ConditionalOnClass did not find required class 'freemarker.template.Configuration' (OnClassCondition)

   GraphQlAutoConfiguration:
      Did not match:
         - @ConditionalOnClass did not find required class 'graphql.GraphQL' (OnClassCondition)

   GraphQlQueryByExampleAutoConfiguration:
      Did not match:
         - @ConditionalOnClass did not find required class 'graphql.GraphQL' (OnClassCondition)

   GraphQlQuerydslAutoConfiguration:
      Did not match:
         - @ConditionalOnClass did not find required class 'com.querydsl.core.Query' (OnClassCondition)

   GraphQlRSocketAutoConfiguration:
      Did not match:
         - @ConditionalOnClass did not find required class 'graphql.GraphQL' (OnClassCondition)

   GraphQlReactiveQueryByExampleAutoConfiguration:
      Did not match:
         - @ConditionalOnClass did not find required class 'graphql.GraphQL' (OnClassCondition)

   GraphQlReactiveQuerydslAutoConfiguration:
      Did not match:
         - @ConditionalOnClass did not find required class 'com.querydsl.core.Query' (OnClassCondition)

   GraphQlWebFluxAutoConfiguration:
      Did not match:
         - @ConditionalOnClass did not find required class 'graphql.GraphQL' (OnClassCondition)

   GraphQlWebFluxSecurityAutoConfiguration:
      Did not match:
         - @ConditionalOnClass did not find required class 'graphql.GraphQL' (OnClassCondition)

   GraphQlWebMvcAutoConfiguration:
      Did not match:
         - @ConditionalOnClass did not find required class 'graphql.GraphQL' (OnClassCondition)

   GraphQlWebMvcSecurityAutoConfiguration:
      Did not match:
         - @ConditionalOnClass did not find required class 'graphql.GraphQL' (OnClassCondition)

   GroovyTemplateAutoConfiguration:
      Did not match:
         - @ConditionalOnClass did not find required class 'groovy.text.markup.MarkupTemplateEngine' (OnClassCondition)

   GsonHttpMessageConvertersConfiguration.GsonHttpMessageConverterConfiguration:
      Did not match:
         - AnyNestedCondition 0 matched 2 did not; NestedCondition on GsonHttpMessageConvertersConfiguration.PreferGsonOrJacksonAndJsonbUnavailableCondition.JacksonJsonbUnavailable NoneNestedConditions 1 matched 1 did not; NestedCondition on GsonHttpMessageConvertersConfiguration.JacksonAndJsonbUnavailableCondition.JsonbPreferred @ConditionalOnProperty (spring.mvc.converters.preferred-json-mapper=jsonb) did not find property 'spring.mvc.converters.preferred-json-mapper'; NestedCondition on GsonHttpMessageConvertersConfiguration.JacksonAndJsonbUnavailableCondition.JacksonAvailable @ConditionalOnBean (types: org.springframework.http.converter.json.MappingJackson2HttpMessageConverter; SearchStrategy: all) found bean 'mappingJackson2HttpMessageConverter'; NestedCondition on GsonHttpMessageConvertersConfiguration.PreferGsonOrJacksonAndJsonbUnavailableCondition.GsonPreferred @ConditionalOnProperty (spring.mvc.converters.preferred-json-mapper=gson) did not find property 'spring.mvc.converters.preferred-json-mapper' (GsonHttpMessageConvertersConfiguration.PreferGsonOrJacksonAndJsonbUnavailableCondition)

   H2ConsoleAutoConfiguration:
      Did not match:
         - @ConditionalOnClass did not find required class 'org.h2.server.web.JakartaWebServlet' (OnClassCondition)

   HazelcastAutoConfiguration:
      Did not match:
         - @ConditionalOnClass did not find required class 'com.hazelcast.core.HazelcastInstance' (OnClassCondition)

   HazelcastCacheConfiguration:
      Did not match:
         - @ConditionalOnClass did not find required class 'com.hazelcast.core.HazelcastInstance' (OnClassCondition)

   HazelcastJpaDependencyAutoConfiguration:
      Did not match:
         - @ConditionalOnClass did not find required class 'com.hazelcast.core.HazelcastInstance' (OnClassCondition)

   HttpHandlerAutoConfiguration:
      Did not match:
         - @ConditionalOnClass did not find required class 'org.springframework.web.reactive.DispatcherHandler' (OnClassCondition)

   HypermediaAutoConfiguration:
      Did not match:
         - @ConditionalOnClass did not find required class 'org.springframework.hateoas.EntityModel' (OnClassCondition)

   IdmEngineAutoConfiguration:
      Did not match:
         - @ConditionalOnClass did not find required class 'org.flowable.idm.spring.SpringIdmEngineConfiguration' (OnClassCondition)

   IdmEngineServicesAutoConfiguration:
      Did not match:
         - @ConditionalOnClass did not find required class 'org.flowable.idm.spring.SpringIdmEngineConfiguration' (OnClassCondition)

   InfinispanCacheConfiguration:
      Did not match:
         - @ConditionalOnClass did not find required class 'org.infinispan.spring.embedded.provider.SpringEmbeddedCacheManager' (OnClassCondition)

   InfluxDbAutoConfiguration:
      Did not match:
         - @ConditionalOnClass did not find required class 'org.influxdb.InfluxDB' (OnClassCondition)

   IntegrationAutoConfiguration:
      Did not match:
         - @ConditionalOnClass did not find required class 'org.springframework.integration.config.EnableIntegration' (OnClassCondition)

   JCacheCacheConfiguration:
      Did not match:
         - @ConditionalOnClass did not find required class 'javax.cache.Caching' (OnClassCondition)

   JacksonHttpMessageConvertersConfiguration.MappingJackson2XmlHttpMessageConverterConfiguration:
      Did not match:
         - @ConditionalOnClass did not find required class 'com.fasterxml.jackson.dataformat.xml.XmlMapper' (OnClassCondition)

   JdbcRepositoriesAutoConfiguration:
      Did not match:
         - @ConditionalOnClass did not find required class 'org.springframework.data.jdbc.repository.config.AbstractJdbcConfiguration' (OnClassCondition)

   JerseyAutoConfiguration:
      Did not match:
         - @ConditionalOnClass did not find required class 'org.glassfish.jersey.server.spring.SpringComponentProvider' (OnClassCondition)

   JmsAutoConfiguration:
      Did not match:
         - @ConditionalOnClass did not find required class 'jakarta.jms.Message' (OnClassCondition)

   JmxAutoConfiguration:
      Did not match:
         - @ConditionalOnProperty (spring.jmx.enabled=true) did not find property 'enabled' (OnPropertyCondition)
      Matched:
         - @ConditionalOnClass found required class 'org.springframework.jmx.export.MBeanExporter' (OnClassCondition)

   JndiConnectionFactoryAutoConfiguration:
      Did not match:
         - @ConditionalOnClass did not find required class 'org.springframework.jms.core.JmsTemplate' (OnClassCondition)

   JndiDataSourceAutoConfiguration:
      Did not match:
         - @ConditionalOnProperty (spring.datasource.jndi-name) did not find property 'jndi-name' (OnPropertyCondition)
      Matched:
         - @ConditionalOnClass found required classes 'javax.sql.DataSource', 'org.springframework.jdbc.datasource.embedded.EmbeddedDatabaseType' (OnClassCondition)

   JndiJtaConfiguration:
      Did not match:
         - @ConditionalOnJndi JNDI environment is not available (OnJndiCondition)
      Matched:
         - @ConditionalOnClass found required class 'org.springframework.transaction.jta.JtaTransactionManager' (OnClassCondition)

   JooqAutoConfiguration:
      Did not match:
         - @ConditionalOnClass did not find required class 'org.jooq.DSLContext' (OnClassCondition)

   JpaBaseConfiguration.JpaWebConfiguration:
      Did not match:
         - @ConditionalOnProperty (spring.jpa.open-in-view=true) found different value in property 'open-in-view' (OnPropertyCondition)
      Matched:
         - @ConditionalOnClass found required class 'org.springframework.web.servlet.config.annotation.WebMvcConfigurer' (OnClassCondition)
         - found 'session' scope (OnWebApplicationCondition)

   JpaRepositoriesAutoConfiguration#entityManagerFactoryBootstrapExecutorCustomizer:
      Did not match:
         - AnyNestedCondition 0 matched 2 did not; NestedCondition on JpaRepositoriesAutoConfiguration.BootstrapExecutorCondition.LazyBootstrapMode @ConditionalOnProperty (spring.data.jpa.repositories.bootstrap-mode=lazy) did not find property 'bootstrap-mode'; NestedCondition on JpaRepositoriesAutoConfiguration.BootstrapExecutorCondition.DeferredBootstrapMode @ConditionalOnProperty (spring.data.jpa.repositories.bootstrap-mode=deferred) did not find property 'bootstrap-mode' (JpaRepositoriesAutoConfiguration.BootstrapExecutorCondition)

   JsonbAutoConfiguration:
      Did not match:
         - @ConditionalOnClass did not find required class 'jakarta.json.bind.Jsonb' (OnClassCondition)

   JsonbHttpMessageConvertersConfiguration:
      Did not match:
         - @ConditionalOnClass did not find required class 'jakarta.json.bind.Jsonb' (OnClassCondition)

   KafkaAutoConfiguration:
      Did not match:
         - @ConditionalOnClass did not find required class 'org.springframework.kafka.core.KafkaTemplate' (OnClassCondition)

   LdapAutoConfiguration:
      Did not match:
         - @ConditionalOnClass did not find required class 'org.springframework.ldap.core.ContextSource' (OnClassCondition)

   LdapRepositoriesAutoConfiguration:
      Did not match:
         - @ConditionalOnClass did not find required class 'org.springframework.data.ldap.repository.LdapRepository' (OnClassCondition)

   LiquibaseAutoConfiguration:
      Did not match:
         - @ConditionalOnProperty (spring.liquibase.enabled) found different value in property 'enabled' (OnPropertyCondition)
      Matched:
         - @ConditionalOnClass found required classes 'liquibase.integration.spring.SpringLiquibase', 'liquibase.change.DatabaseChange' (OnClassCondition)

   MailSenderAutoConfiguration:
      Did not match:
         - @ConditionalOnClass did not find required class 'org.springframework.mail.MailSender' (OnClassCondition)

   MailSenderValidatorAutoConfiguration:
      Did not match:
         - @ConditionalOnSingleCandidate did not find required type 'org.springframework.mail.javamail.JavaMailSenderImpl' (OnBeanCondition)

   MessageSourceAutoConfiguration:
      Did not match:
         - ResourceBundle did not find bundle with basename messages (MessageSourceAutoConfiguration.ResourceBundleCondition)

   MongoAutoConfiguration:
      Did not match:
         - @ConditionalOnClass did not find required class 'com.mongodb.client.MongoClient' (OnClassCondition)

   MongoDataAutoConfiguration:
      Did not match:
         - @ConditionalOnClass did not find required class 'com.mongodb.client.MongoClient' (OnClassCondition)

   MongoReactiveAutoConfiguration:
      Did not match:
         - @ConditionalOnClass did not find required class 'com.mongodb.reactivestreams.client.MongoClient' (OnClassCondition)

   MongoReactiveDataAutoConfiguration:
      Did not match:
         - @ConditionalOnClass did not find required class 'com.mongodb.reactivestreams.client.MongoClient' (OnClassCondition)

   MongoReactiveRepositoriesAutoConfiguration:
      Did not match:
         - @ConditionalOnClass did not find required class 'com.mongodb.reactivestreams.client.MongoClient' (OnClassCondition)

   MongoRepositoriesAutoConfiguration:
      Did not match:
         - @ConditionalOnClass did not find required class 'com.mongodb.client.MongoClient' (OnClassCondition)

   MustacheAutoConfiguration:
      Did not match:
         - @ConditionalOnClass did not find required class 'com.samskivert.mustache.Mustache' (OnClassCondition)

   Neo4jAutoConfiguration:
      Did not match:
         - @ConditionalOnClass did not find required class 'org.neo4j.driver.Driver' (OnClassCondition)

   Neo4jDataAutoConfiguration:
      Did not match:
         - @ConditionalOnClass did not find required class 'org.neo4j.driver.Driver' (OnClassCondition)

   Neo4jReactiveDataAutoConfiguration:
      Did not match:
         - @ConditionalOnClass did not find required class 'org.neo4j.driver.Driver' (OnClassCondition)

   Neo4jReactiveRepositoriesAutoConfiguration:
      Did not match:
         - @ConditionalOnClass did not find required class 'org.neo4j.driver.Driver' (OnClassCondition)

   Neo4jRepositoriesAutoConfiguration:
      Did not match:
         - @ConditionalOnClass did not find required class 'org.neo4j.driver.Driver' (OnClassCondition)

   NettyAutoConfiguration:
      Did not match:
         - @ConditionalOnClass did not find required class 'io.netty.util.NettyRuntime' (OnClassCondition)

   OAuth2AuthorizationServerAutoConfiguration:
      Did not match:
         - @ConditionalOnClass did not find required class 'org.springframework.security.oauth2.server.authorization.OAuth2Authorization' (OnClassCondition)

   OAuth2AuthorizationServerJwtAutoConfiguration:
      Did not match:
         - @ConditionalOnClass did not find required class 'org.springframework.security.oauth2.server.authorization.OAuth2Authorization' (OnClassCondition)

   OAuth2ClientAutoConfiguration:
      Did not match:
         - @ConditionalOnClass did not find required class 'org.springframework.security.oauth2.client.registration.ClientRegistration' (OnClassCondition)

   OAuth2ResourceServerAutoConfiguration:
      Did not match:
         - @ConditionalOnClass did not find required class 'org.springframework.security.oauth2.server.resource.authentication.BearerTokenAuthenticationToken' (OnClassCondition)

   ProcessEngineAutoConfiguration#asyncHistoryExecutor:
      Did not match:
         - @ConditionalOnProperty (flowable.process.async-history.enable) did not find property 'async-history.enable' (OnPropertyCondition)

   ProcessEngineAutoConfiguration#processAsyncHistoryExecutorConfiguration:
      Did not match:
         - @ConditionalOnProperty (flowable.process.async-history.enable) did not find property 'async-history.enable' (OnPropertyCondition)

   ProcessEngineAutoConfiguration.ProcessEngineAppConfiguration:
      Did not match:
         - @ConditionalOnBean (types: org.flowable.app.spring.SpringAppEngineConfiguration; SearchStrategy: all) did not find any beans of type org.flowable.app.spring.SpringAppEngineConfiguration (OnBeanCondition)

   ProcessEngineServicesAutoConfiguration.AlreadyInitializedAppEngineConfiguration:
      Did not match:
         - @ConditionalOnBean (types: org.flowable.app.engine.AppEngine; SearchStrategy: all) did not find any beans of type org.flowable.app.engine.AppEngine (OnBeanCondition)

   ProjectInfoAutoConfiguration#buildProperties:
      Did not match:
         - @ConditionalOnResource did not find resource '${spring.info.build.location:classpath:META-INF/build-info.properties}' (OnResourceCondition)

   ProjectInfoAutoConfiguration#gitProperties:
      Did not match:
         - GitResource did not find git info at classpath:git.properties (ProjectInfoAutoConfiguration.GitResourceAvailableCondition)

   PulsarAutoConfiguration:
      Did not match:
         - @ConditionalOnClass did not find required class 'org.apache.pulsar.client.api.PulsarClient' (OnClassCondition)

   PulsarReactiveAutoConfiguration:
      Did not match:
         - @ConditionalOnClass did not find required class 'org.apache.pulsar.client.api.PulsarClient' (OnClassCondition)

   QuartzAutoConfiguration:
      Did not match:
         - @ConditionalOnClass did not find required class 'org.quartz.Scheduler' (OnClassCondition)

   R2dbcAutoConfiguration:
      Did not match:
         - @ConditionalOnClass did not find required class 'io.r2dbc.spi.ConnectionFactory' (OnClassCondition)

   R2dbcDataAutoConfiguration:
      Did not match:
         - @ConditionalOnClass did not find required class 'org.springframework.data.r2dbc.core.R2dbcEntityTemplate' (OnClassCondition)

   R2dbcInitializationConfiguration:
      Did not match:
         - @ConditionalOnClass did not find required classes 'io.r2dbc.spi.ConnectionFactory', 'org.springframework.r2dbc.connection.init.DatabasePopulator' (OnClassCondition)

   R2dbcRepositoriesAutoConfiguration:
      Did not match:
         - @ConditionalOnClass did not find required class 'io.r2dbc.spi.ConnectionFactory' (OnClassCondition)

   R2dbcTransactionManagerAutoConfiguration:
      Did not match:
         - @ConditionalOnClass did not find required class 'org.springframework.r2dbc.connection.R2dbcTransactionManager' (OnClassCondition)

   RSocketGraphQlClientAutoConfiguration:
      Did not match:
         - @ConditionalOnClass did not find required class 'graphql.GraphQL' (OnClassCondition)

   RSocketMessagingAutoConfiguration:
      Did not match:
         - @ConditionalOnClass did not find required class 'io.rsocket.RSocket' (OnClassCondition)

   RSocketRequesterAutoConfiguration:
      Did not match:
         - @ConditionalOnClass did not find required class 'io.rsocket.RSocket' (OnClassCondition)

   RSocketSecurityAutoConfiguration:
      Did not match:
         - @ConditionalOnClass did not find required class 'org.springframework.security.rsocket.core.SecuritySocketAcceptorInterceptor' (OnClassCondition)

   RSocketServerAutoConfiguration:
      Did not match:
         - @ConditionalOnClass did not find required class 'io.rsocket.core.RSocketServer' (OnClassCondition)

   RSocketStrategiesAutoConfiguration:
      Did not match:
         - @ConditionalOnClass did not find required class 'io.netty.buffer.PooledByteBufAllocator' (OnClassCondition)

   RabbitAutoConfiguration:
      Did not match:
         - @ConditionalOnClass did not find required class 'com.rabbitmq.client.Channel' (OnClassCondition)

   ReactiveElasticsearchClientAutoConfiguration:
      Did not match:
         - @ConditionalOnClass did not find required class 'co.elastic.clients.transport.ElasticsearchTransport' (OnClassCondition)

   ReactiveElasticsearchRepositoriesAutoConfiguration:
      Did not match:
         - @ConditionalOnClass did not find required class 'reactor.core.publisher.Mono' (OnClassCondition)

   ReactiveMultipartAutoConfiguration:
      Did not match:
         - @ConditionalOnClass did not find required class 'org.springframework.web.reactive.config.WebFluxConfigurer' (OnClassCondition)

   ReactiveOAuth2ClientAutoConfiguration:
      Did not match:
         - @ConditionalOnClass did not find required class 'reactor.core.publisher.Flux' (OnClassCondition)

   ReactiveOAuth2ResourceServerAutoConfiguration:
      Did not match:
         - @ConditionalOnWebApplication did not find reactive web application classes (OnWebApplicationCondition)

   ReactiveSecurityAutoConfiguration:
      Did not match:
         - @ConditionalOnClass did not find required class 'reactor.core.publisher.Flux' (OnClassCondition)

   ReactiveUserDetailsServiceAutoConfiguration:
      Did not match:
         - AnyNestedCondition 0 matched 2 did not; NestedCondition on ReactiveUserDetailsServiceAutoConfiguration.RSocketEnabledOrReactiveWebApplication.ReactiveWebApplicationCondition did not find reactive web application classes; NestedCondition on ReactiveUserDetailsServiceAutoConfiguration.RSocketEnabledOrReactiveWebApplication.RSocketSecurityEnabledCondition @ConditionalOnBean (types: org.springframework.messaging.rsocket.annotation.support.RSocketMessageHandler; SearchStrategy: all) did not find any beans of type org.springframework.messaging.rsocket.annotation.support.RSocketMessageHandler (ReactiveUserDetailsServiceAutoConfiguration.RSocketEnabledOrReactiveWebApplication)
      Matched:
         - @ConditionalOnClass found required class 'org.springframework.security.authentication.ReactiveAuthenticationManager' (OnClassCondition)
         - AnyNestedCondition 1 matched 2 did not; NestedCondition on ReactiveUserDetailsServiceAutoConfiguration.MissingAlternativeOrUserPropertiesConfigured.PasswordConfigured @ConditionalOnProperty (spring.security.user.password) did not find property 'password'; NestedCondition on ReactiveUserDetailsServiceAutoConfiguration.MissingAlternativeOrUserPropertiesConfigured.NameConfigured @ConditionalOnProperty (spring.security.user.name) did not find property 'name'; NestedCondition on ReactiveUserDetailsServiceAutoConfiguration.MissingAlternativeOrUserPropertiesConfigured.MissingAlternative @ConditionalOnMissingClass did not find unwanted classes 'org.springframework.security.oauth2.client.registration.ClientRegistrationRepository', 'org.springframework.security.oauth2.server.resource.introspection.ReactiveOpaqueTokenIntrospector' (ReactiveUserDetailsServiceAutoConfiguration.MissingAlternativeOrUserPropertiesConfigured)

   ReactiveWebServerFactoryAutoConfiguration:
      Did not match:
         - @ConditionalOnWebApplication did not find reactive web application classes (OnWebApplicationCondition)

   ReactorAutoConfiguration:
      Did not match:
         - @ConditionalOnClass did not find required class 'reactor.core.publisher.Hooks' (OnClassCondition)

   RedisAutoConfiguration:
      Did not match:
         - @ConditionalOnClass did not find required class 'org.springframework.data.redis.core.RedisOperations' (OnClassCondition)

   RedisCacheConfiguration:
      Did not match:
         - @ConditionalOnClass did not find required class 'org.springframework.data.redis.connection.RedisConnectionFactory' (OnClassCondition)

   RedisReactiveAutoConfiguration:
      Did not match:
         - @ConditionalOnClass did not find required class 'reactor.core.publisher.Flux' (OnClassCondition)

   RedisRepositoriesAutoConfiguration:
      Did not match:
         - @ConditionalOnClass did not find required class 'org.springframework.data.redis.repository.configuration.EnableRedisRepositories' (OnClassCondition)

   RepositoryRestMvcAutoConfiguration:
      Did not match:
         - @ConditionalOnClass did not find required class 'org.springframework.data.rest.webmvc.config.RepositoryRestMvcConfiguration' (OnClassCondition)

   RestApiAutoConfiguration:
      Did not match:
         - @ConditionalOnClass did not find required class 'org.flowable.common.rest.resolver.ContentTypeResolver' (OnClassCondition)

   Saml2RelyingPartyAutoConfiguration:
      Did not match:
         - @ConditionalOnClass did not find required class 'org.springframework.security.saml2.provider.service.registration.RelyingPartyRegistrationRepository' (OnClassCondition)

   SecurityDataConfiguration:
      Did not match:
         - @ConditionalOnClass did not find required class 'org.springframework.security.data.repository.query.SecurityEvaluationContextExtension' (OnClassCondition)

   SendGridAutoConfiguration:
      Did not match:
         - @ConditionalOnClass did not find required class 'com.sendgrid.SendGrid' (OnClassCondition)

   ServletWebServerFactoryAutoConfiguration.ForwardedHeaderFilterConfiguration:
      Did not match:
         - @ConditionalOnProperty (server.forward-headers-strategy=framework) did not find property 'server.forward-headers-strategy' (OnPropertyCondition)

   ServletWebServerFactoryConfiguration.EmbeddedJetty:
      Did not match:
         - @ConditionalOnClass did not find required classes 'org.eclipse.jetty.server.Server', 'org.eclipse.jetty.util.Loader', 'org.eclipse.jetty.ee10.webapp.WebAppContext' (OnClassCondition)

   ServletWebServerFactoryConfiguration.EmbeddedUndertow:
      Did not match:
         - @ConditionalOnClass did not find required classes 'io.undertow.Undertow', 'org.xnio.SslClientAuthMode' (OnClassCondition)

   SessionAutoConfiguration:
      Did not match:
         - @ConditionalOnClass did not find required class 'org.springframework.session.Session' (OnClassCondition)

   SpringApplicationAdminJmxAutoConfiguration:
      Did not match:
         - @ConditionalOnProperty (spring.application.admin.enabled=true) did not find property 'enabled' (OnPropertyCondition)

   SpringBootWebSecurityConfiguration.SecurityFilterChainConfiguration:
      Did not match:
         - AllNestedConditions 1 matched 1 did not; NestedCondition on DefaultWebSecurityCondition.Beans @ConditionalOnMissingBean (types: org.springframework.security.web.SecurityFilterChain; SearchStrategy: all) found beans of type 'org.springframework.security.web.SecurityFilterChain' securityFilterChain; NestedCondition on DefaultWebSecurityCondition.Classes @ConditionalOnClass found required classes 'org.springframework.security.web.SecurityFilterChain', 'org.springframework.security.config.annotation.web.builders.HttpSecurity' (DefaultWebSecurityCondition)

   SpringBootWebSecurityConfiguration.WebSecurityEnablerConfiguration:
      Did not match:
         - @ConditionalOnMissingBean (names: springSecurityFilterChain; SearchStrategy: all) found beans named springSecurityFilterChain (OnBeanCondition)
      Matched:
         - @ConditionalOnClass found required class 'org.springframework.security.config.annotation.web.configuration.EnableWebSecurity' (OnClassCondition)

   TaskExecutorConfigurations.SimpleAsyncTaskExecutorBuilderConfiguration#simpleAsyncTaskExecutorBuilderVirtualThreads:
      Did not match:
         - @ConditionalOnMissingBean (types: org.springframework.boot.task.SimpleAsyncTaskExecutorBuilder; SearchStrategy: all) found beans of type 'org.springframework.boot.task.SimpleAsyncTaskExecutorBuilder' simpleAsyncTaskExecutorBuilder (OnBeanCondition)

   TaskExecutorConfigurations.TaskExecutorConfiguration#applicationTaskExecutorVirtualThreads:
      Did not match:
         - @ConditionalOnThreading did not find VIRTUAL (OnThreadingCondition)

   TaskSchedulingAutoConfiguration#scheduledBeanLazyInitializationExcludeFilter:
      Did not match:
         - @ConditionalOnBean (names: org.springframework.context.annotation.internalScheduledAnnotationProcessor; SearchStrategy: all) did not find any beans named org.springframework.context.annotation.internalScheduledAnnotationProcessor (OnBeanCondition)

   TaskSchedulingConfigurations.SimpleAsyncTaskSchedulerBuilderConfiguration#simpleAsyncTaskSchedulerBuilderVirtualThreads:
      Did not match:
         - @ConditionalOnMissingBean (types: org.springframework.boot.task.SimpleAsyncTaskSchedulerBuilder; SearchStrategy: all) found beans of type 'org.springframework.boot.task.SimpleAsyncTaskSchedulerBuilder' simpleAsyncTaskSchedulerBuilder (OnBeanCondition)

   TaskSchedulingConfigurations.TaskSchedulerConfiguration:
      Did not match:
         - @ConditionalOnBean (names: org.springframework.context.annotation.internalScheduledAnnotationProcessor; SearchStrategy: all) did not find any beans named org.springframework.context.annotation.internalScheduledAnnotationProcessor (OnBeanCondition)

   ThymeleafAutoConfiguration:
      Did not match:
         - @ConditionalOnClass did not find required class 'org.thymeleaf.spring6.SpringTemplateEngine' (OnClassCondition)

   TransactionAutoConfiguration#transactionalOperator:
      Did not match:
         - @ConditionalOnSingleCandidate (types: org.springframework.transaction.ReactiveTransactionManager; SearchStrategy: all) did not find any beans (OnBeanCondition)

   TransactionAutoConfiguration.AspectJTransactionManagementConfiguration:
      Did not match:
         - @ConditionalOnBean (types: org.springframework.transaction.aspectj.AbstractTransactionAspect; SearchStrategy: all) did not find any beans of type org.springframework.transaction.aspectj.AbstractTransactionAspect (OnBeanCondition)

   TransactionAutoConfiguration.EnableTransactionManagementConfiguration.JdkDynamicAutoProxyConfiguration:
      Did not match:
         - @ConditionalOnProperty (spring.aop.proxy-target-class=false) did not find property 'proxy-target-class' (OnPropertyCondition)

   UserDetailsServiceAutoConfiguration:
      Did not match:
         - @ConditionalOnMissingBean (types: org.springframework.security.authentication.AuthenticationManager,org.springframework.security.authentication.AuthenticationProvider,org.springframework.security.core.userdetails.UserDetailsService,org.springframework.security.authentication.AuthenticationManagerResolver,org.springframework.security.oauth2.jwt.JwtDecoder; SearchStrategy: all) found beans of type 'org.springframework.security.authentication.AuthenticationManager' authenticationManager and found beans of type 'org.springframework.security.core.userdetails.UserDetailsService' appUserDetailsService and found beans of type 'org.springframework.security.authentication.AuthenticationProvider' authenticationProvider (OnBeanCondition)
      Matched:
         - @ConditionalOnClass found required class 'org.springframework.security.authentication.AuthenticationManager' (OnClassCondition)
         - AnyNestedCondition 1 matched 2 did not; NestedCondition on UserDetailsServiceAutoConfiguration.MissingAlternativeOrUserPropertiesConfigured.PasswordConfigured @ConditionalOnProperty (spring.security.user.password) did not find property 'password'; NestedCondition on UserDetailsServiceAutoConfiguration.MissingAlternativeOrUserPropertiesConfigured.NameConfigured @ConditionalOnProperty (spring.security.user.name) did not find property 'name'; NestedCondition on UserDetailsServiceAutoConfiguration.MissingAlternativeOrUserPropertiesConfigured.MissingAlternative @ConditionalOnMissingClass did not find unwanted classes 'org.springframework.security.oauth2.client.registration.ClientRegistrationRepository', 'org.springframework.security.oauth2.server.resource.introspection.OpaqueTokenIntrospector', 'org.springframework.security.saml2.provider.service.registration.RelyingPartyRegistrationRepository' (UserDetailsServiceAutoConfiguration.MissingAlternativeOrUserPropertiesConfigured)

   WebClientAutoConfiguration:
      Did not match:
         - @ConditionalOnClass did not find required class 'org.springframework.web.reactive.function.client.WebClient' (OnClassCondition)

   WebFluxAutoConfiguration:
      Did not match:
         - @ConditionalOnClass did not find required class 'org.springframework.web.reactive.config.WebFluxConfigurer' (OnClassCondition)

   WebMvcAutoConfiguration#hiddenHttpMethodFilter:
      Did not match:
         - @ConditionalOnProperty (spring.mvc.hiddenmethod.filter.enabled) did not find property 'enabled' (OnPropertyCondition)

   WebMvcAutoConfiguration.ProblemDetailsErrorHandlingConfiguration:
      Did not match:
         - @ConditionalOnProperty (spring.mvc.problemdetails.enabled=true) did not find property 'enabled' (OnPropertyCondition)

   WebMvcAutoConfiguration.ResourceChainCustomizerConfiguration:
      Did not match:
         - @ConditionalOnEnabledResourceChain did not find class org.webjars.WebJarAssetLocator (OnEnabledResourceChainCondition)

   WebMvcAutoConfiguration.WebMvcAutoConfigurationAdapter#beanNameViewResolver:
      Did not match:
         - @ConditionalOnMissingBean (types: org.springframework.web.servlet.view.BeanNameViewResolver; SearchStrategy: all) found beans of type 'org.springframework.web.servlet.view.BeanNameViewResolver' beanNameViewResolver (OnBeanCondition)

   WebServiceTemplateAutoConfiguration:
      Did not match:
         - @ConditionalOnClass did not find required class 'org.springframework.oxm.Marshaller' (OnClassCondition)

   WebServicesAutoConfiguration:
      Did not match:
         - @ConditionalOnClass did not find required class 'org.springframework.ws.transport.http.MessageDispatcherServlet' (OnClassCondition)

   WebSessionIdResolverAutoConfiguration:
      Did not match:
         - @ConditionalOnClass did not find required class 'reactor.core.publisher.Mono' (OnClassCondition)

   WebSocketMessagingAutoConfiguration:
      Did not match:
         - @ConditionalOnClass did not find required class 'org.springframework.web.socket.config.annotation.WebSocketMessageBrokerConfigurer' (OnClassCondition)

   WebSocketReactiveAutoConfiguration:
      Did not match:
         - @ConditionalOnWebApplication did not find reactive web application classes (OnWebApplicationCondition)

   WebSocketServletAutoConfiguration.JettyWebSocketConfiguration:
      Did not match:
         - @ConditionalOnClass did not find required class 'org.eclipse.jetty.ee10.websocket.jakarta.server.config.JakartaWebSocketServletContainerInitializer' (OnClassCondition)

   WebSocketServletAutoConfiguration.UndertowWebSocketConfiguration:
      Did not match:
         - @ConditionalOnClass did not find required class 'io.undertow.websockets.jsr.Bootstrap' (OnClassCondition)

   XADataSourceAutoConfiguration:
      Did not match:
         - @ConditionalOnBean (types: org.springframework.boot.jdbc.XADataSourceWrapper; SearchStrategy: all) did not find any beans of type org.springframework.boot.jdbc.XADataSourceWrapper (OnBeanCondition)
      Matched:
         - @ConditionalOnClass found required classes 'javax.sql.DataSource', 'jakarta.transaction.TransactionManager', 'org.springframework.jdbc.datasource.embedded.EmbeddedDatabaseType' (OnClassCondition)


Exclusions:
-----------

    None


Unconditional classes:
----------------------

    org.springframework.boot.autoconfigure.context.ConfigurationPropertiesAutoConfiguration

    org.springframework.boot.autoconfigure.ssl.SslAutoConfiguration

    org.springframework.boot.autoconfigure.context.PropertyPlaceholderAutoConfiguration

    org.springframework.boot.autoconfigure.context.LifecycleAutoConfiguration

    org.springframework.boot.autoconfigure.availability.ApplicationAvailabilityAutoConfiguration

    org.springframework.boot.autoconfigure.info.ProjectInfoAutoConfiguration



2026-04-10T16:13:57.925+07:00  INFO 16436 --- [ulos] [           main] com.enterprise.ulos.UlosApplication      : Started UlosApplication in 52.746 seconds (process running for 53.773)
2026-04-10T16:13:57.930+07:00 DEBUG 16436 --- [ulos] [           main] o.s.b.a.ApplicationAvailabilityBean      : Application availability state LivenessState changed to CORRECT
2026-04-10T16:13:58.421+07:00  INFO 16436 --- [ulos] [nio-8081-exec-1] o.a.c.c.C.[Tomcat].[localhost].[/]       : Initializing Spring DispatcherServlet 'dispatcherServlet'
2026-04-10T16:13:58.424+07:00  INFO 16436 --- [ulos] [nio-8081-exec-1] o.s.web.servlet.DispatcherServlet        : Initializing Servlet 'dispatcherServlet'
2026-04-10T16:13:58.425+07:00 DEBUG 16436 --- [ulos] [nio-8081-exec-1] o.s.web.servlet.DispatcherServlet        : Detected StandardServletMultipartResolver
2026-04-10T16:13:58.425+07:00 DEBUG 16436 --- [ulos] [nio-8081-exec-1] o.s.web.servlet.DispatcherServlet        : Detected AcceptHeaderLocaleResolver
2026-04-10T16:13:58.427+07:00 DEBUG 16436 --- [ulos] [nio-8081-exec-1] o.s.web.servlet.DispatcherServlet        : Detected FixedThemeResolver
2026-04-10T16:13:58.437+07:00 DEBUG 16436 --- [ulos] [nio-8081-exec-1] o.s.web.servlet.DispatcherServlet        : Detected org.springframework.web.servlet.view.DefaultRequestToViewNameTranslator@55117fea
2026-04-10T16:13:58.439+07:00 DEBUG 16436 --- [ulos] [nio-8081-exec-1] o.s.web.servlet.DispatcherServlet        : Detected org.springframework.web.servlet.support.SessionFlashMapManager@3c16cd6c
2026-04-10T16:13:58.440+07:00 DEBUG 16436 --- [ulos] [nio-8081-exec-1] o.s.web.servlet.DispatcherServlet        : enableLoggingRequestDetails='false': request parameters and headers will be masked to prevent unsafe logging of potentially sensitive data
2026-04-10T16:13:58.440+07:00  INFO 16436 --- [ulos] [nio-8081-exec-1] o.s.web.servlet.DispatcherServlet        : Completed initialization in 16 ms
2026-04-10T16:13:58.539+07:00 DEBUG 16436 --- [ulos] [nio-8081-exec-1] o.s.web.servlet.DispatcherServlet        : POST "/api/auth/login", parameters={}
2026-04-10T16:13:58.546+07:00 DEBUG 16436 --- [ulos] [nio-8081-exec-1] s.w.s.m.m.a.RequestMappingHandlerMapping : Mapped to com.enterprise.ulos.los.controller.AuthController#login(LoginRequest)
2026-04-10T16:13:58.824+07:00 DEBUG 16436 --- [ulos] [nio-8081-exec-1] m.m.a.RequestResponseBodyMethodProcessor : Read "application/json;charset=UTF-8" to [LoginRequest[username=admin, password=admin123]]
2026-04-10T16:13:59.720+07:00 DEBUG 16436 --- [ulos] [           main] org.hibernate.SQL                        : 
    select
        count(*) 
    from
        app_user aue1_0
2026-04-10T16:13:59.775+07:00 DEBUG 16436 --- [ulos] [nio-8081-exec-1] org.hibernate.SQL                        : 
    select
        aue1_0.id,
        aue1_0.active_flag,
        aue1_0.created_at,
        aue1_0.email,
        aue1_0.full_name,
        aue1_0.password_hash,
        aue1_0.updated_at,
        aue1_0.username 
    from
        app_user aue1_0 
    where
        aue1_0.username=?
2026-04-10T16:13:59.796+07:00 DEBUG 16436 --- [ulos] [           main] org.hibernate.SQL                        : 
    select
        count(*) 
    from
        customer_portfolio cpe1_0 
    where
        cpe1_0.cif_number=?
2026-04-10T16:13:59.838+07:00 DEBUG 16436 --- [ulos] [           main] org.hibernate.SQL                        : 
    select
        count(*) 
    from
        credit_application cae1_0 
    where
        cae1_0.application_id=?
2026-04-10T16:13:59.880+07:00 DEBUG 16436 --- [ulos] [           main] org.hibernate.SQL                        : 
    select
        cae1_0.application_id,
        cae1_0.application_date,
        cae1_0.application_type,
        cae1_0.available_limit,
        cae1_0.bi_sector_code,
        cae1_0.branch_name,
        cae1_0.cbc_name,
        cae1_0.collateral_coverage,
        cae1_0.core_capital_bank,
        cae1_0.created_at,
        cae1_0.created_by,
        cae1_0.current_approval_tier,
        cae1_0.current_ratio,
        cae1_0.customer_cif,
        cae1_0.debt_to_equity_ratio,
        cae1_0.esg_green_status,
        cae1_0.existing_exposure_group,
        cae1_0.group_relationship_status,
        cae1_0.industry_outlook,
        cae1_0.justification_note,
        cae1_0.max_lending_limit_percentage,
        cae1_0.process_instance_id,
        cae1_0.proposed_exposure,
        cae1_0.region_name,
        cae1_0.rm_username,
        cae1_0.sub_sector_description,
        cae1_0.updated_at,
        cae1_0.workflow_status 
    from
        credit_application cae1_0 
    where
        cae1_0.application_id=?
2026-04-10T16:13:59.896+07:00 DEBUG 16436 --- [ulos] [nio-8081-exec-1] org.hibernate.SQL                        : 
    select
        r1_0.user_id,
        r1_1.id,
        r1_1.code,
        r1_1.created_at,
        r1_1.description,
        r1_1.name,
        r1_1.updated_at 
    from
        app_user_role r1_0 
    join
        app_role r1_1 
            on r1_1.id=r1_0.role_id 
    where
        r1_0.user_id=?
2026-04-10T16:13:59.930+07:00 DEBUG 16436 --- [ulos] [           main] org.hibernate.SQL                        : 
    select
        cae1_0.application_id,
        cae1_0.application_date,
        cae1_0.application_type,
        cae1_0.available_limit,
        cae1_0.bi_sector_code,
        cae1_0.branch_name,
        cae1_0.cbc_name,
        cae1_0.collateral_coverage,
        cae1_0.core_capital_bank,
        cae1_0.created_at,
        cae1_0.created_by,
        cae1_0.current_approval_tier,
        cae1_0.current_ratio,
        cae1_0.customer_cif,
        cae1_0.debt_to_equity_ratio,
        cae1_0.esg_green_status,
        cae1_0.existing_exposure_group,
        cae1_0.group_relationship_status,
        cae1_0.industry_outlook,
        cae1_0.justification_note,
        cae1_0.max_lending_limit_percentage,
        cae1_0.process_instance_id,
        cae1_0.proposed_exposure,
        cae1_0.region_name,
        cae1_0.rm_username,
        cae1_0.sub_sector_description,
        cae1_0.updated_at,
        cae1_0.workflow_status 
    from
        credit_application cae1_0 
    where
        cae1_0.application_id=?
2026-04-10T16:13:59.935+07:00 DEBUG 16436 --- [ulos] [           main] org.hibernate.SQL                        : 
    select
        cpe1_0.cif_number,
        cpe1_0.business_license,
        cpe1_0.company_name,
        cpe1_0.company_type,
        cpe1_0.created_at,
        cpe1_0.date_of_establishment,
        cpe1_0.factory_address,
        cpe1_0.office_address,
        cpe1_0.place_of_establishment,
        cpe1_0.tax_id,
        cpe1_0.updated_at 
    from
        customer_portfolio cpe1_0 
    where
        cpe1_0.cif_number=?
2026-04-10T16:13:59.954+07:00 DEBUG 16436 --- [ulos] [           main] org.hibernate.SQL                        : 
    select
        fs1_0.customer_cif,
        fs1_0.id,
        fs1_0.accounts_payable,
        fs1_0.accounts_receivable,
        as1_0.id,
        as1_0.ap_days,
        as1_0.ar_days,
        as1_0.cash_conversion_cycle,
        as1_0.created_at,
        as1_0.current_ratio,
        as1_0.debt_to_equity_ratio,
        as1_0.financial_statement_id,
        as1_0.gross_profit_margin,
        as1_0.interest_coverage_ratio,
        as1_0.inventory_days,
        as1_0.net_profit_margin,
        as1_0.quick_ratio,
        as1_0.return_on_assets,
        as1_0.return_on_equity,
        as1_0.updated_at,
        fs1_0.audit_status,
        fs1_0.auditor_name,
        fs1_0.cash,
        fs1_0.cogs,
        fs1_0.consolidated_flag,
        fs1_0.created_at,
        fs1_0.ebitda,
        fs1_0.fixed_assets,
        fs1_0.gross_profit,
        fs1_0.group_holding_name,
        fs1_0.intercompany_elimination,
        fs1_0.interest_expense,
        fs1_0.inventory,
        fs1_0.long_term_loan,
        fs1_0.net_income,
        fs1_0.operating_expenses,
        fs1_0.period_label,
        fs1_0.sales_revenue,
        fs1_0.short_term_loan,
        fs1_0.statement_id,
        fs1_0.total_equity,
        fs1_0.updated_at 
    from
        financial_statement fs1_0 
    left join
        financial_analysis_snapshot as1_0 
            on fs1_0.id=as1_0.financial_statement_id 
    where
        fs1_0.customer_cif=?
2026-04-10T16:13:59.962+07:00 DEBUG 16436 --- [ulos] [           main] org.hibernate.SQL                        : 
    select
        f1_0.application_id,
        f1_0.id,
        f1_0.admin_fee,
        f1_0.commitment_fee,
        f1_0.created_at,
        f1_0.currency_code,
        f1_0.facility_code,
        f1_0.facility_name,
        f1_0.interest_rate,
        f1_0.interest_rate_type,
        f1_0.limit_amount,
        f1_0.maturity_date,
        f1_0.penalty_fee,
        f1_0.provision_fee,
        f1_0.purpose_of_loan,
        f1_0.repayment_type,
        f1_0.revolving_status,
        f1_0.tenor_months,
        f1_0.updated_at 
    from
        facility f1_0 
    where
        f1_0.application_id=?
2026-04-10T16:13:59.968+07:00 DEBUG 16436 --- [ulos] [           main] org.hibernate.SQL                        : 
    select
        c1_0.application_id,
        c1_0.id,
        c1_0.appraisal_date,
        c1_0.appraiser_name,
        c1_0.bankable_value,
        c1_0.collateral_id,
        c1_0.collateral_type,
        c1_0.created_at,
        c1_0.insurance_coverage_value,
        c1_0.insurance_expiry_date,
        c1_0.insurance_name,
        c1_0.legal_document_expiry_date,
        c1_0.legal_document_info,
        c1_0.liquidation_value,
        c1_0.location_address,
        c1_0.margin_of_advance_percentage,
        c1_0.market_value,
        c1_0.owner_name,
        c1_0.updated_at 
    from
        collateral c1_0 
    where
        c1_0.application_id=?
2026-04-10T16:14:00.021+07:00 DEBUG 16436 --- [ulos] [           main] org.hibernate.SQL                        : 
    select
        are1_0.rule_id,
        are1_0.action_routing,
        are1_0.active_flag,
        are1_0.base_approver,
        are1_0.board_approver,
        are1_0.committee_approver,
        are1_0.condition_expression,
        are1_0.created_at,
        are1_0.escalated_approver,
        are1_0.justification_required,
        are1_0.message_template,
        are1_0.metric_key,
        are1_0.operator_key,
        are1_0.rule_name,
        are1_0.rule_type,
        are1_0.threshold_value,
        are1_0.updated_at 
    from
        approval_rule are1_0 
    where
        are1_0.active_flag 
    order by
        are1_0.rule_id
2026-04-10T16:14:00.027+07:00 DEBUG 16436 --- [ulos] [           main] org.hibernate.SQL                        : 
    select
        rh1_0.application_id,
        rh1_0.id,
        rh1_0.action_routing,
        rh1_0.actual_value,
        rh1_0.created_at,
        rh1_0.justification_required,
        rh1_0.message_text,
        rh1_0.metric_key,
        rh1_0.operator_key,
        rh1_0.rule_id,
        rh1_0.rule_name,
        rh1_0.rule_type,
        rh1_0.threshold_value,
        rh1_0.updated_at 
    from
        application_rule_hit rh1_0 
    where
        rh1_0.application_id=?
2026-04-10T16:14:00.071+07:00 DEBUG 16436 --- [ulos] [           main] org.hibernate.SQL                        : 
    insert 
    into
        application_rule_hit
        (action_routing, actual_value, application_id, created_at, justification_required, message_text, metric_key, operator_key, rule_id, rule_name, rule_type, threshold_value, updated_at) 
    values
        (?, ?, ?, ?, ?, ?, ?, ?, ?, ?, ?, ?, ?)
2026-04-10T16:14:00.140+07:00 DEBUG 16436 --- [ulos] [nio-8081-exec-1] org.hibernate.SQL                        : 
    select
        aue1_0.id,
        aue1_0.active_flag,
        aue1_0.created_at,
        aue1_0.email,
        aue1_0.full_name,
        aue1_0.password_hash,
        aue1_0.updated_at,
        aue1_0.username 
    from
        app_user aue1_0 
    where
        aue1_0.username=?
2026-04-10T16:14:00.332+07:00 DEBUG 16436 --- [ulos] [           main] org.hibernate.SQL                        : 
    insert 
    into
        application_approval_history
        (actor, application_id, created_at, decided_at, decision, notes, stage, updated_at) 
    values
        (?, ?, ?, ?, ?, ?, ?, ?)
2026-04-10T16:14:00.390+07:00 DEBUG 16436 --- [ulos] [           main] org.hibernate.SQL                        : 
    update
        credit_application 
    set
        application_date=?,
        application_type=?,
        available_limit=?,
        bi_sector_code=?,
        branch_name=?,
        cbc_name=?,
        collateral_coverage=?,
        core_capital_bank=?,
        created_at=?,
        created_by=?,
        current_approval_tier=?,
        current_ratio=?,
        customer_cif=?,
        debt_to_equity_ratio=?,
        esg_green_status=?,
        existing_exposure_group=?,
        group_relationship_status=?,
        industry_outlook=?,
        justification_note=?,
        max_lending_limit_percentage=?,
        process_instance_id=?,
        proposed_exposure=?,
        region_name=?,
        rm_username=?,
        sub_sector_description=?,
        updated_at=?,
        workflow_status=? 
    where
        application_id=?
2026-04-10T16:14:00.402+07:00 DEBUG 16436 --- [ulos] [           main] org.hibernate.SQL                        : 
    select
        cae1_0.application_id,
        cae1_0.application_date,
        cae1_0.application_type,
        cae1_0.available_limit,
        cae1_0.bi_sector_code,
        cae1_0.branch_name,
        cae1_0.cbc_name,
        cae1_0.collateral_coverage,
        cae1_0.core_capital_bank,
        cae1_0.created_at,
        cae1_0.created_by,
        cae1_0.current_approval_tier,
        cae1_0.current_ratio,
        cae1_0.customer_cif,
        cae1_0.debt_to_equity_ratio,
        cae1_0.esg_green_status,
        cae1_0.existing_exposure_group,
        cae1_0.group_relationship_status,
        cae1_0.industry_outlook,
        cae1_0.justification_note,
        cae1_0.max_lending_limit_percentage,
        cae1_0.process_instance_id,
        cae1_0.proposed_exposure,
        cae1_0.region_name,
        cae1_0.rm_username,
        cae1_0.sub_sector_description,
        cae1_0.updated_at,
        cae1_0.workflow_status 
    from
        credit_application cae1_0 
    where
        cae1_0.process_instance_id=?
2026-04-10T16:14:00.487+07:00 DEBUG 16436 --- [ulos] [nio-8081-exec-1] m.m.a.RequestResponseBodyMethodProcessor : Using 'application/json', given [*/*] and supported [application/json, application/*+json]
2026-04-10T16:14:00.488+07:00 DEBUG 16436 --- [ulos] [           main] org.hibernate.SQL                        : 
    select
        bme1_0.id,
        bme1_0.active_flag,
        bme1_0.bpmn_xml,
        bme1_0.change_summary,
        bme1_0.created_at,
        bme1_0.deployed_by,
        bme1_0.deployment_id,
        bme1_0.process_definition_id,
        bme1_0.process_key,
        bme1_0.process_name,
        bme1_0.resource_name,
        bme1_0.updated_at,
        bme1_0.version_no 
    from
        bpmn_model bme1_0 
    where
        bme1_0.process_key=? 
    order by
        bme1_0.version_no desc 
    limit
        ?
2026-04-10T16:14:00.501+07:00 DEBUG 16436 --- [ulos] [nio-8081-exec-1] m.m.a.RequestResponseBodyMethodProcessor : Writing [LoginResponse[accessToken=eyJhbGciOiJIUzM4NCJ9.eyJzdWIiOiJhZG1pbiIsInJvbGVzIjpbIkFETUlOIiwiV09SS0ZMT (truncated)...]
2026-04-10T16:14:00.508+07:00 DEBUG 16436 --- [ulos] [           main] org.hibernate.SQL                        : 
    insert 
    into
        bpmn_model
        (active_flag, bpmn_xml, change_summary, created_at, deployed_by, deployment_id, process_definition_id, process_key, process_name, resource_name, updated_at, version_no) 
    values
        (?, ?, ?, ?, ?, ?, ?, ?, ?, ?, ?, ?)
2026-04-10T16:14:00.520+07:00 DEBUG 16436 --- [ulos] [nio-8081-exec-1] o.s.web.servlet.DispatcherServlet        : Completed 200 OK
2026-04-10T16:14:00.525+07:00 DEBUG 16436 --- [ulos] [           main] org.hibernate.SQL                        : 
    select
        bme1_0.id,
        bme1_0.active_flag,
        bme1_0.bpmn_xml,
        bme1_0.change_summary,
        bme1_0.created_at,
        bme1_0.deployed_by,
        bme1_0.deployment_id,
        bme1_0.process_definition_id,
        bme1_0.process_key,
        bme1_0.process_name,
        bme1_0.resource_name,
        bme1_0.updated_at,
        bme1_0.version_no 
    from
        bpmn_model bme1_0 
    where
        bme1_0.process_key=? 
    order by
        bme1_0.version_no desc 
    limit
        ?
2026-04-10T16:14:00.534+07:00 DEBUG 16436 --- [ulos] [           main] org.hibernate.SQL                        : 
    insert 
    into
        bpmn_model
        (active_flag, bpmn_xml, change_summary, created_at, deployed_by, deployment_id, process_definition_id, process_key, process_name, resource_name, updated_at, version_no) 
    values
        (?, ?, ?, ?, ?, ?, ?, ?, ?, ?, ?, ?)
2026-04-10T16:14:00.552+07:00 DEBUG 16436 --- [ulos] [           main] o.s.b.a.ApplicationAvailabilityBean      : Application availability state ReadinessState changed to ACCEPTING_TRAFFIC
2026-04-10T16:14:39.217+07:00 DEBUG 16436 --- [ulos] [nio-8081-exec-3] o.s.web.servlet.DispatcherServlet        : POST "/api/auth/login", parameters={}
2026-04-10T16:14:39.217+07:00 DEBUG 16436 --- [ulos] [nio-8081-exec-3] s.w.s.m.m.a.RequestMappingHandlerMapping : Mapped to com.enterprise.ulos.los.controller.AuthController#login(LoginRequest)
2026-04-10T16:14:39.217+07:00 DEBUG 16436 --- [ulos] [nio-8081-exec-3] m.m.a.RequestResponseBodyMethodProcessor : Read "application/json;charset=UTF-8" to [LoginRequest[username=admin, password=admin123]]
2026-04-10T16:14:39.235+07:00 DEBUG 16436 --- [ulos] [nio-8081-exec-3] org.hibernate.SQL                        : 
    select
        aue1_0.id,
        aue1_0.active_flag,
        aue1_0.created_at,
        aue1_0.email,
        aue1_0.full_name,
        aue1_0.password_hash,
        aue1_0.updated_at,
        aue1_0.username 
    from
        app_user aue1_0 
    where
        aue1_0.username=?
2026-04-10T16:14:39.235+07:00 DEBUG 16436 --- [ulos] [nio-8081-exec-3] org.hibernate.SQL                        : 
    select
        r1_0.user_id,
        r1_1.id,
        r1_1.code,
        r1_1.created_at,
        r1_1.description,
        r1_1.name,
        r1_1.updated_at 
    from
        app_user_role r1_0 
    join
        app_role r1_1 
            on r1_1.id=r1_0.role_id 
    where
        r1_0.user_id=?
2026-04-10T16:14:39.502+07:00 DEBUG 16436 --- [ulos] [nio-8081-exec-3] org.hibernate.SQL                        : 
    select
        aue1_0.id,
        aue1_0.active_flag,
        aue1_0.created_at,
        aue1_0.email,
        aue1_0.full_name,
        aue1_0.password_hash,
        aue1_0.updated_at,
        aue1_0.username 
    from
        app_user aue1_0 
    where
        aue1_0.username=?
2026-04-10T16:14:39.517+07:00 DEBUG 16436 --- [ulos] [nio-8081-exec-3] m.m.a.RequestResponseBodyMethodProcessor : Using 'application/json', given [*/*] and supported [application/json, application/*+json]
2026-04-10T16:14:39.517+07:00 DEBUG 16436 --- [ulos] [nio-8081-exec-3] m.m.a.RequestResponseBodyMethodProcessor : Writing [LoginResponse[accessToken=eyJhbGciOiJIUzM4NCJ9.eyJzdWIiOiJhZG1pbiIsInJvbGVzIjpbIkFETUlOIiwiV09SS0ZMT (truncated)...]
2026-04-10T16:14:39.517+07:00 DEBUG 16436 --- [ulos] [nio-8081-exec-3] o.s.web.servlet.DispatcherServlet        : Completed 200 OK
2026-04-10T16:15:07.563+07:00 DEBUG 16436 --- [ulos] [nio-8081-exec-5] o.s.web.servlet.DispatcherServlet        : POST "/api/auth/login", parameters={}
2026-04-10T16:15:07.563+07:00 DEBUG 16436 --- [ulos] [nio-8081-exec-6] o.s.web.servlet.DispatcherServlet        : POST "/api/auth/login", parameters={}
2026-04-10T16:15:07.564+07:00 DEBUG 16436 --- [ulos] [nio-8081-exec-5] s.w.s.m.m.a.RequestMappingHandlerMapping : Mapped to com.enterprise.ulos.los.controller.AuthController#login(LoginRequest)
2026-04-10T16:15:07.568+07:00 DEBUG 16436 --- [ulos] [nio-8081-exec-6] s.w.s.m.m.a.RequestMappingHandlerMapping : Mapped to com.enterprise.ulos.los.controller.AuthController#login(LoginRequest)
2026-04-10T16:15:07.572+07:00 DEBUG 16436 --- [ulos] [nio-8081-exec-5] m.m.a.RequestResponseBodyMethodProcessor : Read "application/json;charset=UTF-8" to [LoginRequest[username=admin, password=admin123]]
2026-04-10T16:15:07.572+07:00 DEBUG 16436 --- [ulos] [nio-8081-exec-6] m.m.a.RequestResponseBodyMethodProcessor : Read "application/json;charset=UTF-8" to [LoginRequest[username=admin, password=admin123]]
2026-04-10T16:15:07.576+07:00 DEBUG 16436 --- [ulos] [nio-8081-exec-5] org.hibernate.SQL                        : 
    select
        aue1_0.id,
        aue1_0.active_flag,
        aue1_0.created_at,
        aue1_0.email,
        aue1_0.full_name,
        aue1_0.password_hash,
        aue1_0.updated_at,
        aue1_0.username 
    from
        app_user aue1_0 
    where
        aue1_0.username=?
2026-04-10T16:15:07.579+07:00 DEBUG 16436 --- [ulos] [nio-8081-exec-5] org.hibernate.SQL                        : 
    select
        r1_0.user_id,
        r1_1.id,
        r1_1.code,
        r1_1.created_at,
        r1_1.description,
        r1_1.name,
        r1_1.updated_at 
    from
        app_user_role r1_0 
    join
        app_role r1_1 
            on r1_1.id=r1_0.role_id 
    where
        r1_0.user_id=?
2026-04-10T16:15:07.579+07:00 DEBUG 16436 --- [ulos] [nio-8081-exec-6] org.hibernate.SQL                        : 
    select
        aue1_0.id,
        aue1_0.active_flag,
        aue1_0.created_at,
        aue1_0.email,
        aue1_0.full_name,
        aue1_0.password_hash,
        aue1_0.updated_at,
        aue1_0.username 
    from
        app_user aue1_0 
    where
        aue1_0.username=?
2026-04-10T16:15:07.581+07:00 DEBUG 16436 --- [ulos] [nio-8081-exec-6] org.hibernate.SQL                        : 
    select
        r1_0.user_id,
        r1_1.id,
        r1_1.code,
        r1_1.created_at,
        r1_1.description,
        r1_1.name,
        r1_1.updated_at 
    from
        app_user_role r1_0 
    join
        app_role r1_1 
            on r1_1.id=r1_0.role_id 
    where
        r1_0.user_id=?
2026-04-10T16:15:07.806+07:00 DEBUG 16436 --- [ulos] [nio-8081-exec-5] org.hibernate.SQL                        : 
    select
        aue1_0.id,
        aue1_0.active_flag,
        aue1_0.created_at,
        aue1_0.email,
        aue1_0.full_name,
        aue1_0.password_hash,
        aue1_0.updated_at,
        aue1_0.username 
    from
        app_user aue1_0 
    where
        aue1_0.username=?
2026-04-10T16:15:07.808+07:00 DEBUG 16436 --- [ulos] [nio-8081-exec-6] org.hibernate.SQL                        : 
    select
        aue1_0.id,
        aue1_0.active_flag,
        aue1_0.created_at,
        aue1_0.email,
        aue1_0.full_name,
        aue1_0.password_hash,
        aue1_0.updated_at,
        aue1_0.username 
    from
        app_user aue1_0 
    where
        aue1_0.username=?
2026-04-10T16:15:07.818+07:00 DEBUG 16436 --- [ulos] [nio-8081-exec-5] m.m.a.RequestResponseBodyMethodProcessor : Using 'application/json', given [*/*] and supported [application/json, application/*+json]
2026-04-10T16:15:07.819+07:00 DEBUG 16436 --- [ulos] [nio-8081-exec-5] m.m.a.RequestResponseBodyMethodProcessor : Writing [LoginResponse[accessToken=eyJhbGciOiJIUzM4NCJ9.eyJzdWIiOiJhZG1pbiIsInJvbGVzIjpbIkFETUlOIiwiV09SS0ZMT (truncated)...]
2026-04-10T16:15:07.820+07:00 DEBUG 16436 --- [ulos] [nio-8081-exec-6] m.m.a.RequestResponseBodyMethodProcessor : Using 'application/json', given [*/*] and supported [application/json, application/*+json]
2026-04-10T16:15:07.820+07:00 DEBUG 16436 --- [ulos] [nio-8081-exec-6] m.m.a.RequestResponseBodyMethodProcessor : Writing [LoginResponse[accessToken=eyJhbGciOiJIUzM4NCJ9.eyJzdWIiOiJhZG1pbiIsInJvbGVzIjpbIkFETUlOIiwiV09SS0ZMT (truncated)...]
2026-04-10T16:15:07.821+07:00 DEBUG 16436 --- [ulos] [nio-8081-exec-5] o.s.web.servlet.DispatcherServlet        : Completed 200 OK
2026-04-10T16:15:07.822+07:00 DEBUG 16436 --- [ulos] [nio-8081-exec-6] o.s.web.servlet.DispatcherServlet        : Completed 200 OK
2026-04-10T16:15:08.041+07:00 DEBUG 16436 --- [ulos] [nio-8081-exec-9] o.s.web.servlet.DispatcherServlet        : POST "/api/auth/login", parameters={}
2026-04-10T16:15:08.042+07:00 DEBUG 16436 --- [ulos] [nio-8081-exec-9] s.w.s.m.m.a.RequestMappingHandlerMapping : Mapped to com.enterprise.ulos.los.controller.AuthController#login(LoginRequest)
2026-04-10T16:15:08.043+07:00 DEBUG 16436 --- [ulos] [nio-8081-exec-9] m.m.a.RequestResponseBodyMethodProcessor : Read "application/json;charset=UTF-8" to [LoginRequest[username=admin, password=admin123]]
2026-04-10T16:15:08.046+07:00 DEBUG 16436 --- [ulos] [nio-8081-exec-9] org.hibernate.SQL                        : 
    select
        aue1_0.id,
        aue1_0.active_flag,
        aue1_0.created_at,
        aue1_0.email,
        aue1_0.full_name,
        aue1_0.password_hash,
        aue1_0.updated_at,
        aue1_0.username 
    from
        app_user aue1_0 
    where
        aue1_0.username=?
2026-04-10T16:15:08.050+07:00 DEBUG 16436 --- [ulos] [nio-8081-exec-9] org.hibernate.SQL                        : 
    select
        r1_0.user_id,
        r1_1.id,
        r1_1.code,
        r1_1.created_at,
        r1_1.description,
        r1_1.name,
        r1_1.updated_at 
    from
        app_user_role r1_0 
    join
        app_role r1_1 
            on r1_1.id=r1_0.role_id 
    where
        r1_0.user_id=?
2026-04-10T16:15:08.125+07:00 DEBUG 16436 --- [ulos] [io-8081-exec-10] o.s.web.servlet.DispatcherServlet        : POST "/api/auth/login", parameters={}
2026-04-10T16:15:08.134+07:00 DEBUG 16436 --- [ulos] [io-8081-exec-10] s.w.s.m.m.a.RequestMappingHandlerMapping : Mapped to com.enterprise.ulos.los.controller.AuthController#login(LoginRequest)
2026-04-10T16:15:08.126+07:00 DEBUG 16436 --- [ulos] [nio-8081-exec-8] org.hibernate.SQL                        : 
    select
        aue1_0.id,
        aue1_0.active_flag,
        aue1_0.created_at,
        aue1_0.email,
        aue1_0.full_name,
        aue1_0.password_hash,
        aue1_0.updated_at,
        aue1_0.username 
    from
        app_user aue1_0 
    where
        aue1_0.username=?
2026-04-10T16:15:08.137+07:00 DEBUG 16436 --- [ulos] [io-8081-exec-10] m.m.a.RequestResponseBodyMethodProcessor : Read "application/json;charset=UTF-8" to [LoginRequest[username=admin, password=admin123]]
2026-04-10T16:15:08.126+07:00 DEBUG 16436 --- [ulos] [nio-8081-exec-7] org.hibernate.SQL                        : 
    select
        aue1_0.id,
        aue1_0.active_flag,
        aue1_0.created_at,
        aue1_0.email,
        aue1_0.full_name,
        aue1_0.password_hash,
        aue1_0.updated_at,
        aue1_0.username 
    from
        app_user aue1_0 
    where
        aue1_0.username=?
2026-04-10T16:15:08.138+07:00 DEBUG 16436 --- [ulos] [nio-8081-exec-8] org.hibernate.SQL                        : 
    select
        r1_0.user_id,
        r1_1.id,
        r1_1.code,
        r1_1.created_at,
        r1_1.description,
        r1_1.name,
        r1_1.updated_at 
    from
        app_user_role r1_0 
    join
        app_role r1_1 
            on r1_1.id=r1_0.role_id 
    where
        r1_0.user_id=?
2026-04-10T16:15:08.141+07:00 DEBUG 16436 --- [ulos] [io-8081-exec-10] org.hibernate.SQL                        : 
    select
        aue1_0.id,
        aue1_0.active_flag,
        aue1_0.created_at,
        aue1_0.email,
        aue1_0.full_name,
        aue1_0.password_hash,
        aue1_0.updated_at,
        aue1_0.username 
    from
        app_user aue1_0 
    where
        aue1_0.username=?
2026-04-10T16:15:08.144+07:00 DEBUG 16436 --- [ulos] [io-8081-exec-10] org.hibernate.SQL                        : 
    select
        r1_0.user_id,
        r1_1.id,
        r1_1.code,
        r1_1.created_at,
        r1_1.description,
        r1_1.name,
        r1_1.updated_at 
    from
        app_user_role r1_0 
    join
        app_role r1_1 
            on r1_1.id=r1_0.role_id 
    where
        r1_0.user_id=?
2026-04-10T16:15:08.144+07:00 DEBUG 16436 --- [ulos] [nio-8081-exec-8] o.s.web.servlet.DispatcherServlet        : GET "/api/dashboard/summary", parameters={}
2026-04-10T16:15:08.145+07:00 DEBUG 16436 --- [ulos] [nio-8081-exec-8] s.w.s.m.m.a.RequestMappingHandlerMapping : Mapped to com.enterprise.ulos.los.controller.DashboardController#summary()
2026-04-10T16:15:08.144+07:00 DEBUG 16436 --- [ulos] [nio-8081-exec-7] org.hibernate.SQL                        : 
    select
        r1_0.user_id,
        r1_1.id,
        r1_1.code,
        r1_1.created_at,
        r1_1.description,
        r1_1.name,
        r1_1.updated_at 
    from
        app_user_role r1_0 
    join
        app_role r1_1 
            on r1_1.id=r1_0.role_id 
    where
        r1_0.user_id=?
2026-04-10T16:15:08.178+07:00 DEBUG 16436 --- [ulos] [nio-8081-exec-7] o.s.web.servlet.DispatcherServlet        : GET "/api/customers", parameters={}
2026-04-10T16:15:08.179+07:00 DEBUG 16436 --- [ulos] [nio-8081-exec-7] s.w.s.m.m.a.RequestMappingHandlerMapping : Mapped to com.enterprise.ulos.los.controller.CustomerPortfolioController#list()
2026-04-10T16:15:08.222+07:00 DEBUG 16436 --- [ulos] [nio-8081-exec-7] org.hibernate.SQL                        : 
    select
        cpe1_0.cif_number,
        cpe1_0.business_license,
        cpe1_0.company_name,
        cpe1_0.company_type,
        cpe1_0.created_at,
        cpe1_0.date_of_establishment,
        cpe1_0.factory_address,
        cpe1_0.office_address,
        cpe1_0.place_of_establishment,
        cpe1_0.tax_id,
        cpe1_0.updated_at 
    from
        customer_portfolio cpe1_0
2026-04-10T16:15:08.230+07:00 DEBUG 16436 --- [ulos] [nio-8081-exec-7] m.m.a.RequestResponseBodyMethodProcessor : Using 'application/json', given [*/*] and supported [application/json, application/*+json]
2026-04-10T16:15:08.232+07:00 DEBUG 16436 --- [ulos] [nio-8081-exec-7] m.m.a.RequestResponseBodyMethodProcessor : Writing [[CustomerSummaryResponse[cifNumber=CIF-ENT-001, companyName=PT Meridian Alloy Indonesia, companyType (truncated)...]
2026-04-10T16:15:08.236+07:00 DEBUG 16436 --- [ulos] [nio-8081-exec-7] o.s.web.servlet.DispatcherServlet        : Completed 200 OK
2026-04-10T16:15:08.268+07:00 DEBUG 16436 --- [ulos] [nio-8081-exec-8] org.hibernate.SQL                        : 
    select
        cae1_0.application_id,
        cae1_0.application_date,
        cae1_0.application_type,
        cae1_0.available_limit,
        cae1_0.bi_sector_code,
        cae1_0.branch_name,
        cae1_0.cbc_name,
        cae1_0.collateral_coverage,
        cae1_0.core_capital_bank,
        cae1_0.created_at,
        cae1_0.created_by,
        cae1_0.current_approval_tier,
        cae1_0.current_ratio,
        cae1_0.customer_cif,
        cae1_0.debt_to_equity_ratio,
        cae1_0.esg_green_status,
        cae1_0.existing_exposure_group,
        cae1_0.group_relationship_status,
        cae1_0.industry_outlook,
        cae1_0.justification_note,
        cae1_0.max_lending_limit_percentage,
        cae1_0.process_instance_id,
        cae1_0.proposed_exposure,
        cae1_0.region_name,
        cae1_0.rm_username,
        cae1_0.sub_sector_description,
        cae1_0.updated_at,
        cae1_0.workflow_status 
    from
        credit_application cae1_0
2026-04-10T16:15:08.274+07:00 DEBUG 16436 --- [ulos] [nio-8081-exec-8] org.hibernate.SQL                        : 
    select
        ti1_0.application_id,
        ti1_0.id,
        ti1_0.created_at,
        ti1_0.document_requirement,
        ti1_0.due_date,
        ti1_0.linked_facility_code,
        ti1_0.pic,
        ti1_0.status,
        ti1_0.tbo_category,
        ti1_0.tbo_id,
        ti1_0.updated_at 
    from
        tbo_item ti1_0 
    where
        ti1_0.application_id=?
2026-04-10T16:15:08.279+07:00 DEBUG 16436 --- [ulos] [nio-8081-exec-8] org.hibernate.SQL                        : 
    select
        cpe1_0.cif_number,
        cpe1_0.business_license,
        cpe1_0.company_name,
        cpe1_0.company_type,
        cpe1_0.created_at,
        cpe1_0.date_of_establishment,
        cpe1_0.factory_address,
        cpe1_0.office_address,
        cpe1_0.place_of_establishment,
        cpe1_0.tax_id,
        cpe1_0.updated_at 
    from
        customer_portfolio cpe1_0
2026-04-10T16:15:08.288+07:00 DEBUG 16436 --- [ulos] [nio-8081-exec-8] m.m.a.RequestResponseBodyMethodProcessor : Using 'application/json', given [*/*] and supported [application/json, application/*+json]
2026-04-10T16:15:08.297+07:00 DEBUG 16436 --- [ulos] [nio-8081-exec-8] m.m.a.RequestResponseBodyMethodProcessor : Writing [DashboardSummaryResponse[totalCustomers=1, totalApplications=1, draftApplications=0, inReviewApplica (truncated)...]
2026-04-10T16:15:08.305+07:00 DEBUG 16436 --- [ulos] [nio-8081-exec-8] o.s.web.servlet.DispatcherServlet        : Completed 200 OK
2026-04-10T16:15:08.410+07:00 DEBUG 16436 --- [ulos] [nio-8081-exec-9] org.hibernate.SQL                        : 
    select
        aue1_0.id,
        aue1_0.active_flag,
        aue1_0.created_at,
        aue1_0.email,
        aue1_0.full_name,
        aue1_0.password_hash,
        aue1_0.updated_at,
        aue1_0.username 
    from
        app_user aue1_0 
    where
        aue1_0.username=?
2026-04-10T16:15:08.420+07:00 DEBUG 16436 --- [ulos] [nio-8081-exec-9] m.m.a.RequestResponseBodyMethodProcessor : Using 'application/json', given [*/*] and supported [application/json, application/*+json]
2026-04-10T16:15:08.421+07:00 DEBUG 16436 --- [ulos] [nio-8081-exec-9] m.m.a.RequestResponseBodyMethodProcessor : Writing [LoginResponse[accessToken=eyJhbGciOiJIUzM4NCJ9.eyJzdWIiOiJhZG1pbiIsInJvbGVzIjpbIkFETUlOIiwiV09SS0ZMT (truncated)...]
2026-04-10T16:15:08.425+07:00 DEBUG 16436 --- [ulos] [nio-8081-exec-9] o.s.web.servlet.DispatcherServlet        : Completed 200 OK
2026-04-10T16:15:08.451+07:00 DEBUG 16436 --- [ulos] [io-8081-exec-10] org.hibernate.SQL                        : 
    select
        aue1_0.id,
        aue1_0.active_flag,
        aue1_0.created_at,
        aue1_0.email,
        aue1_0.full_name,
        aue1_0.password_hash,
        aue1_0.updated_at,
        aue1_0.username 
    from
        app_user aue1_0 
    where
        aue1_0.username=?
2026-04-10T16:15:08.456+07:00 DEBUG 16436 --- [ulos] [io-8081-exec-10] m.m.a.RequestResponseBodyMethodProcessor : Using 'application/json', given [*/*] and supported [application/json, application/*+json]
2026-04-10T16:15:08.457+07:00 DEBUG 16436 --- [ulos] [io-8081-exec-10] m.m.a.RequestResponseBodyMethodProcessor : Writing [LoginResponse[accessToken=eyJhbGciOiJIUzM4NCJ9.eyJzdWIiOiJhZG1pbiIsInJvbGVzIjpbIkFETUlOIiwiV09SS0ZMT (truncated)...]
2026-04-10T16:15:08.459+07:00 DEBUG 16436 --- [ulos] [io-8081-exec-10] o.s.web.servlet.DispatcherServlet        : Completed 200 OK
2026-04-10T16:15:08.672+07:00 DEBUG 16436 --- [ulos] [nio-8081-exec-3] org.hibernate.SQL                        : 
    select
        aue1_0.id,
        aue1_0.active_flag,
        aue1_0.created_at,
        aue1_0.email,
        aue1_0.full_name,
        aue1_0.password_hash,
        aue1_0.updated_at,
        aue1_0.username 
    from
        app_user aue1_0 
    where
        aue1_0.username=?
2026-04-10T16:15:08.678+07:00 DEBUG 16436 --- [ulos] [nio-8081-exec-4] org.hibernate.SQL                        : 
    select
        aue1_0.id,
        aue1_0.active_flag,
        aue1_0.created_at,
        aue1_0.email,
        aue1_0.full_name,
        aue1_0.password_hash,
        aue1_0.updated_at,
        aue1_0.username 
    from
        app_user aue1_0 
    where
        aue1_0.username=?
2026-04-10T16:15:08.680+07:00 DEBUG 16436 --- [ulos] [nio-8081-exec-3] org.hibernate.SQL                        : 
    select
        r1_0.user_id,
        r1_1.id,
        r1_1.code,
        r1_1.created_at,
        r1_1.description,
        r1_1.name,
        r1_1.updated_at 
    from
        app_user_role r1_0 
    join
        app_role r1_1 
            on r1_1.id=r1_0.role_id 
    where
        r1_0.user_id=?
2026-04-10T16:15:08.680+07:00 DEBUG 16436 --- [ulos] [nio-8081-exec-4] org.hibernate.SQL                        : 
    select
        r1_0.user_id,
        r1_1.id,
        r1_1.code,
        r1_1.created_at,
        r1_1.description,
        r1_1.name,
        r1_1.updated_at 
    from
        app_user_role r1_0 
    join
        app_role r1_1 
            on r1_1.id=r1_0.role_id 
    where
        r1_0.user_id=?
2026-04-10T16:15:08.685+07:00 DEBUG 16436 --- [ulos] [nio-8081-exec-3] o.s.web.servlet.DispatcherServlet        : GET "/api/applications", parameters={}
2026-04-10T16:15:08.687+07:00 DEBUG 16436 --- [ulos] [nio-8081-exec-3] s.w.s.m.m.a.RequestMappingHandlerMapping : Mapped to com.enterprise.ulos.los.controller.CreditApplicationController#list()
2026-04-10T16:15:08.691+07:00 DEBUG 16436 --- [ulos] [nio-8081-exec-3] org.hibernate.SQL                        : 
    select
        cae1_0.application_id,
        cae1_0.application_date,
        cae1_0.application_type,
        cae1_0.available_limit,
        cae1_0.bi_sector_code,
        cae1_0.branch_name,
        cae1_0.cbc_name,
        cae1_0.collateral_coverage,
        cae1_0.core_capital_bank,
        cae1_0.created_at,
        cae1_0.created_by,
        cae1_0.current_approval_tier,
        cae1_0.current_ratio,
        cae1_0.customer_cif,
        cae1_0.debt_to_equity_ratio,
        cae1_0.esg_green_status,
        cae1_0.existing_exposure_group,
        cae1_0.group_relationship_status,
        cae1_0.industry_outlook,
        cae1_0.justification_note,
        cae1_0.max_lending_limit_percentage,
        cae1_0.process_instance_id,
        cae1_0.proposed_exposure,
        cae1_0.region_name,
        cae1_0.rm_username,
        cae1_0.sub_sector_description,
        cae1_0.updated_at,
        cae1_0.workflow_status 
    from
        credit_application cae1_0
2026-04-10T16:15:08.693+07:00 DEBUG 16436 --- [ulos] [nio-8081-exec-4] o.s.web.servlet.DispatcherServlet        : GET "/api/users", parameters={}
2026-04-10T16:15:08.694+07:00 DEBUG 16436 --- [ulos] [nio-8081-exec-4] s.w.s.m.m.a.RequestMappingHandlerMapping : Mapped to com.enterprise.ulos.los.controller.UserManagementController#listUsers()
2026-04-10T16:15:08.694+07:00 DEBUG 16436 --- [ulos] [nio-8081-exec-3] org.hibernate.SQL                        : 
    select
        cpe1_0.cif_number,
        cpe1_0.business_license,
        cpe1_0.company_name,
        cpe1_0.company_type,
        cpe1_0.created_at,
        cpe1_0.date_of_establishment,
        cpe1_0.factory_address,
        cpe1_0.office_address,
        cpe1_0.place_of_establishment,
        cpe1_0.tax_id,
        cpe1_0.updated_at 
    from
        customer_portfolio cpe1_0 
    where
        cpe1_0.cif_number=?
2026-04-10T16:15:08.699+07:00 DEBUG 16436 --- [ulos] [nio-8081-exec-3] org.hibernate.SQL                        : 
    select
        fs1_0.customer_cif,
        fs1_0.id,
        fs1_0.accounts_payable,
        fs1_0.accounts_receivable,
        as1_0.id,
        as1_0.ap_days,
        as1_0.ar_days,
        as1_0.cash_conversion_cycle,
        as1_0.created_at,
        as1_0.current_ratio,
        as1_0.debt_to_equity_ratio,
        as1_0.financial_statement_id,
        as1_0.gross_profit_margin,
        as1_0.interest_coverage_ratio,
        as1_0.inventory_days,
        as1_0.net_profit_margin,
        as1_0.quick_ratio,
        as1_0.return_on_assets,
        as1_0.return_on_equity,
        as1_0.updated_at,
        fs1_0.audit_status,
        fs1_0.auditor_name,
        fs1_0.cash,
        fs1_0.cogs,
        fs1_0.consolidated_flag,
        fs1_0.created_at,
        fs1_0.ebitda,
        fs1_0.fixed_assets,
        fs1_0.gross_profit,
        fs1_0.group_holding_name,
        fs1_0.intercompany_elimination,
        fs1_0.interest_expense,
        fs1_0.inventory,
        fs1_0.long_term_loan,
        fs1_0.net_income,
        fs1_0.operating_expenses,
        fs1_0.period_label,
        fs1_0.sales_revenue,
        fs1_0.short_term_loan,
        fs1_0.statement_id,
        fs1_0.total_equity,
        fs1_0.updated_at 
    from
        financial_statement fs1_0 
    left join
        financial_analysis_snapshot as1_0 
            on fs1_0.id=as1_0.financial_statement_id 
    where
        fs1_0.customer_cif=?
2026-04-10T16:15:08.702+07:00 DEBUG 16436 --- [ulos] [nio-8081-exec-4] org.hibernate.SQL                        : 
    select
        aue1_0.id,
        aue1_0.active_flag,
        aue1_0.created_at,
        aue1_0.email,
        aue1_0.full_name,
        aue1_0.password_hash,
        aue1_0.updated_at,
        aue1_0.username 
    from
        app_user aue1_0
2026-04-10T16:15:08.705+07:00 DEBUG 16436 --- [ulos] [nio-8081-exec-3] org.hibernate.SQL                        : 
    select
        f1_0.application_id,
        f1_0.id,
        f1_0.admin_fee,
        f1_0.commitment_fee,
        f1_0.created_at,
        f1_0.currency_code,
        f1_0.facility_code,
        f1_0.facility_name,
        f1_0.interest_rate,
        f1_0.interest_rate_type,
        f1_0.limit_amount,
        f1_0.maturity_date,
        f1_0.penalty_fee,
        f1_0.provision_fee,
        f1_0.purpose_of_loan,
        f1_0.repayment_type,
        f1_0.revolving_status,
        f1_0.tenor_months,
        f1_0.updated_at 
    from
        facility f1_0 
    where
        f1_0.application_id=?
2026-04-10T16:15:08.706+07:00 DEBUG 16436 --- [ulos] [nio-8081-exec-4] org.hibernate.SQL                        : 
    select
        r1_0.user_id,
        r1_1.id,
        r1_1.code,
        r1_1.created_at,
        r1_1.description,
        r1_1.name,
        r1_1.updated_at 
    from
        app_user_role r1_0 
    join
        app_role r1_1 
            on r1_1.id=r1_0.role_id 
    where
        r1_0.user_id=?
2026-04-10T16:15:08.708+07:00 DEBUG 16436 --- [ulos] [nio-8081-exec-4] org.hibernate.SQL                        : 
    select
        r1_0.user_id,
        r1_1.id,
        r1_1.code,
        r1_1.created_at,
        r1_1.description,
        r1_1.name,
        r1_1.updated_at 
    from
        app_user_role r1_0 
    join
        app_role r1_1 
            on r1_1.id=r1_0.role_id 
    where
        r1_0.user_id=?
2026-04-10T16:15:08.709+07:00 DEBUG 16436 --- [ulos] [nio-8081-exec-3] org.hibernate.SQL                        : 
    select
        c1_0.application_id,
        c1_0.id,
        c1_0.appraisal_date,
        c1_0.appraiser_name,
        c1_0.bankable_value,
        c1_0.collateral_id,
        c1_0.collateral_type,
        c1_0.created_at,
        c1_0.insurance_coverage_value,
        c1_0.insurance_expiry_date,
        c1_0.insurance_name,
        c1_0.legal_document_expiry_date,
        c1_0.legal_document_info,
        c1_0.liquidation_value,
        c1_0.location_address,
        c1_0.margin_of_advance_percentage,
        c1_0.market_value,
        c1_0.owner_name,
        c1_0.updated_at 
    from
        collateral c1_0 
    where
        c1_0.application_id=?
2026-04-10T16:15:08.710+07:00 DEBUG 16436 --- [ulos] [nio-8081-exec-4] org.hibernate.SQL                        : 
    select
        r1_0.user_id,
        r1_1.id,
        r1_1.code,
        r1_1.created_at,
        r1_1.description,
        r1_1.name,
        r1_1.updated_at 
    from
        app_user_role r1_0 
    join
        app_role r1_1 
            on r1_1.id=r1_0.role_id 
    where
        r1_0.user_id=?
2026-04-10T16:15:08.712+07:00 DEBUG 16436 --- [ulos] [nio-8081-exec-3] org.hibernate.SQL                        : 
    select
        lfc1_0.collateral_id,
        lfc1_0.facility_code 
    from
        collateral_facility_link lfc1_0 
    where
        lfc1_0.collateral_id=?
2026-04-10T16:15:08.712+07:00 DEBUG 16436 --- [ulos] [nio-8081-exec-4] org.hibernate.SQL                        : 
    select
        r1_0.user_id,
        r1_1.id,
        r1_1.code,
        r1_1.created_at,
        r1_1.description,
        r1_1.name,
        r1_1.updated_at 
    from
        app_user_role r1_0 
    join
        app_role r1_1 
            on r1_1.id=r1_0.role_id 
    where
        r1_0.user_id=?
2026-04-10T16:15:08.714+07:00 DEBUG 16436 --- [ulos] [nio-8081-exec-4] org.hibernate.SQL                        : 
    select
        r1_0.user_id,
        r1_1.id,
        r1_1.code,
        r1_1.created_at,
        r1_1.description,
        r1_1.name,
        r1_1.updated_at 
    from
        app_user_role r1_0 
    join
        app_role r1_1 
            on r1_1.id=r1_0.role_id 
    where
        r1_0.user_id=?
2026-04-10T16:15:08.714+07:00 DEBUG 16436 --- [ulos] [nio-8081-exec-3] org.hibernate.SQL                        : 
    select
        ti1_0.application_id,
        ti1_0.id,
        ti1_0.created_at,
        ti1_0.document_requirement,
        ti1_0.due_date,
        ti1_0.linked_facility_code,
        ti1_0.pic,
        ti1_0.status,
        ti1_0.tbo_category,
        ti1_0.tbo_id,
        ti1_0.updated_at 
    from
        tbo_item ti1_0 
    where
        ti1_0.application_id=?
2026-04-10T16:15:08.717+07:00 DEBUG 16436 --- [ulos] [nio-8081-exec-4] org.hibernate.SQL                        : 
    select
        r1_0.user_id,
        r1_1.id,
        r1_1.code,
        r1_1.created_at,
        r1_1.description,
        r1_1.name,
        r1_1.updated_at 
    from
        app_user_role r1_0 
    join
        app_role r1_1 
            on r1_1.id=r1_0.role_id 
    where
        r1_0.user_id=?
2026-04-10T16:15:08.719+07:00 DEBUG 16436 --- [ulos] [nio-8081-exec-3] org.hibernate.SQL                        : 
    select
        c1_0.application_id,
        c1_0.id,
        c1_0.covenant_id,
        c1_0.covenant_type,
        c1_0.created_at,
        c1_0.description_text,
        c1_0.measurement_date,
        c1_0.penalty_details,
        c1_0.status,
        c1_0.testing_frequency,
        c1_0.updated_at 
    from
        covenant_item c1_0 
    where
        c1_0.application_id=?
2026-04-10T16:15:08.720+07:00 DEBUG 16436 --- [ulos] [nio-8081-exec-4] org.hibernate.SQL                        : 
    select
        r1_0.user_id,
        r1_1.id,
        r1_1.code,
        r1_1.created_at,
        r1_1.description,
        r1_1.name,
        r1_1.updated_at 
    from
        app_user_role r1_0 
    join
        app_role r1_1 
            on r1_1.id=r1_0.role_id 
    where
        r1_0.user_id=?
2026-04-10T16:15:08.722+07:00 DEBUG 16436 --- [ulos] [nio-8081-exec-4] org.hibernate.SQL                        : 
    select
        r1_0.user_id,
        r1_1.id,
        r1_1.code,
        r1_1.created_at,
        r1_1.description,
        r1_1.name,
        r1_1.updated_at 
    from
        app_user_role r1_0 
    join
        app_role r1_1 
            on r1_1.id=r1_0.role_id 
    where
        r1_0.user_id=?
2026-04-10T16:15:08.723+07:00 DEBUG 16436 --- [ulos] [nio-8081-exec-3] org.hibernate.SQL                        : 
    select
        rh1_0.application_id,
        rh1_0.id,
        rh1_0.action_routing,
        rh1_0.actual_value,
        rh1_0.created_at,
        rh1_0.justification_required,
        rh1_0.message_text,
        rh1_0.metric_key,
        rh1_0.operator_key,
        rh1_0.rule_id,
        rh1_0.rule_name,
        rh1_0.rule_type,
        rh1_0.threshold_value,
        rh1_0.updated_at 
    from
        application_rule_hit rh1_0 
    where
        rh1_0.application_id=?
2026-04-10T16:15:08.727+07:00 DEBUG 16436 --- [ulos] [nio-8081-exec-4] m.m.a.RequestResponseBodyMethodProcessor : Using 'application/json', given [*/*] and supported [application/json, application/*+json]
2026-04-10T16:15:08.728+07:00 DEBUG 16436 --- [ulos] [nio-8081-exec-3] org.hibernate.SQL                        : 
    select
        ah1_0.application_id,
        ah1_0.id,
        ah1_0.actor,
        ah1_0.created_at,
        ah1_0.decided_at,
        ah1_0.decision,
        ah1_0.notes,
        ah1_0.stage,
        ah1_0.updated_at 
    from
        application_approval_history ah1_0 
    where
        ah1_0.application_id=?
2026-04-10T16:15:08.728+07:00 DEBUG 16436 --- [ulos] [nio-8081-exec-4] m.m.a.RequestResponseBodyMethodProcessor : Writing [[UserProfileResponse[id=1, username=admin, fullName=System Administrator, email=admin@ulos.local, ac (truncated)...]
2026-04-10T16:15:08.732+07:00 DEBUG 16436 --- [ulos] [nio-8081-exec-4] o.s.web.servlet.DispatcherServlet        : Completed 200 OK
2026-04-10T16:15:08.734+07:00 DEBUG 16436 --- [ulos] [nio-8081-exec-3] m.m.a.RequestResponseBodyMethodProcessor : Using 'application/json', given [*/*] and supported [application/json, application/*+json]
2026-04-10T16:15:08.795+07:00 DEBUG 16436 --- [ulos] [nio-8081-exec-3] m.m.a.RequestResponseBodyMethodProcessor : Writing [[CreditApplicationResponse[applicationId=APP-ENT-001, applicationDate=2026-04-10, applicationType=NE (truncated)...]
2026-04-10T16:15:08.827+07:00 DEBUG 16436 --- [ulos] [nio-8081-exec-3] o.s.web.servlet.DispatcherServlet        : Completed 200 OK
2026-04-10T16:15:39.239+07:00 DEBUG 16436 --- [ulos] [nio-8081-exec-7] o.s.web.servlet.DispatcherServlet        : POST "/api/auth/login", parameters={}
2026-04-10T16:15:39.248+07:00 DEBUG 16436 --- [ulos] [nio-8081-exec-7] s.w.s.m.m.a.RequestMappingHandlerMapping : Mapped to com.enterprise.ulos.los.controller.AuthController#login(LoginRequest)
2026-04-10T16:15:39.251+07:00 DEBUG 16436 --- [ulos] [nio-8081-exec-7] m.m.a.RequestResponseBodyMethodProcessor : Read "application/json;charset=UTF-8" to [LoginRequest[username=admin, password=admin123]]
2026-04-10T16:15:39.255+07:00 DEBUG 16436 --- [ulos] [nio-8081-exec-7] org.hibernate.SQL                        : 
    select
        aue1_0.id,
        aue1_0.active_flag,
        aue1_0.created_at,
        aue1_0.email,
        aue1_0.full_name,
        aue1_0.password_hash,
        aue1_0.updated_at,
        aue1_0.username 
    from
        app_user aue1_0 
    where
        aue1_0.username=?
2026-04-10T16:15:39.256+07:00 DEBUG 16436 --- [ulos] [nio-8081-exec-7] org.hibernate.SQL                        : 
    select
        r1_0.user_id,
        r1_1.id,
        r1_1.code,
        r1_1.created_at,
        r1_1.description,
        r1_1.name,
        r1_1.updated_at 
    from
        app_user_role r1_0 
    join
        app_role r1_1 
            on r1_1.id=r1_0.role_id 
    where
        r1_0.user_id=?
2026-04-10T16:15:39.441+07:00 DEBUG 16436 --- [ulos] [nio-8081-exec-8] o.s.web.servlet.DispatcherServlet        : POST "/api/auth/login", parameters={}
2026-04-10T16:15:39.448+07:00 DEBUG 16436 --- [ulos] [nio-8081-exec-8] s.w.s.m.m.a.RequestMappingHandlerMapping : Mapped to com.enterprise.ulos.los.controller.AuthController#login(LoginRequest)
2026-04-10T16:15:39.451+07:00 DEBUG 16436 --- [ulos] [nio-8081-exec-8] m.m.a.RequestResponseBodyMethodProcessor : Read "application/json;charset=UTF-8" to [LoginRequest[username=analyst.user, password=analyst123]]
2026-04-10T16:15:39.454+07:00 DEBUG 16436 --- [ulos] [nio-8081-exec-8] org.hibernate.SQL                        : 
    select
        aue1_0.id,
        aue1_0.active_flag,
        aue1_0.created_at,
        aue1_0.email,
        aue1_0.full_name,
        aue1_0.password_hash,
        aue1_0.updated_at,
        aue1_0.username 
    from
        app_user aue1_0 
    where
        aue1_0.username=?
2026-04-10T16:15:39.456+07:00 DEBUG 16436 --- [ulos] [nio-8081-exec-8] org.hibernate.SQL                        : 
    select
        r1_0.user_id,
        r1_1.id,
        r1_1.code,
        r1_1.created_at,
        r1_1.description,
        r1_1.name,
        r1_1.updated_at 
    from
        app_user_role r1_0 
    join
        app_role r1_1 
            on r1_1.id=r1_0.role_id 
    where
        r1_0.user_id=?
2026-04-10T16:15:39.474+07:00 DEBUG 16436 --- [ulos] [nio-8081-exec-7] org.hibernate.SQL                        : 
    select
        aue1_0.id,
        aue1_0.active_flag,
        aue1_0.created_at,
        aue1_0.email,
        aue1_0.full_name,
        aue1_0.password_hash,
        aue1_0.updated_at,
        aue1_0.username 
    from
        app_user aue1_0 
    where
        aue1_0.username=?
2026-04-10T16:15:39.480+07:00 DEBUG 16436 --- [ulos] [nio-8081-exec-7] m.m.a.RequestResponseBodyMethodProcessor : Using 'application/json', given [*/*] and supported [application/json, application/*+json]
2026-04-10T16:15:39.481+07:00 DEBUG 16436 --- [ulos] [nio-8081-exec-7] m.m.a.RequestResponseBodyMethodProcessor : Writing [LoginResponse[accessToken=eyJhbGciOiJIUzM4NCJ9.eyJzdWIiOiJhZG1pbiIsInJvbGVzIjpbIkFETUlOIiwiV09SS0ZMT (truncated)...]
2026-04-10T16:15:39.484+07:00 DEBUG 16436 --- [ulos] [nio-8081-exec-7] o.s.web.servlet.DispatcherServlet        : Completed 200 OK
2026-04-10T16:15:39.684+07:00 DEBUG 16436 --- [ulos] [nio-8081-exec-1] org.hibernate.SQL                        : 
    select
        aue1_0.id,
        aue1_0.active_flag,
        aue1_0.created_at,
        aue1_0.email,
        aue1_0.full_name,
        aue1_0.password_hash,
        aue1_0.updated_at,
        aue1_0.username 
    from
        app_user aue1_0 
    where
        aue1_0.username=?
2026-04-10T16:15:39.686+07:00 DEBUG 16436 --- [ulos] [nio-8081-exec-1] org.hibernate.SQL                        : 
    select
        r1_0.user_id,
        r1_1.id,
        r1_1.code,
        r1_1.created_at,
        r1_1.description,
        r1_1.name,
        r1_1.updated_at 
    from
        app_user_role r1_0 
    join
        app_role r1_1 
            on r1_1.id=r1_0.role_id 
    where
        r1_0.user_id=?
2026-04-10T16:15:39.690+07:00 DEBUG 16436 --- [ulos] [nio-8081-exec-1] o.s.web.servlet.DispatcherServlet        : GET "/api/bpmn", parameters={}
2026-04-10T16:15:39.691+07:00 DEBUG 16436 --- [ulos] [nio-8081-exec-1] s.w.s.m.m.a.RequestMappingHandlerMapping : Mapped to com.enterprise.ulos.controller.BpmnController#listVersions()
2026-04-10T16:15:39.697+07:00 DEBUG 16436 --- [ulos] [nio-8081-exec-1] org.hibernate.SQL                        : 
    select
        bme1_0.id,
        bme1_0.active_flag,
        bme1_0.bpmn_xml,
        bme1_0.change_summary,
        bme1_0.created_at,
        bme1_0.deployed_by,
        bme1_0.deployment_id,
        bme1_0.process_definition_id,
        bme1_0.process_key,
        bme1_0.process_name,
        bme1_0.resource_name,
        bme1_0.updated_at,
        bme1_0.version_no 
    from
        bpmn_model bme1_0 
    order by
        bme1_0.process_key,
        bme1_0.version_no desc
2026-04-10T16:15:39.705+07:00 DEBUG 16436 --- [ulos] [nio-8081-exec-1] m.m.a.RequestResponseBodyMethodProcessor : Using 'application/json', given [*/*] and supported [application/json, application/*+json]
2026-04-10T16:15:39.707+07:00 DEBUG 16436 --- [ulos] [nio-8081-exec-1] m.m.a.RequestResponseBodyMethodProcessor : Writing [[BpmnVersionResponse[id=1, processKey=corporateCreditApproval, processName=Corporate Credit Approval (truncated)...]
2026-04-10T16:15:39.710+07:00 DEBUG 16436 --- [ulos] [nio-8081-exec-8] org.hibernate.SQL                        : 
    select
        aue1_0.id,
        aue1_0.active_flag,
        aue1_0.created_at,
        aue1_0.email,
        aue1_0.full_name,
        aue1_0.password_hash,
        aue1_0.updated_at,
        aue1_0.username 
    from
        app_user aue1_0 
    where
        aue1_0.username=?
2026-04-10T16:15:39.711+07:00 DEBUG 16436 --- [ulos] [nio-8081-exec-1] o.s.web.servlet.DispatcherServlet        : Completed 200 OK
2026-04-10T16:15:39.716+07:00 DEBUG 16436 --- [ulos] [nio-8081-exec-8] m.m.a.RequestResponseBodyMethodProcessor : Using 'application/json', given [*/*] and supported [application/json, application/*+json]
2026-04-10T16:15:39.717+07:00 DEBUG 16436 --- [ulos] [nio-8081-exec-8] m.m.a.RequestResponseBodyMethodProcessor : Writing [LoginResponse[accessToken=eyJhbGciOiJIUzM4NCJ9.eyJzdWIiOiJhbmFseXN0LnVzZXIiLCJyb2xlcyI6WyJBTkFMWVNUI (truncated)...]
2026-04-10T16:15:39.721+07:00 DEBUG 16436 --- [ulos] [nio-8081-exec-8] o.s.web.servlet.DispatcherServlet        : Completed 200 OK
2026-04-10T16:15:39.909+07:00 DEBUG 16436 --- [ulos] [io-8081-exec-10] org.hibernate.SQL                        : 
    select
        aue1_0.id,
        aue1_0.active_flag,
        aue1_0.created_at,
        aue1_0.email,
        aue1_0.full_name,
        aue1_0.password_hash,
        aue1_0.updated_at,
        aue1_0.username 
    from
        app_user aue1_0 
    where
        aue1_0.username=?
2026-04-10T16:15:39.917+07:00 DEBUG 16436 --- [ulos] [io-8081-exec-10] org.hibernate.SQL                        : 
    select
        r1_0.user_id,
        r1_1.id,
        r1_1.code,
        r1_1.created_at,
        r1_1.description,
        r1_1.name,
        r1_1.updated_at 
    from
        app_user_role r1_0 
    join
        app_role r1_1 
            on r1_1.id=r1_0.role_id 
    where
        r1_0.user_id=?
2026-04-10T16:15:39.921+07:00 DEBUG 16436 --- [ulos] [io-8081-exec-10] o.s.web.servlet.DispatcherServlet        : GET "/api/approvals/tasks", parameters={}
2026-04-10T16:15:39.922+07:00 DEBUG 16436 --- [ulos] [io-8081-exec-10] s.w.s.m.m.a.RequestMappingHandlerMapping : Mapped to com.enterprise.ulos.los.controller.ApprovalInboxController#tasks()
2026-04-10T16:15:39.935+07:00 DEBUG 16436 --- [ulos] [io-8081-exec-10] org.hibernate.SQL                        : 
    select
        cae1_0.application_id,
        cae1_0.application_date,
        cae1_0.application_type,
        cae1_0.available_limit,
        cae1_0.bi_sector_code,
        cae1_0.branch_name,
        cae1_0.cbc_name,
        cae1_0.collateral_coverage,
        cae1_0.core_capital_bank,
        cae1_0.created_at,
        cae1_0.created_by,
        cae1_0.current_approval_tier,
        cae1_0.current_ratio,
        cae1_0.customer_cif,
        cae1_0.debt_to_equity_ratio,
        cae1_0.esg_green_status,
        cae1_0.existing_exposure_group,
        cae1_0.group_relationship_status,
        cae1_0.industry_outlook,
        cae1_0.justification_note,
        cae1_0.max_lending_limit_percentage,
        cae1_0.process_instance_id,
        cae1_0.proposed_exposure,
        cae1_0.region_name,
        cae1_0.rm_username,
        cae1_0.sub_sector_description,
        cae1_0.updated_at,
        cae1_0.workflow_status 
    from
        credit_application cae1_0 
    where
        cae1_0.process_instance_id=?
2026-04-10T16:15:39.939+07:00 DEBUG 16436 --- [ulos] [io-8081-exec-10] org.hibernate.SQL                        : 
    select
        cpe1_0.cif_number,
        cpe1_0.business_license,
        cpe1_0.company_name,
        cpe1_0.company_type,
        cpe1_0.created_at,
        cpe1_0.date_of_establishment,
        cpe1_0.factory_address,
        cpe1_0.office_address,
        cpe1_0.place_of_establishment,
        cpe1_0.tax_id,
        cpe1_0.updated_at 
    from
        customer_portfolio cpe1_0 
    where
        cpe1_0.cif_number=?
2026-04-10T16:15:39.943+07:00 DEBUG 16436 --- [ulos] [io-8081-exec-10] m.m.a.RequestResponseBodyMethodProcessor : Using 'application/json', given [*/*] and supported [application/json, application/*+json]
2026-04-10T16:15:39.954+07:00 DEBUG 16436 --- [ulos] [io-8081-exec-10] m.m.a.RequestResponseBodyMethodProcessor : Writing [[ApprovalTaskResponse[taskId=9c62a6a8-34bd-11f1-8606-fa59716603d2, taskDefinitionKey=analystReviewTa (truncated)...]
2026-04-10T16:15:39.957+07:00 DEBUG 16436 --- [ulos] [io-8081-exec-10] o.s.web.servlet.DispatcherServlet        : Completed 200 OK
[INFO] ------------------------------------------------------------------------
[INFO] BUILD FAILURE
[INFO] ------------------------------------------------------------------------
[INFO] Total time:  03:28 min
[INFO] Finished at: 2026-04-10T16:16:20+07:00
[INFO] ------------------------------------------------------------------------
[ERROR] Failed to execute goal org.springframework.boot:spring-boot-maven-plugin:3.3.5:run (default-cli) on project ulos: Process terminated with exit code: -1 -> [Help 1]
[ERROR] 
[ERROR] To see the full stack trace of the errors, re-run Maven with the -e switch.
[ERROR] Re-run Maven using the -X switch to enable full debug logging.
[ERROR] 
[ERROR] For more information about the errors and possible solutions, please read the following articles:
[ERROR] [Help 1] http://cwiki.apache.org/confluence/display/MAVEN/MojoExecutionException
